Product,SKU,Supplier Code,Brand,Supplier,Type,Tag,May 2012,Jun 2012,Jul 2012,Aug 2012,Sep 2012,Oct 2012,Nov 2012,Dec 2012,Jan 2013,Feb 2013,Mar 2013,Apr 2013,May 2013,Jun 2013,Jul 2013,Aug 2013,Sep 2013,Oct 2013,Nov 2013,Dec 2013,Jan 2014,Feb 2014,Mar 2014,Apr 2014,May 2014,Jun 2014,Jul 2014,Aug 2014,Sep 2014,Oct 2014,Nov 2014,Dec 2014,Jan 2015,Feb 2015,Mar 2015,Apr 2015,May 2015,Jun 2015,Jul 2015,Aug 2015,Sep 2015,Oct 2015,Nov 2015,Dec 2015,Revenue,Cost of Goods,Gross Profit,Margin,Tax
Quinoa ( white ) - organic / 454g,106900,,"Eden Foods, Inc.",Hv,Grains,,0.000000,0.000000,0.000000,0.000000,0.000000,0.000000,0.000000,155.700000,882.300000,1349.400000,1141.800000,934.200000,830.400000,0.000000,0.000000,0.000000,3626.760000,2194.500000,4504.500000,808.500000,984.000000,82.000000,3055.000000,2864.000000,4707.000000,1230.000000,2682.000000,2542.000000,10107.800000,5847.000000,5840.700000,5103.400000,828.000000,0.000000,0.000000,0.000000,0.000000,0.000000,0.000000,0.000000,0.000000,0.000000,0.000000,0.000000,62300.960000,51333.740000,10967.220000,0.176036,0.000000
Chicken Breasts / 1kg,ChickenBreasts,,NGS,Butcher,Fresh poultry,,0.000000,0.000000,0.000000,0.000000,0.000000,0.000000,0.000000,426.240000,1231.360000,1847.040000,2604.800000,1515.520000,2225.920000,2131.200000,947.200000,1562.880000,1894.400000,1657.600000,1799.680000,1326.080000,1562.880000,1515.520000,1704.960000,2135.680000,1728.000000,3648.000000,2856.000000,4200.000000,4760.000000,4368.000000,4760.000000,3528.000000,1400.000000,0.000000,0.000000,0.000000,0.000000,0.000000,0.000000,0.000000,0.000000,0.000000,0.000000,0.000000,59336.960000,45182.000000,14154.960000,0.238552,0.000000
Chicken breast - frozen,80001,,,Butcher,Poultry,Frozen,0.000000,0.000000,0.000000,0.000000,0.000000,0.000000,0.000000,0.000000,0.000000,0.000000,0.000000,0.000000,0.000000,0.000000,0.000000,0.000000,0.000000,0.000000,0.000000,0.000000,0.000000,0.000000,0.000000,0.000000,0.000000,0.000000,0.000000,0.000000,0.000000,0.000000,0.000000,0.000000,0.000000,0.000000,0.000000,56.000000,10976.000000,3862.427350,1789.000000,4686.945289,5240.381685,7792.745465,7767.317151,506.171086,42676.988027,30614.840000,12062.148027,0.282638,0.000000
Whole Chicken / 1kg,WholeChicken,,NGS,Butcher,Fresh poultry,,0.000000,0.000000,0.000000,0.000000,0.000000,0.000000,0.000000,149.500000,1345.500000,2152.800000,1046.500000,1554.800000,2362.100000,1046.500000,1435.200000,568.100000,2780.700000,1046.500000,1704.300000,2481.700000,1913.600000,1823.900000,1196.000000,1435.200000,1239.600000,1920.000000,1260.000000,1800.000000,2016.000000,2160.000000,1932.000000,1890.000000,420.000000,0.000000,0.000000,0.000000,0.000000,0.000000,0.000000,0.000000,0.000000,0.000000,0.000000,0.000000,40680.500000,31340.300000,9340.200000,0.229599,0.000000
Coconut oil (organic) - for cooking,101001,,,Divine coconut,Oil,"Super food, Weight loss, Oil",0.000000,0.000000,0.000000,0.000000,0.000000,0.000000,0.000000,0.000000,0.000000,0.000000,0.000000,0.000000,0.000000,0.000000,0.000000,0.000000,0.000000,0.000000,0.000000,0.000000,0.000000,0.000000,0.000000,0.000000,0.000000,0.000000,0.000000,0.000000,0.000000,0.000000,0.000000,0.000000,0.000000,0.000000,0.000000,592.000000,9916.000000,2560.400000,2205.505155,4417.800000,3537.665409,4277.338577,8850.907080,287.477927,36645.094147,28000.000000,8645.094147,0.235914,0.000000
Whole chicken (frozen),80005,,,Butcher,Poultry,Frozen,0.000000,0.000000,0.000000,0.000000,0.000000,0.000000,0.000000,0.000000,0.000000,0.000000,0.000000,0.000000,0.000000,0.000000,0.000000,0.000000,0.000000,0.000000,0.000000,0.000000,0.000000,0.000000,0.000000,0.000000,0.000000,0.000000,0.000000,0.000000,0.000000,0.000000,0.000000,0.000000,0.000000,0.000000,0.000000,0.000000,6132.000000,2977.500000,1260.000000,1620.000000,1980.000000,4080.421348,2629.084098,180.000000,20859.005446,14604.530000,6254.475446,0.299845,0.000000
Beef mince - no fat (chemical free) - frozen,151006,,,El rancho,Beef,"Frozen, Chemical free, Beef",0.000000,0.000000,0.000000,0.000000,0.000000,0.000000,0.000000,0.000000,0.000000,0.000000,0.000000,0.000000,0.000000,0.000000,0.000000,0.000000,0.000000,0.000000,0.000000,0.000000,0.000000,0.000000,0.000000,0.000000,0.000000,0.000000,0.000000,0.000000,0.000000,0.000000,0.000000,0.000000,0.000000,0.000000,0.000000,0.000000,5684.000000,3491.400000,2589.730653,3038.000000,1550.000000,973.594969,2503.863746,229.697125,20060.286492,14042.150000,6018.136492,0.300003,0.000000
Inside Cairo delivery fee,InsideCairodeliveryfee,,Freight,Freight,Delivery,,0.000000,0.000000,0.000000,0.000000,0.000000,0.000000,0.000000,280.000000,990.000000,1140.000000,1240.000000,1110.000000,1250.000000,1270.000000,650.000000,410.000000,1139.000000,820.000000,800.000000,708.761412,730.000000,640.000000,720.000000,900.000000,1360.000000,1570.000000,480.000000,0.000000,0.000000,0.000000,0.000000,0.000000,0.000000,0.000000,0.000000,0.000000,0.000000,0.000000,0.000000,0.000000,0.000000,0.000000,0.000000,0.000000,18207.761412,2200.000000,16007.761412,0.879172,0.000000
Cairo above 150 L.E orders,Cairoabove150LEorders,,Freight,Freight,General,,0.000000,0.000000,0.000000,0.000000,0.000000,0.000000,0.000000,0.000000,0.000000,0.000000,0.000000,0.000000,0.000000,0.000000,0.000000,0.000000,0.000000,0.000000,0.000000,0.000000,0.000000,0.000000,0.000000,0.000000,0.000000,0.000000,0.000000,0.000000,0.000000,0.000000,0.000000,0.000000,0.000000,0.000000,0.000000,185.000000,4660.000000,2082.624782,980.424870,2020.670198,1848.049762,2586.345982,2991.765426,129.424184,17484.305205,0.000000,17484.305205,1.000000,0.000000
Salmon steak (frozen),451001,,,Red Coral,Sea Food,Frozen,0.000000,0.000000,0.000000,0.000000,0.000000,0.000000,0.000000,0.000000,0.000000,0.000000,0.000000,0.000000,0.000000,0.000000,0.000000,0.000000,0.000000,0.000000,0.000000,0.000000,0.000000,0.000000,0.000000,0.000000,0.000000,0.000000,0.000000,0.000000,0.000000,0.000000,0.000000,0.000000,0.000000,0.000000,0.000000,0.000000,3038.000000,1556.200000,1364.000000,1588.043537,2963.600000,2759.000000,3388.875700,124.000000,16781.719237,11000.000000,5781.719237,0.344525,0.000000
Beef fillet (chemical free) - frozen,151003,,,El rancho,Beef,"Frozen, Chemical free, Beef",0.000000,0.000000,0.000000,0.000000,0.000000,0.000000,0.000000,0.000000,0.000000,0.000000,0.000000,0.000000,0.000000,0.000000,0.000000,0.000000,0.000000,0.000000,0.000000,0.000000,0.000000,0.000000,0.000000,0.000000,0.000000,0.000000,0.000000,0.000000,0.000000,0.000000,0.000000,0.000000,0.000000,0.000000,0.000000,178.800000,2342.600000,1587.600000,2916.361809,1640.310680,1862.000000,2833.115336,1625.576253,392.000000,15378.364078,11408.290000,3970.074078,0.258160,0.000000
Maple syrup (organic),281102,,,Hv,Sweeteners,"Organic, Sweeteners",0.000000,0.000000,0.000000,0.000000,0.000000,0.000000,0.000000,0.000000,0.000000,0.000000,0.000000,0.000000,0.000000,0.000000,0.000000,0.000000,0.000000,0.000000,0.000000,0.000000,0.000000,0.000000,0.000000,0.000000,0.000000,0.000000,0.000000,0.000000,0.000000,0.000000,0.000000,0.000000,0.000000,0.000000,0.000000,96.000000,4416.000000,1896.500474,278.597938,1536.000000,1056.000000,1905.600000,1769.074793,0.000000,12953.773205,9690.000000,3263.773205,0.251955,0.000000
Bench press oats with apple and cinnamon ( with whey protein ),221001,,,Good life,Cereal,High performance,0.000000,0.000000,0.000000,0.000000,0.000000,0.000000,0.000000,0.000000,0.000000,0.000000,0.000000,0.000000,0.000000,0.000000,0.000000,0.000000,0.000000,0.000000,0.000000,0.000000,0.000000,0.000000,0.000000,0.000000,0.000000,0.000000,0.000000,0.000000,0.000000,0.000000,0.000000,0.000000,0.000000,0.000000,0.000000,96.000000,4021.120000,5845.440000,1762.399594,915.000000,312.000000,0.000000,0.000000,0.000000,12951.959594,7935.480000,5016.479594,0.387314,0.000000
Avocado,Avocado,,Kheir Misr,Rafic,Fresh fruits,,0.000000,0.000000,0.000000,0.000000,0.000000,0.000000,0.000000,346.500000,885.500000,808.500000,1155.000000,654.500000,1273.660000,1073.280000,336.710000,519.720000,996.130000,563.030000,822.890000,341.115673,389.790000,308.240000,405.000000,630.000000,540.000000,0.000000,0.000000,0.000000,0.000000,0.000000,0.000000,0.000000,0.000000,0.000000,0.000000,0.000000,0.000000,0.000000,0.000000,0.000000,0.000000,0.000000,0.000000,0.000000,12049.565673,10095.110000,1954.455673,0.162201,0.000000
Balady Whole Chicken(chemical free) / Default,BaladyWholeChicken(Chemicalfree),,,Tabiey,Poultry,"Frozen, Chemical free",0.000000,0.000000,0.000000,0.000000,0.000000,0.000000,0.000000,0.000000,0.000000,0.000000,0.000000,0.000000,0.000000,0.000000,0.000000,0.000000,0.000000,0.000000,0.000000,0.000000,0.000000,0.000000,0.000000,0.000000,0.000000,0.000000,0.000000,0.000000,0.000000,0.000000,0.000000,0.000000,0.000000,0.000000,0.000000,0.000000,1850.000000,-50.000000,850.000000,2100.000000,2740.943396,2200.000000,1880.229340,280.319489,11851.492225,9520.000000,2331.492225,0.196726,0.000000
Cairo,Cairo,,Freight,Freight,General,,0.000000,0.000000,0.000000,0.000000,0.000000,0.000000,0.000000,0.000000,0.000000,0.000000,0.000000,0.000000,0.000000,0.000000,0.000000,0.000000,0.000000,0.000000,0.000000,0.000000,0.000000,0.000000,0.000000,0.000000,0.000000,0.000000,0.000000,0.000000,0.000000,0.000000,0.000000,0.000000,0.000000,0.000000,0.000000,90.000000,2445.000000,1050.000000,705.000000,987.374904,1698.236995,1903.656250,2165.138042,120.000000,11164.406192,0.000000,11164.406192,1.000000,0.000000
Balady eggs (organic),461002,,,Sara nour,Eggs,"Organic, Eggs",0.000000,0.000000,0.000000,0.000000,0.000000,0.000000,0.000000,0.000000,0.000000,0.000000,0.000000,0.000000,0.000000,0.000000,0.000000,0.000000,0.000000,0.000000,0.000000,0.000000,0.000000,0.000000,0.000000,0.000000,0.000000,0.000000,0.000000,0.000000,0.000000,0.000000,0.000000,0.000000,0.000000,0.000000,0.000000,44.000000,2024.000000,1658.000000,648.000000,1272.000000,1296.000000,1776.000000,2019.300135,48.000000,10785.300135,8085.000000,2700.300135,0.250369,0.000000
Beef cubes (chemical free) - frozen,151001,,,El rancho,Beef,"Frozen, Chemical free, Beef",0.000000,0.000000,0.000000,0.000000,0.000000,0.000000,0.000000,0.000000,0.000000,0.000000,0.000000,0.000000,0.000000,0.000000,0.000000,0.000000,0.000000,0.000000,0.000000,0.000000,0.000000,0.000000,0.000000,0.000000,0.000000,0.000000,0.000000,0.000000,0.000000,0.000000,0.000000,0.000000,0.000000,0.000000,0.000000,0.000000,2494.000000,2790.000000,429.175097,682.000000,1736.000000,868.000000,1642.134626,111.798083,10753.107807,7779.030000,2974.077807,0.276578,0.000000
Avocados (imported),20002,,,Agrovate,Fruits,Fresh,0.000000,0.000000,0.000000,0.000000,0.000000,0.000000,0.000000,0.000000,0.000000,0.000000,0.000000,0.000000,0.000000,0.000000,0.000000,0.000000,0.000000,0.000000,0.000000,0.000000,0.000000,0.000000,0.000000,0.000000,0.000000,0.000000,0.000000,0.000000,0.000000,0.000000,0.000000,0.000000,0.000000,0.000000,0.000000,0.000000,2640.000000,990.000000,320.000000,1153.000000,1972.000000,1713.832082,1748.572824,68.000000,10605.404906,7516.200000,3089.204906,0.291286,0.000000
Unsweetened almond milk,281046,,,Hv,Non-dairy milk,,0.000000,0.000000,0.000000,0.000000,0.000000,0.000000,0.000000,0.000000,0.000000,0.000000,0.000000,0.000000,0.000000,0.000000,0.000000,0.000000,0.000000,0.000000,0.000000,0.000000,0.000000,0.000000,0.000000,0.000000,0.000000,0.000000,0.000000,0.000000,0.000000,0.000000,0.000000,0.000000,0.000000,0.000000,0.000000,35.000000,3675.000000,3450.000000,831.250000,1289.750000,910.000000,0.000000,0.000000,0.000000,10191.000000,7829.500000,2361.500000,0.231724,0.000000
Avocadoes ( imported ),ImportedAvocadoes,,NGS,Agrovate,Fresh fruits,,0.000000,0.000000,0.000000,0.000000,0.000000,0.000000,0.000000,0.000000,0.000000,0.000000,0.000000,0.000000,0.000000,0.000000,0.000000,0.000000,0.000000,0.000000,0.000000,0.000000,0.000000,0.000000,0.000000,0.000000,259.000000,638.000000,725.000000,1392.000000,1485.300000,1512.000000,2115.000000,1376.000000,240.000000,0.000000,0.000000,0.000000,0.000000,0.000000,0.000000,0.000000,0.000000,0.000000,0.000000,0.000000,9742.300000,7457.800000,2284.500000,0.234493,0.000000
Almond milk ( organic ) / 946ml,065009PacificOrg,,Pacific Natural Foods,Hv,Non-dairy milk,,0.000000,0.000000,0.000000,0.000000,0.000000,0.000000,0.000000,95.700000,1276.000000,638.000000,1276.000000,1307.900000,1467.400000,287.100000,0.000000,0.000000,1905.140000,1008.000000,0.000000,0.000000,67.200000,0.000000,0.000000,0.000000,0.000000,0.000000,0.000000,0.000000,90.400000,0.000000,0.000000,0.000000,0.000000,0.000000,0.000000,0.000000,0.000000,0.000000,0.000000,0.000000,0.000000,0.000000,0.000000,0.000000,9418.840000,7723.400000,1695.440000,0.180005,0.000000
Coconut oil ( Small glass jar ),281015,,,Hv,Oil,"Super food, Weight loss, Oil",0.000000,0.000000,0.000000,0.000000,0.000000,0.000000,0.000000,0.000000,0.000000,0.000000,0.000000,0.000000,0.000000,0.000000,0.000000,0.000000,0.000000,0.000000,0.000000,0.000000,0.000000,0.000000,0.000000,0.000000,0.000000,0.000000,0.000000,0.000000,0.000000,0.000000,0.000000,0.000000,0.000000,0.000000,0.000000,0.000000,472.000000,1080.000000,300.000000,1500.000000,1000.000000,2870.642334,2090.337838,100.000000,9412.980172,7113.000000,2299.980172,0.244341,0.000000
Kale / Default,Kale,,NGS,MAKAR,Fresh vegetables,,0.000000,0.000000,0.000000,0.000000,0.000000,0.000000,0.000000,0.000000,0.000000,0.000000,0.000000,0.000000,0.000000,0.000000,0.000000,0.000000,0.000000,0.000000,0.000000,0.000000,0.000000,0.000000,0.000000,262.500000,1202.500000,988.000000,950.000000,1691.000000,798.000000,1007.000000,915.000000,1221.000000,168.000000,0.000000,0.000000,0.000000,0.000000,0.000000,0.000000,0.000000,0.000000,0.000000,0.000000,0.000000,9203.000000,7140.000000,2063.000000,0.224166,0.000000
Cairo above 150 L.E orders,Cairoabove150LEorders,,Freight,Freight,,,0.000000,0.000000,0.000000,0.000000,0.000000,0.000000,0.000000,0.000000,0.000000,0.000000,0.000000,0.000000,0.000000,0.000000,0.000000,0.000000,0.000000,0.000000,0.000000,0.000000,0.000000,0.000000,0.000000,0.000000,0.000000,0.000000,540.000000,1320.000000,1600.000000,1600.000000,1860.000000,1610.000000,410.000000,0.000000,0.000000,0.000000,0.000000,0.000000,0.000000,0.000000,0.000000,0.000000,0.000000,0.000000,8940.000000,0.000000,8940.000000,1.000000,0.000000
Raw almonds - shelled / 250g,AlmondsRawShelled,,NGS,Auf,Nuts,,0.000000,0.000000,0.000000,0.000000,0.000000,0.000000,0.000000,68.100000,408.600000,295.100000,405.000000,324.000000,297.000000,405.060000,441.900000,88.380000,382.980000,325.680000,420.000000,340.000000,140.000000,140.000000,315.000000,140.000000,282.000000,366.040000,171.060000,342.120000,627.215000,427.650000,521.280000,907.540000,188.100000,0.000000,0.000000,0.000000,0.000000,0.000000,0.000000,0.000000,0.000000,0.000000,0.000000,0.000000,8769.805000,6297.910000,2471.895000,0.281864,0.000000
Beef escalope (chemical free) - frozen,151002,,,El rancho,Beef,"Frozen, Chemical free, Beef",0.000000,0.000000,0.000000,0.000000,0.000000,0.000000,0.000000,0.000000,0.000000,0.000000,0.000000,0.000000,0.000000,0.000000,0.000000,0.000000,0.000000,0.000000,0.000000,0.000000,0.000000,0.000000,0.000000,0.000000,0.000000,0.000000,0.000000,0.000000,0.000000,0.000000,0.000000,0.000000,0.000000,0.000000,0.000000,0.000000,2436.000000,1530.800000,434.000000,0.000000,558.000000,2418.579090,848.552700,359.798083,8585.729874,6402.990000,2182.739874,0.254229,0.000000
Balady eggs ( chemical free ),Eggbaldy,,NGS,Sara nour,Eggs,,0.000000,0.000000,0.000000,0.000000,0.000000,0.000000,0.000000,0.000000,0.000000,0.000000,0.000000,0.000000,0.000000,0.000000,0.000000,0.000000,0.000000,0.000000,0.000000,0.000000,0.000000,42.000000,357.000000,714.000000,882.000000,819.000000,756.000000,483.000000,220.000000,330.000000,1518.000000,1936.000000,242.000000,0.000000,0.000000,0.000000,0.000000,0.000000,0.000000,0.000000,0.000000,0.000000,0.000000,0.000000,8299.000000,6562.000000,1737.000000,0.209302,0.000000
Coconut flour (Organic),281014,,,Hv,Baking products,"Weight loss, gluten free, Vegan, Baking Products",0.000000,0.000000,0.000000,0.000000,0.000000,0.000000,0.000000,0.000000,0.000000,0.000000,0.000000,0.000000,0.000000,0.000000,0.000000,0.000000,0.000000,0.000000,0.000000,0.000000,0.000000,0.000000,0.000000,0.000000,0.000000,0.000000,0.000000,0.000000,0.000000,0.000000,0.000000,0.000000,0.000000,0.000000,0.000000,0.000000,850.000000,892.500000,229.500000,1870.000000,1785.000000,926.778689,1478.636258,0.000000,8032.414946,6154.000000,1878.414946,0.233854,0.000000
Cairo,Cairo,,Freight,Freight,General,,0.000000,0.000000,80.000000,0.000000,0.000000,0.000000,0.000000,0.000000,0.000000,0.000000,0.000000,0.000000,0.000000,0.000000,0.000000,0.000000,0.000000,0.000000,0.000000,0.000000,0.000000,0.000000,0.000000,0.000000,0.000000,0.000000,720.000000,1170.000000,1215.000000,1680.000000,1440.000000,1500.000000,210.000000,0.000000,0.000000,0.000000,0.000000,0.000000,0.000000,0.000000,0.000000,0.000000,0.000000,0.000000,8015.000000,0.000000,8015.000000,1.000000,0.000000
Beef mince (chemical free) - frozen,151007,,,El rancho,Beef,"Frozen, Chemical free, Beef",0.000000,0.000000,0.000000,0.000000,0.000000,0.000000,0.000000,0.000000,0.000000,0.000000,0.000000,0.000000,0.000000,0.000000,0.000000,0.000000,0.000000,0.000000,0.000000,0.000000,0.000000,0.000000,0.000000,0.000000,0.000000,0.000000,0.000000,0.000000,0.000000,0.000000,0.000000,0.000000,0.000000,0.000000,0.000000,0.000000,220.000000,1320.000000,55.000000,1155.000000,1870.000000,1521.110656,1629.712303,220.000000,7990.822958,5699.540000,2291.282958,0.286739,0.000000
Apple cider vinegar ( organic ),281052,,,Hv,Vinegar,Vinegar,0.000000,0.000000,0.000000,0.000000,0.000000,0.000000,0.000000,0.000000,0.000000,0.000000,0.000000,0.000000,0.000000,0.000000,0.000000,0.000000,0.000000,0.000000,0.000000,0.000000,0.000000,0.000000,0.000000,0.000000,0.000000,0.000000,0.000000,0.000000,0.000000,0.000000,0.000000,0.000000,0.000000,0.000000,0.000000,0.000000,1890.000000,560.000000,486.527580,1190.000000,980.000000,1347.961265,1271.987761,240.969290,7967.445895,5643.750000,2323.695895,0.291649,0.000000
Top side steak (chemical free) - frozen,151012,,,El rancho,Beef,"Frozen, Chemical free, Beef",0.000000,0.000000,0.000000,0.000000,0.000000,0.000000,0.000000,0.000000,0.000000,0.000000,0.000000,0.000000,0.000000,0.000000,0.000000,0.000000,0.000000,0.000000,0.000000,0.000000,0.000000,0.000000,0.000000,0.000000,0.000000,0.000000,0.000000,0.000000,0.000000,0.000000,0.000000,0.000000,0.000000,0.000000,0.000000,0.000000,2726.000000,1092.000000,682.000000,310.000000,744.000000,1426.000000,633.385472,0.000000,7613.385472,5472.600000,2140.785472,0.281187,0.000000
Raw honey (organic),461040,,,Sara nour,Honey,"Organic, honey",0.000000,0.000000,0.000000,0.000000,0.000000,0.000000,0.000000,0.000000,0.000000,0.000000,0.000000,0.000000,0.000000,0.000000,0.000000,0.000000,0.000000,0.000000,0.000000,0.000000,0.000000,0.000000,0.000000,0.000000,0.000000,0.000000,0.000000,0.000000,0.000000,0.000000,0.000000,0.000000,0.000000,0.000000,0.000000,0.000000,0.000000,277.100000,384.000000,960.000000,1248.000000,1147.200000,2895.904781,96.000000,7008.204781,5180.000000,1828.204781,0.260866,0.000000
Baby spinach (chemical free),341004,,,MAKAR,Vegetables,"Fresh, Chemical free",0.000000,0.000000,0.000000,0.000000,0.000000,0.000000,0.000000,0.000000,0.000000,0.000000,0.000000,0.000000,0.000000,0.000000,0.000000,0.000000,0.000000,0.000000,0.000000,0.000000,0.000000,0.000000,0.000000,0.000000,0.000000,0.000000,0.000000,0.000000,0.000000,0.000000,0.000000,0.000000,0.000000,0.000000,0.000000,16.000000,928.000000,360.000000,400.000000,1107.882353,1016.000000,1732.869589,1151.448163,56.000000,6768.200104,4255.000000,2513.200104,0.371325,0.000000
Chicken cutlets (Shishtawook) - frozen,80002,,,Butcher,Poultry,Frozen,0.000000,0.000000,0.000000,0.000000,0.000000,0.000000,0.000000,0.000000,0.000000,0.000000,0.000000,0.000000,0.000000,0.000000,0.000000,0.000000,0.000000,0.000000,0.000000,0.000000,0.000000,0.000000,0.000000,0.000000,0.000000,0.000000,0.000000,0.000000,0.000000,0.000000,0.000000,0.000000,0.000000,0.000000,0.000000,0.000000,1674.000000,1346.400000,990.000000,268.000000,201.000000,1139.000000,737.000000,120.814058,6476.214058,4969.100000,1507.114058,0.232715,0.000000
Raw cashew nut / 250g,Cashewnutraw,,NGS,Auf,Nuts,,0.000000,0.000000,0.000000,0.000000,0.000000,0.000000,0.000000,53.200000,239.400000,399.000000,210.000000,280.000000,420.000000,385.000000,385.000000,70.000000,350.000000,175.000000,455.000000,140.000000,187.500000,150.000000,150.000000,75.000000,118.000000,147.000000,67.000000,268.000000,538.500000,402.000000,371.000000,342.000000,76.000000,0.000000,0.000000,0.000000,0.000000,0.000000,0.000000,0.000000,0.000000,0.000000,0.000000,0.000000,6453.600000,4621.950000,1831.650000,0.283818,0.000000
Quinoa (Chemical free) - Local,621001,,,EGY VEGGIE,Grains,"Organic, Whole grain, High performance, super foods",0.000000,0.000000,0.000000,0.000000,0.000000,0.000000,0.000000,0.000000,0.000000,0.000000,0.000000,0.000000,0.000000,0.000000,0.000000,0.000000,0.000000,0.000000,0.000000,0.000000,0.000000,0.000000,0.000000,0.000000,0.000000,0.000000,0.000000,0.000000,0.000000,0.000000,0.000000,0.000000,0.000000,0.000000,0.000000,0.000000,126.000000,1178.520000,336.000000,252.000000,2146.200000,837.000000,1089.000000,357.000000,6321.720000,4860.000000,1461.720000,0.231222,0.000000
Stevia,281043,,,Hv,Sweeteners,"Weight loss, Sweeteners",0.000000,0.000000,0.000000,0.000000,0.000000,0.000000,0.000000,0.000000,0.000000,0.000000,0.000000,0.000000,0.000000,0.000000,0.000000,0.000000,0.000000,0.000000,0.000000,0.000000,0.000000,0.000000,0.000000,0.000000,0.000000,0.000000,0.000000,0.000000,0.000000,0.000000,0.000000,0.000000,0.000000,0.000000,0.000000,0.000000,1260.000000,780.000000,240.000000,960.000000,540.000000,1800.000000,0.000000,325.000000,5905.000000,4461.750000,1443.250000,0.244412,0.000000
Brown rice ( Egyptian ) / 750g,PremiumBrownRice,,Kheir Misr,IMN,Rice,,0.000000,0.000000,0.000000,0.000000,0.000000,0.000000,0.000000,0.000000,208.000000,145.600000,166.400000,72.800000,208.000000,234.650000,98.800000,49.400000,123.500000,37.050000,98.800000,37.050000,111.150000,209.950000,160.550000,148.200000,86.100000,336.000000,432.000000,600.000000,419.000000,441.000000,555.850000,600.000000,191.500000,0.000000,0.000000,0.000000,0.000000,0.000000,0.000000,0.000000,0.000000,0.000000,0.000000,0.000000,5771.350000,4199.990000,1571.360000,0.272269,0.000000
Tomato ( chemical free ),461030,,,Sara nour,Vegetables,"Fresh, Chemical free",0.000000,0.000000,0.000000,0.000000,0.000000,0.000000,0.000000,0.000000,0.000000,0.000000,0.000000,0.000000,0.000000,0.000000,0.000000,0.000000,0.000000,0.000000,0.000000,0.000000,0.000000,0.000000,0.000000,0.000000,0.000000,0.000000,0.000000,0.000000,0.000000,0.000000,0.000000,0.000000,0.000000,0.000000,0.000000,0.000000,1016.250000,297.000000,279.000000,495.000000,581.000000,1181.222460,914.515389,12.000000,4775.987849,2907.540000,1868.447849,0.391217,0.000000
Banana,Banana,,Kheir Misr,Rafic,Fresh vegetables,,0.000000,0.000000,0.000000,0.000000,0.000000,0.000000,0.000000,54.000000,189.000000,243.000000,337.500000,229.500000,435.930000,437.440000,233.900000,226.800000,340.200000,243.000000,421.200000,321.993487,210.600000,145.800000,243.000000,135.500000,246.000000,0.000000,0.000000,0.000000,0.000000,0.000000,0.000000,0.000000,0.000000,0.000000,0.000000,0.000000,0.000000,0.000000,0.000000,0.000000,0.000000,0.000000,0.000000,0.000000,4694.363487,3888.780000,805.583487,0.171607,0.000000
Hamburger (chemical free) - frozen,151010,,,El rancho,Beef,"Frozen, Chemical free, Beef",0.000000,0.000000,0.000000,0.000000,0.000000,0.000000,0.000000,0.000000,0.000000,0.000000,0.000000,0.000000,0.000000,0.000000,0.000000,0.000000,0.000000,0.000000,0.000000,0.000000,0.000000,0.000000,0.000000,0.000000,0.000000,0.000000,0.000000,0.000000,0.000000,0.000000,0.000000,0.000000,0.000000,0.000000,0.000000,0.000000,52.000000,0.000000,260.000000,364.000000,1716.000000,1040.000000,1014.440181,187.532268,4633.972450,3098.060000,1535.912450,0.331446,0.000000
Bananas (imported),20005,,,Agrovate,Fruits,Fresh,0.000000,0.000000,0.000000,0.000000,0.000000,0.000000,0.000000,0.000000,0.000000,0.000000,0.000000,0.000000,0.000000,0.000000,0.000000,0.000000,0.000000,0.000000,0.000000,0.000000,0.000000,0.000000,0.000000,0.000000,0.000000,0.000000,0.000000,0.000000,0.000000,0.000000,0.000000,0.000000,0.000000,0.000000,0.000000,0.000000,621.480000,307.520000,242.000000,704.000000,784.750000,1044.129167,889.074743,0.000000,4592.953909,3325.200000,1267.753909,0.276021,0.000000
Kale (chemical free),341021,,,MAKAR,Vegetables,"Chemical free, Greens",0.000000,0.000000,0.000000,0.000000,0.000000,0.000000,0.000000,0.000000,0.000000,0.000000,0.000000,0.000000,0.000000,0.000000,0.000000,0.000000,0.000000,0.000000,0.000000,0.000000,0.000000,0.000000,0.000000,0.000000,0.000000,0.000000,0.000000,0.000000,0.000000,0.000000,0.000000,0.000000,0.000000,0.000000,0.000000,0.000000,567.000000,588.000000,462.000000,1845.934272,286.000000,242.000000,405.410964,0.000000,4396.345237,3030.000000,1366.345237,0.310791,0.000000
Mushroom,6224000090531,,NGS,Souna,Fresh vegetables,,0.000000,0.000000,0.000000,0.000000,0.000000,0.000000,0.000000,12.990000,207.840000,246.810000,454.650000,207.840000,249.510000,212.160000,172.380000,132.600000,198.900000,159.120000,132.600000,119.340000,212.160000,145.860000,185.640000,145.860000,135.820000,207.000000,126.000000,188.100000,333.000000,153.000000,0.000000,0.000000,0.000000,0.000000,0.000000,0.000000,0.000000,0.000000,0.000000,0.000000,0.000000,0.000000,0.000000,0.000000,4339.180000,3468.990000,870.190000,0.200542,0.000000
Yellow carrot ( chemical free ),Organicyellowcarrot,,NGS,Sara nour,Fresh vegetables,,0.000000,0.000000,0.000000,0.000000,0.000000,0.000000,0.000000,0.000000,0.000000,0.000000,0.000000,0.000000,0.000000,0.000000,0.000000,0.000000,0.000000,0.000000,0.000000,0.000000,0.000000,0.000000,0.000000,0.000000,175.000000,247.000000,390.000000,416.000000,585.000000,806.000000,830.000000,490.000000,238.000000,0.000000,0.000000,0.000000,0.000000,0.000000,0.000000,0.000000,0.000000,0.000000,0.000000,0.000000,4177.000000,3127.000000,1050.000000,0.251377,0.000000
Sixth of October,SixthofOctober,,Freight,Freight,General,,0.000000,0.000000,0.000000,0.000000,0.000000,0.000000,0.000000,0.000000,0.000000,0.000000,0.000000,0.000000,0.000000,0.000000,0.000000,0.000000,0.000000,0.000000,0.000000,0.000000,0.000000,0.000000,0.000000,0.000000,0.000000,0.000000,0.000000,0.000000,0.000000,0.000000,0.000000,0.000000,0.000000,0.000000,0.000000,0.000000,665.000000,525.000000,420.000000,296.985294,285.000000,630.000000,947.091787,105.000000,3874.077082,0.000000,3874.077082,1.000000,0.000000
Camel milk (frozen),90001,,,Camel milk,Milk,"Frozen, Chemical free, Milk",0.000000,0.000000,0.000000,0.000000,0.000000,0.000000,0.000000,0.000000,0.000000,0.000000,0.000000,0.000000,0.000000,0.000000,0.000000,0.000000,0.000000,0.000000,0.000000,0.000000,0.000000,0.000000,0.000000,0.000000,0.000000,0.000000,0.000000,0.000000,0.000000,0.000000,0.000000,0.000000,0.000000,0.000000,0.000000,0.000000,1414.000000,980.000000,434.000000,322.000000,285.557252,280.000000,96.643614,56.000000,3868.200866,2577.080000,1291.120866,0.333778,0.000000
Baby spinach,babyspinach,,NGS,MAKAR,Fresh vegetables,,0.000000,0.000000,0.000000,0.000000,0.000000,0.000000,0.000000,0.000000,0.000000,0.000000,0.000000,0.000000,0.000000,0.000000,0.000000,0.000000,0.000000,0.000000,0.000000,0.000000,0.000000,0.000000,0.000000,100.000000,370.000000,399.000000,616.000000,245.000000,580.300000,476.000000,488.000000,464.000000,64.000000,0.000000,0.000000,0.000000,0.000000,0.000000,0.000000,0.000000,0.000000,0.000000,0.000000,0.000000,3802.300000,2666.250000,1136.050000,0.298780,0.000000
Cucumber ( chemical free ),OrganicCucumber,,NGS,Sara nour,Fresh vegetables,,0.000000,0.000000,0.000000,0.000000,0.000000,0.000000,0.000000,0.000000,0.000000,0.000000,0.000000,0.000000,0.000000,0.000000,0.000000,0.000000,0.000000,0.000000,0.000000,0.000000,0.000000,0.000000,87.500000,112.500000,250.000000,296.100000,207.000000,423.000000,555.300000,581.000000,392.000000,371.000000,140.000000,0.000000,0.000000,0.000000,0.000000,0.000000,0.000000,0.000000,0.000000,0.000000,0.000000,0.000000,3415.400000,2703.020000,712.380000,0.208579,0.000000
Tomato ( chemical free ),OrganicTomato,,NGS,Sara nour,Fresh vegetables,,0.000000,0.000000,0.000000,0.000000,0.000000,0.000000,0.000000,0.000000,0.000000,0.000000,0.000000,0.000000,0.000000,0.000000,0.000000,0.000000,0.000000,0.000000,0.000000,0.000000,0.000000,0.000000,112.500000,123.500000,250.000000,203.000000,196.000000,329.000000,544.300000,505.000000,582.000000,414.000000,96.000000,0.000000,0.000000,0.000000,0.000000,0.000000,0.000000,0.000000,0.000000,0.000000,0.000000,0.000000,3355.300000,2492.350000,862.950000,0.257190,0.000000
Zucchini ( chemical free ),Organiczucchini,,NGS,Sara nour,Fresh vegetables,,0.000000,0.000000,0.000000,0.000000,0.000000,0.000000,0.000000,0.000000,0.000000,0.000000,0.000000,0.000000,0.000000,0.000000,0.000000,0.000000,0.000000,0.000000,0.000000,0.000000,0.000000,0.000000,13.000000,130.000000,183.500000,182.000000,224.000000,196.000000,416.000000,580.000000,450.000000,330.000000,198.000000,0.000000,0.000000,0.000000,0.000000,0.000000,0.000000,0.000000,0.000000,0.000000,0.000000,0.000000,2902.500000,2102.500000,800.000000,0.275624,0.000000
Red asparagus (chemical free),341030,,,MAKAR,Vegetables,"Fresh, Chemical free",0.000000,0.000000,0.000000,0.000000,0.000000,0.000000,0.000000,0.000000,0.000000,0.000000,0.000000,0.000000,0.000000,0.000000,0.000000,0.000000,0.000000,0.000000,0.000000,0.000000,0.000000,0.000000,0.000000,0.000000,0.000000,0.000000,0.000000,0.000000,0.000000,0.000000,0.000000,0.000000,0.000000,0.000000,0.000000,0.000000,162.000000,512.000000,352.000000,242.000000,88.000000,1007.690535,440.000000,0.000000,2803.690535,1950.000000,853.690535,0.304488,0.000000
Cucumber (chemical free),461006,,,Sara nour,Vegetables,"Fresh, Organic",0.000000,0.000000,0.000000,0.000000,0.000000,0.000000,0.000000,0.000000,0.000000,0.000000,0.000000,0.000000,0.000000,0.000000,0.000000,0.000000,0.000000,0.000000,0.000000,0.000000,0.000000,0.000000,0.000000,0.000000,0.000000,0.000000,0.000000,0.000000,0.000000,0.000000,0.000000,0.000000,0.000000,0.000000,0.000000,21.000000,567.000000,203.000000,144.300000,279.230769,329.000000,413.000000,801.440246,0.000000,2757.971015,1518.250000,1239.721015,0.449505,0.000000
Sea salt ( potugese ) - fine grind 453g,281037,,,Hv,Spices,Spices,0.000000,0.000000,0.000000,0.000000,0.000000,0.000000,0.000000,0.000000,0.000000,0.000000,0.000000,0.000000,0.000000,0.000000,0.000000,0.000000,0.000000,0.000000,0.000000,0.000000,0.000000,0.000000,0.000000,0.000000,0.000000,0.000000,0.000000,0.000000,0.000000,0.000000,0.000000,0.000000,0.000000,0.000000,0.000000,0.000000,390.000000,258.000000,150.000000,357.183099,150.000000,480.000000,787.129983,88.272553,2660.585635,2015.000000,645.585635,0.242648,0.000000
Baking soda 453g,281003,,,Hv,Baking products,"gluten free, Baking Products",0.000000,0.000000,0.000000,0.000000,0.000000,0.000000,0.000000,0.000000,0.000000,0.000000,0.000000,0.000000,0.000000,0.000000,0.000000,0.000000,0.000000,0.000000,0.000000,0.000000,0.000000,0.000000,0.000000,0.000000,0.000000,0.000000,0.000000,0.000000,0.000000,0.000000,0.000000,0.000000,0.000000,0.000000,0.000000,0.000000,420.000000,300.000000,60.000000,360.000000,450.000000,540.000000,480.000000,0.000000,2610.000000,1947.500000,662.500000,0.253831,0.000000
Brown rice ( Egyptian ),291003,,,IMN,Rice,"Weight loss, Whole grain, Rice",0.000000,0.000000,0.000000,0.000000,0.000000,0.000000,0.000000,0.000000,0.000000,0.000000,0.000000,0.000000,0.000000,0.000000,0.000000,0.000000,0.000000,0.000000,0.000000,0.000000,0.000000,0.000000,0.000000,0.000000,0.000000,0.000000,0.000000,0.000000,0.000000,0.000000,0.000000,0.000000,0.000000,0.000000,0.000000,0.000000,836.000000,377.100000,243.000000,197.726444,279.000000,216.000000,444.098480,0.000000,2592.924923,1834.120000,758.804923,0.292644,0.000000
Cairo delivery fee,Cairodeliveryfee,,Freight,Freight,General,,0.000000,0.000000,630.000000,420.000000,610.000000,680.000000,80.000000,0.000000,0.000000,0.000000,0.000000,0.000000,0.000000,0.000000,0.000000,0.000000,0.000000,0.000000,0.000000,0.000000,0.000000,0.000000,0.000000,0.000000,0.000000,0.000000,0.000000,0.000000,0.000000,0.000000,0.000000,0.000000,0.000000,0.000000,0.000000,0.000000,0.000000,0.000000,0.000000,0.000000,0.000000,0.000000,0.000000,0.000000,2420.000000,0.000000,2420.000000,1.000000,0.000000
Zucchini (chemical free),461033,,,Sara nour,Vegetables,"Fresh, Chemical free",0.000000,0.000000,0.000000,0.000000,0.000000,0.000000,0.000000,0.000000,0.000000,0.000000,0.000000,0.000000,0.000000,0.000000,0.000000,0.000000,0.000000,0.000000,0.000000,0.000000,0.000000,0.000000,0.000000,0.000000,0.000000,0.000000,0.000000,0.000000,0.000000,0.000000,0.000000,0.000000,0.000000,0.000000,0.000000,0.000000,656.000000,210.000000,7.500000,150.000000,330.000000,318.076923,695.681924,16.000000,2383.258847,1582.500000,800.758847,0.335993,0.000000
Colored bell pepper,Coloredcapsicum,,Kheir Misr,Rafic,Fresh vegetables,,0.000000,0.000000,0.000000,0.000000,0.000000,0.000000,0.000000,0.000000,101.470000,89.250000,306.000000,255.000000,298.500000,190.000000,66.500000,110.000000,209.000000,90.000000,120.000000,100.000000,130.000000,130.000000,82.600000,43.500000,14.500000,0.000000,0.000000,0.000000,0.000000,0.000000,0.000000,0.000000,0.000000,0.000000,0.000000,0.000000,0.000000,0.000000,0.000000,0.000000,0.000000,0.000000,0.000000,0.000000,2336.320000,1952.550000,383.770000,0.164263,0.000000
Sixth of October above 300 L.E,SixthofOctoberabove300LE,,Freight,Freight,General,,0.000000,0.000000,0.000000,0.000000,0.000000,0.000000,0.000000,0.000000,0.000000,0.000000,0.000000,0.000000,0.000000,0.000000,0.000000,0.000000,0.000000,0.000000,0.000000,0.000000,0.000000,0.000000,0.000000,0.000000,0.000000,0.000000,0.000000,0.000000,0.000000,0.000000,0.000000,0.000000,0.000000,0.000000,0.000000,40.000000,340.000000,340.000000,20.000000,180.000000,380.000000,460.000000,398.085653,98.031949,2256.117602,0.000000,2256.117602,1.000000,0.000000
Green beans (chemical free) - french,341017,,,MAKAR,Vegetables,"Fresh, Chemical free",0.000000,0.000000,0.000000,0.000000,0.000000,0.000000,0.000000,0.000000,0.000000,0.000000,0.000000,0.000000,0.000000,0.000000,0.000000,0.000000,0.000000,0.000000,0.000000,0.000000,0.000000,0.000000,0.000000,0.000000,0.000000,0.000000,0.000000,0.000000,0.000000,0.000000,0.000000,0.000000,0.000000,0.000000,0.000000,0.000000,323.000000,299.000000,195.800000,-22.000000,132.000000,1003.282397,110.000000,66.000000,2107.082397,1485.000000,622.082397,0.295234,0.000000
Lolla rossa (chemical free),341024,,,MAKAR,Vegetables,"Chemical free, Greens",0.000000,0.000000,0.000000,0.000000,0.000000,0.000000,0.000000,0.000000,0.000000,0.000000,0.000000,0.000000,0.000000,0.000000,0.000000,0.000000,0.000000,0.000000,0.000000,0.000000,0.000000,0.000000,0.000000,0.000000,0.000000,0.000000,0.000000,0.000000,0.000000,0.000000,0.000000,0.000000,0.000000,0.000000,0.000000,24.000000,368.000000,192.000000,168.000000,398.185350,343.275353,327.232922,278.418890,0.000000,2099.112516,1315.000000,784.112516,0.373545,0.000000
Kiwi,Kiwi,,Kheir Misr,Rafic,Fresh fruits,,0.000000,0.000000,0.000000,0.000000,0.000000,0.000000,0.000000,10.500000,61.250000,68.250000,204.750000,152.250000,197.750000,212.400000,82.600000,115.640000,174.640000,106.200000,84.960000,68.440000,148.680000,120.360000,44.840000,87.320000,101.480000,0.000000,0.000000,0.000000,0.000000,0.000000,0.000000,0.000000,0.000000,0.000000,0.000000,0.000000,0.000000,0.000000,0.000000,0.000000,0.000000,0.000000,0.000000,0.000000,2042.310000,1626.190000,416.120000,0.203750,0.000000
Mushroom,20015,,,Agrovate,Vegetables,Fresh,0.000000,0.000000,0.000000,0.000000,0.000000,0.000000,0.000000,0.000000,0.000000,0.000000,0.000000,0.000000,0.000000,0.000000,0.000000,0.000000,0.000000,0.000000,0.000000,0.000000,0.000000,0.000000,0.000000,0.000000,0.000000,0.000000,0.000000,0.000000,0.000000,0.000000,0.000000,0.000000,0.000000,0.000000,0.000000,30.000000,487.500000,151.500000,198.000000,217.874830,418.000000,242.000000,237.823350,0.000000,1982.698180,1280.460000,702.238180,0.354183,0.000000
Sweet potatoes (Chemical free),141009,,,El Hoda,Vegetables,"Fresh, Chemical free",0.000000,0.000000,0.000000,0.000000,0.000000,0.000000,0.000000,0.000000,0.000000,0.000000,0.000000,0.000000,0.000000,0.000000,0.000000,0.000000,0.000000,0.000000,0.000000,0.000000,0.000000,0.000000,0.000000,0.000000,0.000000,0.000000,0.000000,0.000000,0.000000,0.000000,0.000000,0.000000,0.000000,0.000000,0.000000,0.000000,24.000000,0.000000,0.000000,192.000000,372.000000,667.361645,640.008424,84.000000,1979.370070,1462.450000,516.920070,0.261154,0.000000
Balady eggs (chemical free),661001,,,Bio organic,Eggs,"Chemical free, Eggs",0.000000,0.000000,0.000000,0.000000,0.000000,0.000000,0.000000,0.000000,0.000000,0.000000,0.000000,0.000000,0.000000,0.000000,0.000000,0.000000,0.000000,0.000000,0.000000,0.000000,0.000000,0.000000,0.000000,0.000000,0.000000,0.000000,0.000000,0.000000,0.000000,0.000000,0.000000,0.000000,0.000000,0.000000,0.000000,0.000000,0.000000,120.000000,476.000000,584.000000,744.015094,44.000000,0.000000,0.000000,1968.015094,1528.500000,439.515094,0.223329,0.000000
Tomatoes,Tomatoes,,Kheir Misr,Rafic,Fresh vegetables,,0.000000,0.000000,0.000000,0.000000,0.000000,0.000000,0.000000,26.100000,101.500000,200.100000,214.600000,142.100000,157.940000,174.350000,60.230000,72.910000,193.370000,88.760000,66.570000,65.784735,88.760000,133.140000,79.250000,59.580000,39.200000,0.000000,0.000000,0.000000,0.000000,0.000000,0.000000,0.000000,0.000000,0.000000,0.000000,0.000000,0.000000,0.000000,0.000000,0.000000,0.000000,0.000000,0.000000,0.000000,1964.244735,1559.540000,404.704735,0.206036,0.000000
cucumber,cucumber,,Kheir Misr,Rafic,Fresh vegetables,,0.000000,0.000000,0.000000,0.000000,0.000000,0.000000,0.000000,20.000000,77.500000,130.000000,165.000000,145.000000,218.500000,150.000000,45.250000,76.000000,199.500000,118.750000,104.500000,146.661670,85.500000,99.750000,90.250000,53.800000,34.650000,0.000000,0.000000,0.000000,0.000000,0.000000,0.000000,0.000000,0.000000,0.000000,0.000000,0.000000,0.000000,0.000000,0.000000,0.000000,0.000000,0.000000,0.000000,0.000000,1960.611670,1618.290000,342.321670,0.174599,0.000000
Colored bell pepper (Chemical free),141003,,,El Hoda,Vegetables,"Fresh, Chemical free",0.000000,0.000000,0.000000,0.000000,0.000000,0.000000,0.000000,0.000000,0.000000,0.000000,0.000000,0.000000,0.000000,0.000000,0.000000,0.000000,0.000000,0.000000,0.000000,0.000000,0.000000,0.000000,0.000000,0.000000,0.000000,0.000000,0.000000,0.000000,0.000000,0.000000,0.000000,0.000000,0.000000,0.000000,0.000000,0.000000,468.000000,270.000000,234.000000,270.000000,234.000000,108.000000,335.569743,0.000000,1919.569743,1410.950000,508.619743,0.264965,0.000000
Spinach,Spinach,,Kheir Misr,Rafic,Fresh vegetables,,0.000000,0.000000,0.000000,0.000000,0.000000,0.000000,0.000000,23.600000,147.500000,194.700000,230.100000,159.300000,287.420000,94.510000,0.000000,0.000000,0.000000,0.000000,12.000000,198.000000,186.000000,168.000000,96.000000,72.000000,42.000000,0.000000,0.000000,0.000000,0.000000,0.000000,0.000000,0.000000,0.000000,0.000000,0.000000,0.000000,0.000000,0.000000,0.000000,0.000000,0.000000,0.000000,0.000000,0.000000,1911.130000,1503.400000,407.730000,0.213345,0.000000
Potatoes,Potatoes,,Kheir Misr,Rafic,Fresh vegetables,,0.000000,0.000000,0.000000,0.000000,0.000000,0.000000,0.000000,18.000000,81.000000,117.000000,130.500000,99.000000,89.540000,91.980000,99.640000,84.300000,95.540000,89.650000,89.650000,154.850000,105.950000,146.700000,130.400000,132.750000,46.000000,0.000000,0.000000,0.000000,0.000000,0.000000,0.000000,0.000000,0.000000,0.000000,0.000000,0.000000,0.000000,0.000000,0.000000,0.000000,0.000000,0.000000,0.000000,0.000000,1802.450000,1480.760000,321.690000,0.178474,0.000000
Green beans,Greenbeans,,Kheir Misr,Rafic,Fresh vegetables,,0.000000,0.000000,0.000000,0.000000,0.000000,0.000000,0.000000,34.000000,47.600000,68.000000,251.600000,102.000000,157.840000,124.020000,94.160000,45.900000,142.290000,65.790000,102.000000,54.400000,61.200000,156.400000,47.600000,27.300000,6.850000,0.000000,0.000000,0.000000,0.000000,0.000000,0.000000,0.000000,0.000000,0.000000,0.000000,0.000000,0.000000,0.000000,0.000000,0.000000,0.000000,0.000000,0.000000,0.000000,1588.950000,1307.250000,281.700000,0.177287,0.000000
Potatoes (chemical free),461023,,,Sara nour,Vegetables,"Fresh, Chemical free",0.000000,0.000000,0.000000,0.000000,0.000000,0.000000,0.000000,0.000000,0.000000,0.000000,0.000000,0.000000,0.000000,0.000000,0.000000,0.000000,0.000000,0.000000,0.000000,0.000000,0.000000,0.000000,0.000000,0.000000,0.000000,0.000000,0.000000,0.000000,0.000000,0.000000,0.000000,0.000000,0.000000,0.000000,0.000000,0.000000,85.000000,215.000000,130.000000,147.426471,165.000000,490.000000,262.540984,20.000000,1514.967454,765.000000,749.967454,0.495039,0.000000
Kiwi,20013,,,Agrovate,Fruits,Fresh,0.000000,0.000000,0.000000,0.000000,0.000000,0.000000,0.000000,0.000000,0.000000,0.000000,0.000000,0.000000,0.000000,0.000000,0.000000,0.000000,0.000000,0.000000,0.000000,0.000000,0.000000,0.000000,0.000000,0.000000,0.000000,0.000000,0.000000,0.000000,0.000000,0.000000,0.000000,0.000000,0.000000,0.000000,0.000000,8.000000,296.000000,228.000000,68.000000,92.000000,212.000000,267.162597,274.317506,20.000000,1465.480103,925.000000,540.480103,0.368808,0.000000
Green iceberg lettuce (chemical free),341019,,,MAKAR,Vegetables,"Chemical free, Greens",0.000000,0.000000,0.000000,0.000000,0.000000,0.000000,0.000000,0.000000,0.000000,0.000000,0.000000,0.000000,0.000000,0.000000,0.000000,0.000000,0.000000,0.000000,0.000000,0.000000,0.000000,0.000000,0.000000,0.000000,0.000000,0.000000,0.000000,0.000000,0.000000,0.000000,0.000000,0.000000,0.000000,0.000000,0.000000,0.000000,144.000000,108.000000,132.000000,259.550778,275.400000,363.651914,155.406529,0.000000,1438.009220,964.000000,474.009220,0.329629,0.000000
Zucchini,Zucchini,,Kheir Misr,Rafic,Fresh vegetables,,0.000000,0.000000,0.000000,0.000000,0.000000,0.000000,0.000000,15.600000,70.200000,97.500000,93.600000,128.700000,124.830000,84.720000,35.300000,45.890000,134.140000,57.280000,120.000000,92.000000,72.000000,124.000000,60.000000,24.000000,15.000000,0.000000,0.000000,0.000000,0.000000,0.000000,0.000000,0.000000,0.000000,0.000000,0.000000,0.000000,0.000000,0.000000,0.000000,0.000000,0.000000,0.000000,0.000000,0.000000,1394.760000,1165.770000,228.990000,0.164179,0.000000
Flax Seeds ( Egyptian ) 100g,291005,,,IMN,Seeds,"Super food, Weight loss, Seeds",0.000000,0.000000,0.000000,0.000000,0.000000,0.000000,0.000000,0.000000,0.000000,0.000000,0.000000,0.000000,0.000000,0.000000,0.000000,0.000000,0.000000,0.000000,0.000000,0.000000,0.000000,0.000000,0.000000,0.000000,0.000000,0.000000,0.000000,0.000000,0.000000,0.000000,0.000000,0.000000,0.000000,0.000000,0.000000,0.000000,462.000000,193.500000,144.000000,132.000000,180.000000,132.000000,122.483876,0.000000,1365.983876,1010.810000,355.173876,0.260013,0.000000
Zucchini (organic),461041,,,Sara nour,Vegetables,"Fresh, Organic",0.000000,0.000000,0.000000,0.000000,0.000000,0.000000,0.000000,0.000000,0.000000,0.000000,0.000000,0.000000,0.000000,0.000000,0.000000,0.000000,0.000000,0.000000,0.000000,0.000000,0.000000,0.000000,0.000000,0.000000,0.000000,0.000000,0.000000,0.000000,0.000000,0.000000,0.000000,0.000000,0.000000,0.000000,0.000000,0.000000,0.000000,244.000000,403.200000,342.794118,56.000000,280.000000,0.000000,0.000000,1325.994118,816.000000,509.994118,0.384613,0.000000
Fresh ginger (imported),20009,,,Agrovate,Vegetables,Fresh,0.000000,0.000000,0.000000,0.000000,0.000000,0.000000,0.000000,0.000000,0.000000,0.000000,0.000000,0.000000,0.000000,0.000000,0.000000,0.000000,0.000000,0.000000,0.000000,0.000000,0.000000,0.000000,0.000000,0.000000,0.000000,0.000000,0.000000,0.000000,0.000000,0.000000,0.000000,0.000000,0.000000,0.000000,0.000000,0.000000,221.000000,110.500000,21.000000,118.500000,192.000000,236.449383,316.827585,0.000000,1216.276968,886.250000,330.026968,0.271342,0.000000
Arugula(chemical free),501001,,,Tabiey,Vegetables,"Fresh, Chemical free",0.000000,0.000000,0.000000,0.000000,0.000000,0.000000,0.000000,0.000000,0.000000,0.000000,0.000000,0.000000,0.000000,0.000000,0.000000,0.000000,0.000000,0.000000,0.000000,0.000000,0.000000,0.000000,0.000000,0.000000,0.000000,0.000000,0.000000,0.000000,0.000000,0.000000,0.000000,0.000000,0.000000,0.000000,0.000000,33.000000,341.000000,22.000000,0.000000,0.000000,128.000000,350.566667,338.559747,0.000000,1213.126413,773.150000,439.976413,0.362680,0.000000
Sweet potatoes,Sweetpotatoes,,Kheir Misr,Rafic,Fresh vegetables,,0.000000,0.000000,0.000000,0.000000,0.000000,0.000000,0.000000,15.600000,58.500000,124.800000,140.400000,62.400000,39.000000,0.000000,0.000000,0.000000,0.000000,110.500000,143.000000,136.500000,104.000000,123.500000,104.000000,6.500000,0.000000,0.000000,0.000000,0.000000,0.000000,0.000000,0.000000,0.000000,0.000000,0.000000,0.000000,0.000000,0.000000,0.000000,0.000000,0.000000,0.000000,0.000000,0.000000,0.000000,1168.700000,822.540000,346.160000,0.296192,0.000000
Carrot (chemical free),501051,,,Tabiey,Vegetables,"Fresh, Chemical free",0.000000,0.000000,0.000000,0.000000,0.000000,0.000000,0.000000,0.000000,0.000000,0.000000,0.000000,0.000000,0.000000,0.000000,0.000000,0.000000,0.000000,0.000000,0.000000,0.000000,0.000000,0.000000,0.000000,0.000000,0.000000,0.000000,0.000000,0.000000,0.000000,0.000000,0.000000,0.000000,0.000000,0.000000,0.000000,0.000000,0.000000,0.000000,0.000000,0.000000,49.000000,283.576588,794.664794,14.000000,1141.241382,752.250000,388.991382,0.340849,0.000000
Balady bread (whole grain),321001,,,Karima,Bread,Whole grain,0.000000,0.000000,0.000000,0.000000,0.000000,0.000000,0.000000,0.000000,0.000000,0.000000,0.000000,0.000000,0.000000,0.000000,0.000000,0.000000,0.000000,0.000000,0.000000,0.000000,0.000000,0.000000,0.000000,0.000000,0.000000,0.000000,0.000000,0.000000,0.000000,0.000000,0.000000,0.000000,0.000000,0.000000,0.000000,0.000000,260.000000,220.000000,40.000000,140.000000,120.000000,110.000000,188.360656,0.000000,1078.360656,756.000000,322.360656,0.298936,0.000000
Yellow carrots,Yellowcarrots,,NGS,Rafic,Fresh vegetables,,0.000000,0.000000,0.000000,0.000000,0.000000,0.000000,0.000000,0.000000,11.280000,41.480000,80.640000,146.160000,128.520000,90.720000,20.160000,40.320000,60.480000,35.060000,71.500000,41.250000,46.750000,68.750000,70.320000,80.660000,30.000000,0.000000,0.000000,0.000000,0.000000,0.000000,0.000000,0.000000,0.000000,0.000000,0.000000,0.000000,0.000000,0.000000,0.000000,0.000000,0.000000,0.000000,0.000000,0.000000,1064.050000,944.230000,119.820000,0.112607,0.000000
Sweet oranges,20028,,,Agrovate,Fruits,Fresh,0.000000,0.000000,0.000000,0.000000,0.000000,0.000000,0.000000,0.000000,0.000000,0.000000,0.000000,0.000000,0.000000,0.000000,0.000000,0.000000,0.000000,0.000000,0.000000,0.000000,0.000000,0.000000,0.000000,0.000000,0.000000,0.000000,0.000000,0.000000,0.000000,0.000000,0.000000,0.000000,0.000000,0.000000,0.000000,0.000000,340.000000,40.000000,16.000000,104.000000,228.000000,336.000000,-1.192238,0.000000,1062.807762,676.500000,386.307762,0.363478,0.000000
Lime(chemical free),461012,,,Sara nour,Vegetables,"Fresh, Chemical free",0.000000,0.000000,0.000000,0.000000,0.000000,0.000000,0.000000,0.000000,0.000000,0.000000,0.000000,0.000000,0.000000,0.000000,0.000000,0.000000,0.000000,0.000000,0.000000,0.000000,0.000000,0.000000,0.000000,0.000000,0.000000,0.000000,0.000000,0.000000,0.000000,0.000000,0.000000,0.000000,0.000000,0.000000,0.000000,0.000000,265.000000,72.000000,0.000000,63.000000,117.000000,286.229900,240.861420,14.000000,1058.091321,608.450000,449.641321,0.424955,0.000000
Cucumber (organic),461042,,,Sara nour,Vegetables,"Fresh, Chemical free",0.000000,0.000000,0.000000,0.000000,0.000000,0.000000,0.000000,0.000000,0.000000,0.000000,0.000000,0.000000,0.000000,0.000000,0.000000,0.000000,0.000000,0.000000,0.000000,0.000000,0.000000,0.000000,0.000000,0.000000,0.000000,0.000000,0.000000,0.000000,0.000000,0.000000,0.000000,0.000000,0.000000,0.000000,0.000000,0.000000,0.000000,204.000000,60.000000,12.000000,220.000000,560.000000,0.000000,0.000000,1056.000000,752.500000,303.500000,0.287405,0.000000
Broccoli (chemical free),341007,,,MAKAR,Vegetables,"Fresh, Chemical free",0.000000,0.000000,0.000000,0.000000,0.000000,0.000000,0.000000,0.000000,0.000000,0.000000,0.000000,0.000000,0.000000,0.000000,0.000000,0.000000,0.000000,0.000000,0.000000,0.000000,0.000000,0.000000,0.000000,0.000000,0.000000,0.000000,0.000000,0.000000,0.000000,0.000000,0.000000,0.000000,0.000000,0.000000,0.000000,14.000000,189.000000,176.000000,175.758794,56.000000,128.000000,88.000000,229.627618,-1.600000,1054.786412,664.000000,390.786412,0.370489,0.000000
Pak choi (chemical free),341029,,,MAKAR,Vegetables,"Chemical free, Greens",0.000000,0.000000,0.000000,0.000000,0.000000,0.000000,0.000000,0.000000,0.000000,0.000000,0.000000,0.000000,0.000000,0.000000,0.000000,0.000000,0.000000,0.000000,0.000000,0.000000,0.000000,0.000000,0.000000,0.000000,0.000000,0.000000,0.000000,0.000000,0.000000,0.000000,0.000000,0.000000,0.000000,0.000000,0.000000,0.000000,196.000000,14.000000,30.000000,60.000000,75.000000,462.170295,180.000000,0.000000,1017.170295,690.000000,327.170295,0.321648,0.000000
Cherries,20006,,,Agrovate,Fruits,Fresh,0.000000,0.000000,0.000000,0.000000,0.000000,0.000000,0.000000,0.000000,0.000000,0.000000,0.000000,0.000000,0.000000,0.000000,0.000000,0.000000,0.000000,0.000000,0.000000,0.000000,0.000000,0.000000,0.000000,0.000000,0.000000,0.000000,0.000000,0.000000,0.000000,0.000000,0.000000,0.000000,0.000000,0.000000,0.000000,0.000000,75.000000,144.000000,228.000000,356.200000,168.000000,28.000000,0.000000,0.000000,999.200000,739.530000,259.670000,0.259878,0.000000
Pink grapfruit,20020,,,Agrovate,Fruits,Fresh,0.000000,0.000000,0.000000,0.000000,0.000000,0.000000,0.000000,0.000000,0.000000,0.000000,0.000000,0.000000,0.000000,0.000000,0.000000,0.000000,0.000000,0.000000,0.000000,0.000000,0.000000,0.000000,0.000000,0.000000,0.000000,0.000000,0.000000,0.000000,0.000000,0.000000,0.000000,0.000000,0.000000,0.000000,0.000000,0.000000,357.000000,105.000000,0.000000,55.000000,27.000000,159.755294,167.676442,9.000000,880.431736,558.500000,321.931736,0.365652,0.000000
Roquette (chemical free),341035,,,MAKAR,Vegetables,"Chemical free, Greens",0.000000,0.000000,0.000000,0.000000,0.000000,0.000000,0.000000,0.000000,0.000000,0.000000,0.000000,0.000000,0.000000,0.000000,0.000000,0.000000,0.000000,0.000000,0.000000,0.000000,0.000000,0.000000,0.000000,0.000000,0.000000,0.000000,0.000000,0.000000,0.000000,0.000000,0.000000,0.000000,0.000000,0.000000,0.000000,0.000000,135.000000,105.000000,100.000000,110.000000,179.047096,229.517094,9.045073,0.000000,867.609262,522.000000,345.609262,0.398347,0.000000
Watercress (chemical free),341046,,,MAKAR,Vegetables,"Fresh, Greens",0.000000,0.000000,0.000000,0.000000,0.000000,0.000000,0.000000,0.000000,0.000000,0.000000,0.000000,0.000000,0.000000,0.000000,0.000000,0.000000,0.000000,0.000000,0.000000,0.000000,0.000000,0.000000,0.000000,0.000000,0.000000,0.000000,0.000000,0.000000,0.000000,0.000000,0.000000,0.000000,0.000000,0.000000,0.000000,0.000000,210.000000,132.000000,16.000000,136.000000,104.000000,126.465844,61.000000,0.000000,785.465844,515.000000,270.465844,0.344338,0.000000
Italian basil (chemical free),341020,,,MAKAR,Herbs,"Fresh, Chemical free",0.000000,0.000000,0.000000,0.000000,0.000000,0.000000,0.000000,0.000000,0.000000,0.000000,0.000000,0.000000,0.000000,0.000000,0.000000,0.000000,0.000000,0.000000,0.000000,0.000000,0.000000,0.000000,0.000000,0.000000,0.000000,0.000000,0.000000,0.000000,0.000000,0.000000,0.000000,0.000000,0.000000,0.000000,0.000000,0.000000,119.000000,118.000000,80.000000,143.248826,48.000000,160.000000,64.000000,0.000000,732.248826,468.430000,263.818826,0.360286,0.000000
Aubergene (Roumy) - organic,461001,,,Sara nour,Vegetables,"Fresh, Organic",0.000000,0.000000,0.000000,0.000000,0.000000,0.000000,0.000000,0.000000,0.000000,0.000000,0.000000,0.000000,0.000000,0.000000,0.000000,0.000000,0.000000,0.000000,0.000000,0.000000,0.000000,0.000000,0.000000,0.000000,0.000000,0.000000,0.000000,0.000000,0.000000,0.000000,0.000000,0.000000,0.000000,0.000000,0.000000,5.000000,195.000000,32.000000,60.000000,132.000000,72.000000,132.000000,114.098361,-36.000000,706.098361,386.140000,319.958361,0.453136,0.000000
Cherry tomato (chemical free),341051,,,MAKAR,Vegetables,"Fresh, Chemical free",0.000000,0.000000,0.000000,0.000000,0.000000,0.000000,0.000000,0.000000,0.000000,0.000000,0.000000,0.000000,0.000000,0.000000,0.000000,0.000000,0.000000,0.000000,0.000000,0.000000,0.000000,0.000000,0.000000,0.000000,0.000000,0.000000,0.000000,0.000000,0.000000,0.000000,0.000000,0.000000,0.000000,0.000000,0.000000,16.000000,200.000000,160.000000,112.000000,64.000000,96.000000,-16.000000,0.000000,0.000000,632.000000,354.560000,277.440000,0.438987,0.000000
Celery (chemical free),501009,,,Tabiey,Herbs,"Fresh, Chemical free",0.000000,0.000000,0.000000,0.000000,0.000000,0.000000,0.000000,0.000000,0.000000,0.000000,0.000000,0.000000,0.000000,0.000000,0.000000,0.000000,0.000000,0.000000,0.000000,0.000000,0.000000,0.000000,0.000000,0.000000,0.000000,0.000000,0.000000,0.000000,0.000000,0.000000,0.000000,0.000000,0.000000,0.000000,0.000000,0.000000,150.100000,22.000000,0.000000,0.000000,128.000000,104.000000,193.907931,0.000000,598.007931,373.960000,224.047931,0.374657,0.000000
Mesclun (chemical free),341026,,,MAKAR,Vegetables,"Chemical free, Greens",0.000000,0.000000,0.000000,0.000000,0.000000,0.000000,0.000000,0.000000,0.000000,0.000000,0.000000,0.000000,0.000000,0.000000,0.000000,0.000000,0.000000,0.000000,0.000000,0.000000,0.000000,0.000000,0.000000,0.000000,0.000000,0.000000,0.000000,0.000000,0.000000,0.000000,0.000000,0.000000,0.000000,0.000000,0.000000,0.000000,133.000000,123.000000,64.000000,40.000000,8.000000,136.000000,48.000000,0.000000,552.000000,363.330000,188.670000,0.341793,0.000000
Chives (chemical free),341010,,,MAKAR,Vegetables,"Fresh, Chemical free",0.000000,0.000000,0.000000,0.000000,0.000000,0.000000,0.000000,0.000000,0.000000,0.000000,0.000000,0.000000,0.000000,0.000000,0.000000,0.000000,0.000000,0.000000,0.000000,0.000000,0.000000,0.000000,0.000000,0.000000,0.000000,0.000000,0.000000,0.000000,0.000000,0.000000,0.000000,0.000000,0.000000,0.000000,0.000000,0.000000,88.000000,25.000000,25.000000,168.905078,50.000000,69.009363,69.011806,0.000000,494.926248,318.660000,176.266248,0.356146,0.000000

Revenue,,,,,,,0.000000,0.000000,710.000000,420.000000,610.000000,680.000000,80.000000,1805.330000,8621.300000,10396.330000,11854.840000,9582.970000,12719.760000,8695.090000,5204.930000,4218.840000,14946.670000,8991.470000,12073.150000,7682.426977,7537.720000,6473.870000,9510.410000,10639.350000,14344.200000,13196.140000,13398.060000,17605.220000,26891.115000,22875.650000,24570.830000,22082.940000,5109.600000,0.000000,0.000000,1579.800000,92734.050000,54908.532607,29717.031490,48686.522290,54004.122042,68455.342619,68552.435950,5104.706095
Cost of Goods,,,,,,,0.000000,0.000000,0.000000,0.000000,0.000000,0.000000,0.000000,1233.370000,6107.980000,7432.990000,8548.190000,6823.050000,9214.510000,5872.180000,3536.510000,3027.170000,10913.710000,6428.170000,8870.950000,5450.700000,5372.520000,4597.860000,6965.560000,7558.860000,10180.550000,10416.110000,9526.370000,11792.240000,19277.970000,15628.370000,16425.650000,14135.100000,3246.970000,0.000000,0.000000,908.060000,61321.250000,37471.800000,19994.360000,31724.970000,35482.950000,43868.790000,43965.310000,3406.890000
Gross Profit,,,,,,,0.000000,0.000000,710.000000,420.000000,610.000000,680.000000,80.000000,571.960000,2513.320000,2963.340000,3306.650000,2759.920000,3505.250000,2822.910000,1668.420000,1191.670000,4032.960000,2563.300000,3202.200000,2231.726977,2165.200000,1876.010000,2544.850000,3080.490000,4163.650000,2780.030000,3871.690000,5812.980000,7613.145000,7247.280000,8145.180000,7947.840000,1862.630000,0.000000,0.000000,671.740000,31412.800000,17436.732607,9722.671490,16961.552290,18521.172042,24586.552619,24587.125950,1697.816095
Margin,,,,,,,0.000000,0.000000,1.000000,1.000000,1.000000,1.000000,1.000000,0.316817,0.291524,0.285037,0.278928,0.288003,0.275575,0.324656,0.320546,0.282464,0.269823,0.285081,0.265233,0.290498,0.287249,0.289782,0.267586,0.289537,0.290267,0.210670,0.288974,0.330185,0.283110,0.316812,0.331498,0.359909,0.364535,0.000000,0.000000,0.425206,0.338741,0.317560,0.327175,0.348383,0.342958,0.359162,0.358662,0.332598
Tax,,,,,,,0.000000,0.000000,0.000000,0.000000,0.000000,0.000000,0.000000,0.000000,0.000000,0.000000,0.000000,0.000000,0.000000,0.000000,0.000000,0.000000,0.000000,0.000000,0.000000,0.000000,0.000000,0.000000,0.000000,0.000000,0.000000,0.000000,0.000000,0.000000,0.000000,0.000000,0.000000,0.000000,0.000000,0.000000,0.000000,0.000000,0.000000,0.000000,0.000000,0.000000,0.000000,0.000000,0.000000,0.000000
