eggbaldy,#5149,#5448,#5649,#5642,#5157,#5436A,#5437A,#5867,#5432A,#5437A,#6119,#5875,#6126A,#5442,#5867A,#5135,#5441,#5361A,#5134,#5649A,#5884,#5885,#5462,#5130,#5797A,#5437,#5799,#5884A,#5436,#5893,#5176,#5127,#5126,#5797,#5124,#5432,#5657,#5898,#5178,#5789,#5902,#5470,#5185,#5898A,#5121,#5603B,#5589A,#5774B,#5657A,#5442A,#5926,#5117,#5929,#5781A,#5781,#5929A,#5934,#5198,#5941,#5944,#5944A,#5934A,#5198A,#5657B,#5774A,#5774,#5603A,#5210,#5743A,#5960,#5961,#5361B,#5965,#6076B,#5961A,#5198B,#5603,#5971,#5198C,#5221,#5979,#5971A,#5760A,#5228,#5760,#5344A,#6002,#5642A,#6005,#5236,#5755A,#5755,#6002A,#5240,#5506,#5241,#5971B,#5241A,#5240A,#5248,#5410,#5716A,#5251,#5743,#6016,#5511,#6017,#5739,#5677,#5361,#5251A,#5388A,#5715A,#6017A,#5716,#5506A,#5262,#5715,#5702A,#5388,#6005A,#5506A,#5335A,#5683,#5344B,#5511A,#6054,#5511B,#5589,#5273,#5531,#6054A,#6054B,#5532,#6130,#5355,#5702,#6054C,#5279,#5531A,#5534,#6075,#6076,#6198A,#5575C,#6080,#5532A,#6204A,#6204,#5569A,#5279A,#6076A,#5534A,#6128,#6198,#6189B,#6189A,#6189,#6175A,#5273A,#6089,#5575B,#6176,#6175,#6174,#5344,#6080A,#6172,#5683A,#6080B,#5575A,#6089A,#5683B,#6089B,#5576,#5311,#6150,#6123A,#5335,#5575,#6123,#5569,#6128A,#6126,#5561,#6119A,#5564,#5150,#5646
organicyellowcarrot,#5130,#5649A,#5809,#5807,#5820,#5441,#5967A,#5884,#5580A,#5823,#5400A,#5127,#6005A,#6038,#5809A,#5827,#5361,#5125,#5198C,#5431A,#5963A,#5142,#5961A,#5432,#5967,#5249,#5446,#5496,#5963,#5236,#5959A,#5149,#5496A,#5448,#5885,#5649,#6198A,#6076,#5961,#5575C,#5439B,#5361B,#5400,#5431,#5959,#5580,#6076A,#6089,#5575B,#5788A,#6076B,#5424A,#5204A,#5935A,#5575A,#6089A,#5788,#5341,#6089B,#5951,#5340,#5770A,#6099,#5198B,#5845,#5424B,#5934A,#5773A,#5159,#5575,#5424,#5823A,#5446A,#5333,#5942,#5314A,#5432A,#5823B,#5941,#5779,#6119,#5117,#5823C,#5464A,#6121,#5323,#5341A,#6124,#5773,#5168,#5935,#6124A,#5115,#5249A,#5934,#6130,#5743A,#6121A,#5845A,#5646,#5881A,#5729,#5461,#5770,#5881,#5561,#6119A,#6124B,#5760A,#5464,#5415,#6124C,#5174,#5465,#5314,#6124D,#5992A,#5259,#5867A,#5198A,#5311,#6121B,#5899A,#5908A,#5439A,#6150,#5908,#5260,#5762,#6154,#5760,#5282B,#5470,#5867,#5899,#5497,#5729A,#5549A,#5211,#5211A,#5549,#5185,#5262,#6180,#5893,#5743,#5282A,#5884A,#5189,#5465A,#5682,#6198,#5883B,#5424C,#5542,#5249B,#5189A,#5361A,#5341B,#5474,#5260A,#5287,#5340A,#5532A,#5204,#5198,#5677,#5461A,#5210,#5532,#5813,#5221,#5816,#5883,#5439,#5992,#6005,#5282,#5133
organiccucumber122,#5816,#6056,#5342A,#5432,#5501A,#6058,#5439B,#5249,#5124,#5827,#5481,#5798,#5356,#5797A,#5361A,#6058A,#6054A,#6054B,#5236,#5963,#5402,#5538,#5343A,#6056A,#5959A,#6039,#5149,#5133,#5512A,#6054C,#5496A,#5809A,#5797,#5282,#5198A,#6076,#5807,#5198,#5501,#5820,#5689A,#5340A,#6080,#5959,#5677,#5508,#5532A,#5301,#5509A,#6076A,#6076B,#5788A,#6089,#5556B,#5509,#5935A,#5343,#5556A,#6014,#5238,#6080A,#5342,#5127,#5342B,#6080B,#5844,#5496,#5788,#5532,#6097,#5249B,#5341,#5343B,#5867A,#5340,#5441,#5883A,#5512,#5121,#5198B,#5934A,#5845,#5798B,#5159,#6097A,#6154,#5465A,#5689,#5469A,#5230,#5823A,#6039B,#6128A,#5223,#5512A,#5823B,#5942,#5481A,#5211,#6153,#5164,#5314A,#5432A,#5130,#5941,#5282A,#6119,#5939,#5883,#5779,#5823C,#5301A,#6017,#5508A,#5937,#6121,#5867,#5439A,#5935,#5323,#5465,#5356B,#5893,#5844A,#5556,#5249A,#5185,#6161,#6126,#5115,#5549,#5341B,#5934,#6128,#5211A,#5925A,#5361B,#5549A,#5320,#6017A,#5469A,#6121B,#5174,#6121A,#5556C,#5221,#6126A,#5469,#5223A,#5883B,#5925,#5823,#5439,#5314,#5497,#5282B,#5341A,#6119A,#5813,#5361,#5798A,#6039A,#6054,#5809,#5963A,#5125,#5142,#5356A,#5402A,#5198C
chickenbreasts,#5937,#5823C,#5647,#5878,#5230,#5231,#5222,#5204A,#5356A,#5488A,#5488,#5508,#5416,#5510,#5511,#5252,#5508A,#5705,#5707,#5258,#5684,#5516,#5356B,#5484,#5260,#5866B,#5516A,#5682,#5707A,#5265,#5511A,#5260A,#5716,#5511B,#5271,#5272,#5722,#5273,#5204,#5276,#5895,#5464A,#5537,#5677,#5361B,#5734,#5167A,#5276A,#5740,#5191,#5545,#5271A,#5273A,#5668A,#5716A,#5182,#5554,#5734A,#5722A,#5867,#5307,#5556,#5557,#5335A,#5767,#5668,#5866A,#5767A,#5464,#5320,#5169,#5773,#5322,#5866,#5647A,#5865,#5777,#5167,#5779,#5326,#5574,#5163,#5416A,#5335,#5575,#5158,#5322A,#5773A,#5322B,#5576,#5777A,#5152,#5575A,#5361A,#5575B,#5349,#5150,#5584,#5575C,#5895A,#5401,#5354,#5584A,#5356,#5624,#5589,#5589A,#5556A,#5804,#5948A,#5867A,#5361,#5556B,#5574A,#6000A,#5878A,#5971B,#5809,#6008,#6004A,#5595,#6004,#6001,#6000,#5994,#5556C,#5990,#5929,#5401A,#5971A,#5574B,#5979,#5823,#5973,#5127,#5809A,#5971,#5408,#5827,#5830,#5595A,#5354A,#5960,#5430,#5409,#5609,#5938A,#5410,#5935A,#5840,#5646,#5929A,#5943A,#5935,#5951,#5948,#5944A,#5944,#5943,#5846,#5823A,#5941,#5823B,#5648,#5940,#5840A,#5938
organictomato122,#5198,#5439,#5133,#5402A,#5221,#5438,#5356A,#5532A,#5342B,#5439B,#5534A,#5292,#5740,#5465A,#5743,#5211,#5893,#5549,#5185,#5549A,#5497,#5532,#5361A,#5301,#6154,#5439A,#5301A,#5556,#5311,#6123A,#5198A,#6121B,#5259,#5534,#5314,#5174,#5496,#5344B,#6124D,#6128A,#5465,#6124C,#6124B,#6119A,#5923,#5211A,#5498,#5319,#6126A,#5173,#6121A,#5743A,#5320,#6128,#5115,#5934,#6126,#6124A,#5773,#6124,#5323,#6123,#5935,#6121,#5342A,#5937,#5508A,#6119,#5779,#5232,#5941,#5356B,#5432A,#5314A,#5164,#5319A,#5657B,#5361B,#5344A,#6039B,#6097A,#5159,#5773A,#5586A,#5198B,#5934A,#5121,#6089B,#6097,#6089A,#6080B,#5342,#6080A,#5204A,#5657A,#5204,#5410,#5344,#5935A,#6076B,#6089,#6076A,#5580,#5508,#5400,#5150,#5657,#6080,#6076,#5496A,#6054C,#5149,#6056A,#6054B,#6054A,#5236,#5432,#5356,#5649,#5198C,#5402,#5124,#5248,#5142,#6056,#5125,#6054,#5361,#6039A,#6039,#5400A,#5238,#5556A,#5804,#5580A,#5556C,#5441,#5556B,#5649A
importedavocadoes,#5424C,#5265,#5720A,#5274,#5720,#5884A,#5868A,#5899,#5900,#5901,#5224,#5415,#5223A,#5312B,#5899A,#5901A,#5900A,#5863,#5862,#5113,#5424,#5230,#5861,#5589A,#5496,#5223,#5901B,#5935,#5697,#5936,#5823C,#5943,#5823B,#5823A,#5425,#5121,#5425A,#5943A,#5411,#5935A,#5236,#5810A,#5649,#5608,#5967,#5827,#5971,#5125,#5973,#5574B,#5980,#5971A,#5823,#5967A,#5494,#5992,#5220,#5548A,#5992A,#5131,#6002,#5810,#6005,#5884,#6002A,#5649A,#5971B,#5574A,#5362,#5136,#5138,#6005A,#5496A,#5248,#5589,#5862B,#5448,#5424A,#5351,#5656,#5563A,#5886,#5251,#5792,#5424B,#5789,#5512,#5157,#5215,#5312A,#5362B,#5781A,#5255,#5781,#5319A,#5574,#5251A,#5362A,#5779,#5776,#5572,#5572A,#5319,#5461,#5563,#5561,#5668,#5174,#5312,#5351B,#5175,#5311,#5512A,#5351A,#5469,#5306,#5668A,#5178,#5469A,#5730A,#5469A,#5548,#5534A,#5287,#5532A,#5886A,#5461A,#5512A,#5263,#5731,#5862A,#5730,#5534,#5532
5.01679E+12,#5980,#5980,#5603B,#5603,#5706,#5702,#5974,#5839,#5602,#5920,#5637,#5973,#5776,#5972,#5920A,#5920,#5920A,#5920,#5920A,#5920A,#5920A,#5701,#5669,#5920,#5920,#5920,#5792,#5825,#5920,#5680A,#5764,#5798,#5818,#5767,#5798A,#5789,#5764,#5814,#5629,#5683A,#5941,#6019,#5704A,#5900A,#5773A,#5767A,#5798B,#5808,#5637A,#5654,#5654,#5700,#5683B,#5696,#5862,#5701,#5868,#5861,#5683,#5704,#5704,#5950,#5702A,#6013,#5871,#5868A,#6013,#5626A,#5733A,#5904,#6034A,#5704A,#5862A,#5611,#5626B,#5902,#5603A,#5902,#5781A,#5862B,#5928,#6002A,#5626,#5781,#5629A,#5724,#5611B,#5900,#5703,#5697,#5920A,#5780,#5920A,#6002,#5551,#6034,#5680,#6033,#5999,#5996,#5964,#5992A,#5731,#5992A,#5552A,#5993,#5993,#5773,#5993,#5732,#6033,#5992,#5992,#5965,#5924,#5974A,#5647,#5881,#5881A,#5552,#5732,#5972A,#5611A,#5669A,#6032,#5776,#5779,#5776,#5738,#5733
potatoeschemicalfree,#5204,#5532,#5198A,#5729,#5439B,#5210,#5198,#5282,#5417A,#5532A,#5196,#5542,#5465A,#5292,#5743,#5282A,#5185,#5729A,#5211,#6156C,#5282B,#6156B,#6156A,#6156,#5893,#6154,#5176,#5439A,#6150,#5260,#5556,#5311,#5465,#6128A,#5770,#6119A,#5561,#5743A,#6133,#5320,#6128,#5321,#5569,#5773,#5572A,#5572,#5417,#5361B,#6119,#5432A,#5333,#6039B,#5575,#5773A,#6099,#5770A,#5198B,#6089B,#5788,#6089A,#5575A,#5788A,#6076B,#6089,#5575B,#6076A,#5150,#5569A,#6073A,#5400,#5575C,#5496A,#6076,#6073,#5149,#5586,#6058A,#6058,#5431A,#5248,#6039A,#5361,#6039,#5198C,#6038,#5361A,#6005A,#5987A,#5556A,#6032,#5136,#5400A,#5441,#5556B,#6004A,#5885,#6005,#5439,#6004,#5649A,#5816,#5130,#5987,#5820,#5556C,#5494,#5221,#5827,#5432,#5431,#5496,#5649,#5935A,#5204A,#5943A,#5586A,#5943,#5941,#5939,#5935,#5867A,#5497,#5867,#5211A,#5260A,#5265
broccolichemicalfree,#5415,#5883,#5862B,#5883A,#5417,#5883B,#5862A,#5417A,#5898,#5625A,#5898A,#5862,#5903A,#5625,#5859,#5923,#5925,#5424,#5836B,#5646,#5925A,#5844A,#5836A,#5121,#5844,#5837,#5836,#5649,#5436,#6002,#6004,#5439,#6005,#6004A,#5649A,#6002A,#6010,#5133,#6017,#5798B,#5362,#5136,#6017A,#6005A,#5361,#5798A,#5798,#5446,#5797,#5424A,#5150,#5791,#6089,#5788A,#5361B,#5343,#6089A,#5424B,#5788,#5341,#6097,#6089B,#5322B,#6100,#6101,#6097A,#6100A,#5159,#5335,#6101A,#5436A,#5779,#5362A,#5323,#5168,#5322,#6128,#6133,#5461,#5284A,#5668,#5335A,#6100B,#5465,#5439A,#6155,#5469,#5668A,#5722A,#5570D,#5273A,#6198,#5465A,#5287,#5284,#5677,#6198A,#5725B,#5725A,#5725,#5722,#5273,#5341B,#5260A,#5570C,#5506A,#5263,#5260,#5570B,#5683,#5341A,#5508A,#5509,#5508,#5496A,#5683B,#5506,#5683A,#5697,#5498,#5361A,#5496,#5497
premiumbrownrice,#5901,#5448,#5901B,#5974A,#5798A,#5809,#6119A,#5972A,#5556A,#5556C,#5810,#5496A,#5424,#5611B,#5318,#5281,#5506A,#5611A,#5618,#5926,#5144,#5974,#5324,#5162,#5987A,#5334,#5469,#5670,#5942,#5809A,#5572A,#5496,#5197,#5176,#5249A,#5133,#5424C,#5351A,#5135,#5281A,#5556,#5572,#5985,#5977,#5754,#5606,#5489,#5156,#5977A,#5324A,#5408,#5334A,#5901A,#5637A,#5532,#5535,#5254,#5351B,#5202,#5807,#5164,#5469A,#5530,#5951,#5964,#6119,#5987,#5972,#5611,#5399,#5129,#5804,#5180,#5459,#5202A,#5815,#5424B,#5506,#5549A,#5442A,#5451,#5494,#5516A,#5954,#5118,#5587A,#5249,#5469A,#5516,#5549,#5556B,#5838,#5815A,#5532A,#5506A,#5346,#5993,#5189,#5798,#5587,#5985A,#5295,#5346A,#5810A,#5861,#5351,#5289,#5189A,#5249B,#5798B,#5442,#5656,#5607,#5424A,#5320,#5637
kalemak,#5821,#5214,#6107,#5935,#5412,#5973,#5312B,#5915,#5514A,#5294,#5279,#5971B,#6070,#5611A,#5285B,#5573,#5141,#5393,#5465,#5312A,#6483,#5279A,#6118,#6342A,#5349,#5113,#5255,#6124B,#5424B,#5435,#5611B,#5285A,#6124,#5971A,#5424C,#5424A,#5157,#5294A,#5324,#5821A,#6208C,#5328,#6118A,#5971,#6208D,#5467,#5425A,#5351,#5121,#5222,#5272,#6566,#5340,#6229,#5354A,#6025A,#6329,#5558,#6485,#5312,#6107A,#5324A,#5731,#5428,#5351B,#5629A,#5514,#6342,#6329A,#5821B,#5329A,#5354,#5119,#6124A,#5459,#5467A,#6124C,#5340A,#5739,#5180,#6124D,#5611,#5219,#5425,#5329,#6071A,#5465A,#5697,#5629,#5915A,#6025,#5935A,#5668A,#5351A,#5424,#5414,#5231,#6002,#5840,#5668,#5840A,#6014,#6483A,#5156,#6528,#6071,#5741,#6002A,#5741A
babyspinachchemicalfree,#5496,#5496A,#5509,#5254,#5512,#5512A,#5512A,#5509A,#5424C,#5531,#5532,#5279,#5531A,#6200A,#5282,#6207A,#5532A,#6208A,#6208,#5287,#6207,#5279A,#6200,#6198,#5282A,#6180,#6172,#5282B,#6151,#5561,#5563,#5322,#5575,#5322A,#5322B,#5340,#5577,#5341,#5424B,#5575A,#5575B,#5424A,#5575C,#5354,#5361,#5135,#5133,#5577A,#5577B,#5603,#5963A,#5961A,#5963,#5959A,#5961,#5959,#5122,#5609,#5603A,#5943A,#5950,#5943,#5942,#5939,#5116,#5424,#5363,#5618,#5926,#5603B,#5625,#5903A,#5629,#5898A,#5903,#5413A,#5629A,#5898,#5896,#5417A,#5893,#5417,#5862A,#5415,#5864,#5863,#5862,#5860,#5845A,#5841B,#5841A,#5413,#5845,#5411,#5841,#5837,#5798B,#5798A,#5798,#5791,#5789,#5770A,#5779,#5770,#5354A,#5707A,#5707,#5700,#5697
baladywholechickenchemicalfree,#5760,#6121,#5938,#5668A,#6082B,#6080B,#5938A,#6178A,#5511A,#5143,#5417A,#6080A,#6119A,#6073A,#6189B,#5417,#6082A,#6194,#6082,#6089A,#6121B,#5967,#6129,#5637,#5321,#6097,#6123A,#5683B,#5706,#6089B,#5644,#5415,#5363,#5683A,#6121A,#6080,#5511B,#6082A,#5683,#5322B,#5846,#6189,#6137,#5974,#5649,#6153,#5977,#5409,#5467,#5586A,#6136,#6005A,#5967A,#5322A,#5511,#5645A,#5929,#6097A,#6130,#6137A,#5977A,#5649A,#6204A,#5811,#6126A,#6126,#5322,#5974A,#5929A,#6073,#5994,#5799,#5272,#5467A,#5499,#5637A,#6004,#6005,#6004A,#5777A,#5770A,#5586,#5239A,#6008,#6178,#6024,#5773A,#5499A,#5777,#6204,#5387A,#5773,#5363A,#6117,#5770,#5944A,#5387,#5239,#5760A,#5668,#6137B,#6123,#5944,#6119,#6089
parselychemicalfree,#5122,#5668,#5625,#5862A,#6124D,#5470,#6124C,#5729A,#5862,#6124B,#5603B,#5127,#6552,#5625A,#5113,#5707A,#5707,#5869,#6150,#5908A,#6263,#5845A,#5176,#5869A,#5926,#5556,#5908,#5844A,#5415,#6127,#5136,#5556A,#6514A,#5987A,#6017A,#5362,#6039,#6124A,#5238,#5130,#6359,#5668A,#6124,#5432,#5322,#5603,#5935,#6039A,#5657B,#5501A,#6056,#5241,#5779,#5432A,#5262,#5221,#5729,#5362A,#6056A,#6039B,#5987,#5241A,#5959A,#5340A,#5657A,#5845,#5680,#5501,#5424,#5862B,#6513,#5322A,#5362B,#5424B,#6102,#6496,#5156,#6014,#5697,#5680A,#5322B,#5340,#6400,#5153,#5844,#5556B,#6017,#6400A,#6263A,#5657,#5556C,#5424C,#6400B,#6016,#5959,#5789,#5424A,#5935A,#6514,#5603A
80001,#6394A,#6468,#6153,#6408B,#6262,#6076B,#6076A,#6076,#6151,#6027,#6306,#6513,#6121B,#6218,#6288A,#6434,#6059,#6313,#6394,#6492,#6356,#6059A,#6339,#6288,#6492B,#6121,#6425A,#6204A,#6426,#6243,#6425,#6468A,#6122,#6337,#6204,#6222,#6524,#6299,#6469,#6277,#6456,#6277A,#6333,#6306A,#6426A,#6332,#6408A,#6101A,#6073,#6123,#6123A,#6299A,#6188,#6370,#6297,#6356A,#6398,#6418,#6471,#6097A,#6497,#6527,#6178A,#6374,#6492C,#6129,#6183,#6180,#6307,#6375,#6121A,#6179,#6073A,#6059B,#6176,#6527A,#6339A,#6454,#6022,#6097,#6101,#6137,#6398A,#6313A,#6439,#6375A,#6059B,#6137A,#6272A,#6272,#6535,#6323A,#6083,#6408,#6323,#6495,#6356B,#6374A,#6492A,#6155
beetrootchemicalfree,#5734,#5791,#5279A,#5935A,#6076A,#5252,#5150,#5798B,#5677,#5611A,#5424C,#5425A,#5424B,#6076B,#5959,#6005,#5424A,#5121,#5577,#5770A,#5934A,#5425,#6076,#6196,#6189B,#5279,#5512,#6189A,#6189,#5959A,#5730,#5402,#5942,#6056A,#5963,#6058A,#5798,#6163A,#6058,#5512A,#5496A,#5326,#5779,#6056,#6121,#5992A,#5963A,#5611B,#5798A,#5827,#5866B,#5423A,#6124,#5125,#5935,#6124A,#5577B,#5730A,#5469A,#5140,#6005A,#5402A,#5423A,#5934,#5320,#5469,#5415,#5549,#5497,#5424,#6154,#5423B,#5866,#6121A,#5869A,#6137,#5549A,#5469A,#5869,#5512A,#5496,#5770,#6124B,#6137B,#5113,#6121B,#5423,#5211A,#6163,#5992,#6124C,#5866A,#5577A,#5734A,#5211,#6124D,#6137A,#5611
redradishchemicalfree,#5264A,#5264,#5210,#5883A,#5883B,#5866B,#5174,#6121,#5432A,#6366A,#5574,#6121B,#6123A,#6039B,#6394,#6374,#6150,#5424B,#6163A,#6394A,#5424A,#5346,#5346A,#5580,#6121A,#5221,#6552,#6412,#6414,#6056A,#6273B,#5363A,#5657B,#5362A,#6058A,#6366,#5657A,#6292B,#6058,#6056,#5362B,#6039A,#6374A,#5657,#6039,#6017A,#5580A,#6017,#5424C,#5574A,#5362,#5595,#6414A,#6439,#6263A,#5967A,#5645A,#6439A,#5127,#5281A,#5574B,#6439A,#6273A,#5432,#6439B,#5281,#5963A,#5967,#6123,#6273,#6222,#5963,#5845,#5425A,#6292,#5425,#6292A,#5424,#5845A,#5645,#6468,#5866,#5415,#5595A,#5923,#6468A,#6163,#5363,#5866A,#5697,#5908A,#5883,#6263,#5908,#6485,#5264B
bananaschemicalfree,#5262,#5985,#5248,#5773A,#5138,#5845,#5963,#5908,#5354A,#5613,#5985A,#5584A,#5150,#6010A,#6005A,#5574,#5743,#6017,#5763,#5563A,#5590A,#5164,#5959,#5236,#5608,#5563,#5908A,#5584,#5590B,#5284A,#5893,#5779,#5831,#5221,#5899,#6010,#5961,#5431,#5432,#5284,#5354,#5760A,#5115,#5809,#5773,#5408,#6017A,#5321,#5149,#5279,#5402A,#5586,#5899A,#5311,#5902,#5587A,#5415,#5548A,#5816,#5361B,#5133,#5574A,#5809A,#5959A,#5587,#5763A,#5279A,#5961A,#5886A,#5789,#5135,#6015,#5121,#5743A,#5259,#5951,#5586A,#5677,#5361A,#5863,#5590,#5823,#5127,#6005,#5361,#5760,#5402,#5710,#5642,#5425,#5574B,#5886
salmonsteak,#5532,#5292,#5705,#5278,#5575B,#5556A,#5354A,#5254,#5556B,#5253,#6172,#6558,#5574A,#6297,#5556C,#6306,#5222,#5976,#5575A,#5574B,#5198C,#5198B,#6306A,#5484,#6328,#5950,#6337,#5198A,#6328A,#5198,#5556,#5927A,#5927,#6350,#6152,#5629,#5908A,#5908,#5181,#5180,#5575,#6369,#5629A,#6374,#5559,#5463,#5866B,#5173,#5866A,#5862B,#6374A,#5862A,#5866,#5448,#5574,#5431A,#5137,#6429,#5817,#6429A,#6429B,#5431,#5657,#6461,#5659,#6461A,#5657A,#5657B,#6505,#5401A,#5327,#5402A,#5740,#5402,#5401,#5325,#5320,#5682,#5710,#6206,#5532A,#6215,#6077A,#6077,#5352,#5575C,#5684,#5354
organiccoconutoil,#5883A,#5637A,#5424A,#5412,#5136,#5429,#5679B,#5318,#5556,#5556C,#5884,#5985A,#5859,#5972A,#5305A,#5679A,#5144,#5589A,#5883B,#5772A,#5355,#5484,#5884A,#5496,#5250,#6013,#5313A,#5123,#5214,#5461A,#5898A,#5637,#5985,#5223,#5898,#5679,#5589,#5972,#5237,#5903,#5556B,#5305,#5264B,#5424B,#5155,#5649,#5241,#5611B,#5738,#5681,#5611,#5364,#5803,#5627,#5433,#5424C,#5427,#5224,#5556A,#5772,#5883,#5799,#5649A,#5459,#5223A,#5171,#5113,#5389,#5903A,#5752,#5496A,#5391,#5406A,#5991,#5277,#5571,#5241A,#5313,#5166,#5186,#5547,#5424,#5611A,#5546,#5406,#5485,#5461
organiczucchinis,#5431,#5400A,#5424C,#6076,#6038,#5470,#6068A,#6058A,#6153,#6039,#5586A,#6099,#5734A,#5173,#5580,#5677,#5236,#6054B,#5198B,#6068,#6154,#5683A,#6089B,#5760,#5196,#5542,#5586,#5400,#5117,#6058,#5465A,#5130,#5729A,#5560,#5760A,#5424,#5198C,#5461,#6089A,#6128,#5142,#5532,#5198A,#5424B,#6076A,#5124,#5135,#6054,#5198,#5441,#6039B,#5743,#5150,#5461A,#5174,#5794A,#5683,#5164,#6133,#6089,#5432,#5683B,#5159,#6039A,#5743A,#6076B,#5211,#5729,#5424A,#6128A,#5580A,#5689A,#5465,#6054A,#6024,#5560A,#5532A,#5734,#6150,#5211A,#5185,#5125,#5122,#5431A,#5689,#5432A
quinoachmeicalfreegyptian,#5274,#5431A,#5462,#5556,#5556A,#5459,#5141,#5437A,#5586,#5276A,#5720,#5722,#5720A,#5234,#5437A,#5180,#5448,#5556B,#5334A,#5722A,#5351A,#5351B,#5773,#5394,#5778,#5773A,#5334,#5540,#5234A,#5197,#5798,#5798A,#5575,#5461A,#5461,#5160,#5798B,#5815,#5816,#5437,#5818,#5971A,#5825,#5481A,#5815A,#5435,#5834A,#5255,#5412,#5433,#5575C,#5971,#5556C,#5861,#5517,#5156,#5868,#5868A,#5611B,#5583,#5262,#5351,#5517A,#5431,#5611A,#5575A,#5901,#5905,#5481,#5901A,#5611,#5628,#5150,#5575B,#5950,#5618,#5901B,#5564,#5586A,#5936,#5202,#5530,#5276,#5118,#5202A
20002,#6513,#6556,#6560,#6423B,#6024,#6439B,#6439A,#6439A,#6423A,#6059,#6439,#6414A,#6390A,#6429B,#6080,#6429A,#6429,#6082,#6059A,#6059B,#6468A,#6059B,#6423,#6089,#6419,#6414,#6082A,#6082A,#6080A,#6082B,#6393,#6390,#6080B,#6527A,#6532B,#6089A,#6097,#6537,#6089B,#6374A,#6556A,#6532A,#6099,#6100,#6374,#6097A,#6100A,#6532,#6370,#6368,#6359,#6527,#6559,#6487,#6100B,#6100C,#6333,#6332,#6306A,#6514A,#6283A,#6306,#6487A,#6180,#6203,#6273B,#6283,#6257C,#6468,#6257B,#6257A,#6203A,#6263A,#6273A,#6517,#6516,#6222,#6273,#6263,#6257,#6514,#6252,#6238
babyspinach,#5198C,#5279A,#5294,#5083,#5263,#5351,#5884A,#5884,#6100C,#5985,#5985A,#5992,#5198B,#6120,#5992A,#6082B,#5335,#6100,#6118A,#6100B,#5794A,#5344A,#5862B,#6010A,#6080A,#6100A,#5812A,#6082A,#5864A,#6010,#6099,#6082,#5084,#5261,#5279,#5119,#6056,#5248,#5261A,#5180,#5064,#5105,#6082A,#5198,#5868A,#6014,#5868,#5184,#6016,#6089,#5344,#5099,#5255,#6017,#5323,#5198A,#6018,#5312,#5808,#5121,#5159,#5294A,#5812,#6118,#6080,#5813,#5184A,#5344B,#5792,#5312A,#6056A,#5141,#5124,#5824,#5231,#6130,#5219,#5973,#6080B,#5221,#5222,#5794,#6013
arugulachemicalfree,#5862A,#6016,#5423A,#5935A,#5959,#6010A,#5322,#6150,#5959A,#5657B,#5791,#5184,#5860,#5689A,#5556B,#5263,#5657,#5113,#5322A,#5279A,#5812,#5731,#5423B,#5423,#6080,#5556A,#6076,#5908A,#5423A,#6076A,#5512A,#6025A,#5531,#5935,#5657A,#6054A,#6054B,#5279,#6010,#5425,#5844A,#5824,#5943,#5862,#5425A,#5943A,#6054,#6076B,#5335,#5164,#6080A,#5340,#5866,#5697,#6080B,#5844,#5174,#5939,#5512A,#6160,#5908,#5812A,#5512,#5556C,#5508,#6054C,#5689,#5272,#6021,#6025,#5531A,#5119,#5340A,#5508A,#5813
importedgingeragrovate,#5439B,#5506A,#5611A,#5506A,#5625A,#5625,#5611B,#5424,#5935,#5424C,#5845A,#5613,#5531,#5823C,#5611,#5831A,#5935A,#5122,#5823B,#5959,#5823A,#5959A,#5481,#5531A,#5255,#5280,#5845,#5725,#5481A,#5725A,#5831,#5536,#5824,#5231,#5823,#5574B,#5129,#5816,#5725B,#5438,#5474,#5402A,#5798B,#5574A,#5248,#5362,#5536A,#5798A,#5798,#5741,#5402,#5770A,#5362B,#5506,#5362A,#5770,#5761A,#5763A,#5351B,#5501A,#5351,#5424A,#5501,#5761,#5351A,#5424B,#5439A,#5741A,#5162,#5280A,#5574,#5164,#5328,#5280B
50001,#6022,#6273A,#6263A,#6549A,#6440B,#6549,#6440A,#6073,#6295,#6442,#6535,#6549B,#6118,#6119,#6121,#6402B,#6124,#6124A,#6273B,#6121A,#6402A,#6412,#6118A,#6119A,#6124B,#6124C,#6292A,#6402,#6124D,#6556,#6121B,#6560,#6292,#6339A,#6556A,#6566,#6055A,#6257C,#6353,#6024,#6327B,#6054A,#6225,#6327A,#6233,#6257B,#6328A,#6238,#6339,#6245,#6333,#6057,#6250,#6328,#6442B,#6257,#6327,#6055,#6442A,#6054,#6263,#6257A,#6496,#6318,#6312,#6292B,#6273
wholechicken,#5604A,#5211,#5940,#5210,#5840A,#5840,#5152,#5260A,#5356A,#5252,#5609,#5961,#5271,#5722,#5236,#5961A,#5276,#5604,#5719A,#5127,#5226,#5729,#5534,#5241,#5897,#5241A,#5284,#5416A,#5167A,#5211A,#5189A,#5990,#5276A,#5534A,#5167,#5191,#5130,#5545,#5271A,#5189,#5335,#5729A,#5470,#5722A,#5333,#5307,#5176,#5804,#5361,#5361B,#5163,#5335A,#5284A,#5361A,#5564,#5573,#5164,#5403,#5624,#5356,#5416,#5646,#5356B,#5260
461030,#6442B,#6468,#6327B,#6327A,#6328A,#6468A,#6342A,#6342,#6225,#6400B,#6561,#6400A,#6233,#6234,#6246,#6556,#6385A,#6400,#6408A,#6253,#6549B,#6549A,#6549,#6547A,#6547,#6371A,#6366A,#6385,#6532B,#6532A,#6432,#6535,#6408B,#6532,#6566,#6373A,#6273,#6273A,#6408,#6442,#6373,#6273B,#6556A,#6371,#6292,#6292A,#6370,#6496,#6461,#6412,#6493,#6366,#6353C,#6353B,#6292B,#6312,#6318,#6461A,#6353A,#6353,#6327,#6328,#6442A
sproutsma,#5580,#5720A,#6080B,#5512A,#5971,#6076A,#5611,#5279A,#5469A,#5252,#5645A,#5509,#5354,#5164,#5434A,#5174,#5413A,#5645,#5980,#5716,#5434,#5971A,#6076B,#5169,#5344,#5157,#5344A,#5281A,#5512A,#5469A,#5897,#6076,#6137,#5413B,#5344B,#6080A,#5720,#5512,#5716A,#5509A,#5211A,#6137B,#5896,#5424A,#5424B,#6137A,#5413,#5971B,#5642A,#5211,#5415,#5279,#5113,#6080,#5354A,#5611B,#5469,#5611A,#5424C,#5580A,#5659,#5281,#5424
beeffilletchemicalfreefrozen,#5584A,#5741A,#5199B,#5975,#5575C,#5601,#5122,#5361A,#5410,#5574B,#5979,#5354A,#5764,#5324A,#5361,#5935A,#5126,#5574,#5253,#5719A,#5181,#5361B,#5184A,#5929,#5604A,#5575A,#5637A,#5184,#5199D,#5143,#6002,#5796,#5604,#5902,#5741,#5935,#5719,#5280,#5168,#5324,#6018A,#5796A,#5211A,#5199C,#6002A,#5584,#5354,#5574A,#6016,#5575B,#5211,#5637,#5573,#5929A,#5601A,#5280B,#5629A,#6018,#5575,#5327,#5629
461006,#6440,#6412,#6400B,#6284A,#6233,#6339,#6328A,#6373,#6492,#6400A,#6442A,#6493,#6556,#6440B,#6306,#6495,#6273B,#6549A,#6284,#6246,#6566,#6370,#6473,#6250,#6442B,#6549,#6292A,#6442,#6260,#6328,#6440A,#6375,#6263A,#6292,#6400,#6260A,#6492C,#6492B,#6273A,#6339A,#6273,#6373A,#6264A,#6375A,#6385A,#6532,#6535,#6492A,#6264,#6306A,#6532A,#6263,#6385,#6556A,#6532B,#6333,#6225,#6318,#6292B,#6549B,#6561
broccolimak,#5461A,#5264,#5935,#5939,#5570,#5469A,#5189,#5199,#5577,#5199A,#5141,#5656,#5143,#5469A,#5908A,#5341A,#5264A,#5343B,#5908,#5199B,#5416A,#5264B,#5410,#5424C,#5439B,#5469,#5961,#5199C,#5343A,#5199D,#5967,#5341B,#5961A,#5198B,#5198C,#5572A,#5495,#5224,#5967A,#5573,#5577B,#5362B,#5577A,#5501,#5236,#5501A,#5572,#5241,#5164,#5446A,#5241A,#5119,#5134,#5441,#5570A,#5935A,#5189A,#5196,#5416
151006,#6507A,#6434,#6267,#6263A,#6189,#6262,#6272,#6306A,#6263,#6306,#6356A,#6189A,#6314,#6351,#6257A,#6507,#6189B,#6547A,#6456,#6442,#6398,#6442A,#6434A,#6513,#6333,#6423A,#6218,#6494A,#6442B,#6272A,#6356B,#6328A,#6423B,#6566,#6535,#6398A,#6496,#6412,#6188,#6254,#6270,#6547,#6257,#6341,#6180,#6375,#6423,#6254A,#6257B,#6267A,#6375A,#6314A,#6494,#6257C,#6328,#6349,#6356,#6434B
almondsrawshelled,#5506,#5901A,#5351B,#5938,#5311,#5119,#5556,#5512,#5797A,#5351A,#5730,#5943,#5304,#5425,#5178,#5324A,#5901,#5425A,#5156,#5252,#5770A,#5222,#5862B,#5668A,#5551,#5943A,#5512A,#5730A,#5494,#5603A,#5938A,#5402A,#5862A,#5556C,#5556B,#5351,#5402,#5797,#6002A,#6016,#5506A,#5798,#5798B,#5603,#5770,#5798A,#5603B,#5561,#5901B,#5668,#5113,#5862,#5459,#6002,#5556A,#5324,#5275
strawberry,#5570,#5320,#5284A,#5301A,#5301,#5342,#5280B,#5280A,#5273A,#5348,#5279A,#5287,#5284,#5532A,#5534,#5280,#5532,#5279,#5273,#5506A,#5512A,#5506A,#5512A,#5512,#5252,#5506,#5236,#5204A,#5232,#5498,#5362,#5198C,#5198B,#5481A,#5204,#5198A,#5481,#5198,#5184A,#5469A,#5184,#5469A,#5469,#5174,#5173,#5151,#5131,#5121,#5119,#5113,#5104,#5089,#5051,#5056,#5342B,#5342A,#5054
exportorganiconion,#5343B,#5657,#5573,#5841A,#5841B,#5176,#5649A,#5424,#5424C,#5164,#5575,#5150,#5575A,#5844,#5361A,#5657B,#5424B,#5536A,#5580,#5415,#5333,#5287,#5342,#5439B,#5341,#5649,#5506A,#5841,#5354,#5424A,#5341B,#5496,#5342B,#5575B,#5657A,#5867A,#5844A,#5343,#5273A,#5439,#5506,#5361,#5496A,#5273,#5168,#5575C,#5342A,#5341A,#5536,#5506A,#5439A,#5361B,#5354A,#5343A,#5580A,#5867,#5136
coloredbellpepperchemicalfree,#5798A,#5934,#5797,#5886A,#5292,#5495,#5279A,#5136,#5199C,#5893,#5173,#5236,#6032,#5465,#5423A,#5446,#5935A,#5446A,#5431A,#5424A,#5431,#6124,#5423A,#5779,#6005A,#5923,#5470,#5239,#5423B,#5199A,#5465A,#5424B,#5980,#5496,#5115,#6124A,#5279,#5424,#6058,#6010,#5423,#5239A,#5886,#5798,#6119,#6058A,#5199,#6005,#5424C,#6010A,#6118,#5935,#5797A,#5415,#5199B,#5926
italianbasilma,#5424C,#5272,#5649,#5836A,#5328,#5563,#5778,#5587,#5174,#5361,#5351B,#6128A,#5465,#5424A,#5166,#5311,#6076,#5867,#5442,#5351,#5773,#5563A,#6017,#6107A,#6107,#5113,#5845A,#6128,#5424,#6002A,#5133,#5773A,#5469,#6002,#6172,#5424B,#5320,#5465A,#5987,#5434A,#5789,#6076A,#5281A,#5281,#5263,#5845,#5434,#5279,#5142,#5587A,#5697,#5202,#5836B,#5836,#5202A
221018,#6293,#6323A,#6267,#6259,#6559,#6258,#6561,#6268,#6399,#6237,#6525,#6480,#6186,#6065,#6118A,#6255,#6367,#6415,#6418,#6235,#6557,#6120,#6306,#6118,#6115,#6201,#6331,#6065A,#6105,#6438,#6490,#6377,#6205,#6335,#6439,#6438A,#6267A,#6439A,#6205A,#6215,#6439A,#6556A,#6235A,#6355,#6439B,#6354,#6556,#6291,#6186A,#6306A,#6377A,#6153,#6323
kalechemicalfree,#6172,#5626,#5279,#5845A,#5414,#5560A,#5618,#5683B,#5798A,#5577B,#5285,#6208B,#6208A,#5798,#6208,#6070A,#5683A,#5279A,#5417,#5862B,#5282,#5798B,#6080,#5669A,#5282A,#6089,#5415,#6080A,#5417A,#6080B,#6170A,#6170,#6089A,#5577,#6089B,#5845,#6100,#5626B,#5282B,#5626A,#5864,#5779,#5174,#5577A,#5864A,#5669,#5116,#5683,#5778,#5862,#5936,#5560,#5862A
151003,#6328,#6349,#6314A,#6376,#6180,#6314,#6218,#6200A,#6328A,#6123,#6434B,#6356,#6058A,#6207A,#6312,#6076,#6273A,#6205A,#6273B,#6423,#6401A,#6198A,#6207,#6205,#6104,#6337,#6336,#6102,#6398A,#6058,#6277A,#6118A,#6409,#6356B,#6200,#6076B,#6273,#6423A,#6277,#6401,#6076A,#6198,#6398,#6423B,#6117,#6395,#6123A,#6356A,#6270,#6434,#6372,#6251,#6118
premiumbrownsugar,#5628,#5763A,#5804,#5901A,#5763,#5532,#5556,#5416A,#5437A,#5469,#5556C,#5234A,#5408,#5556A,#5437A,#5972,#5649,#5649A,#5575C,#5149,#5611A,#5442A,#5575B,#5288,#5938A,#5972A,#5532A,#5575A,#5416,#5611,#5943A,#5576,#5611B,#5575,#5773A,#5234,#5469A,#5943,#6118,#5938,#5868A,#5128,#5776,#5556B,#5773,#5901B,#5320,#5469A,#6118A,#5442,#5561,#5437,#5901
501005,#6434B,#6270,#6215,#6412,#6373,#6434A,#6492,#6225,#6306,#6434,#6426A,#6425,#6513,#6561,#6425A,#6426,#6259,#6375,#6277,#6473,#6429,#6373A,#6341,#6264,#6393,#6390,#6537,#6566,#6264A,#6375A,#6390A,#6492A,#6333,#6339A,#6492B,#6277A,#6368,#6420,#6497,#6492C,#6339,#6370,#6525,#6246,#6495,#6459,#6453A,#6218,#6418,#6306A,#6453
lollarossalettucechemicalfree,#5943A,#5496A,#5461A,#5992A,#6189A,#5779,#5794A,#5794,#5465,#5437A,#5788A,#6005,#5496,#5788,#5963,#5437A,#6100B,#6100C,#5936,#6082,#6082A,#6082B,#5961A,#6089B,#5963A,#6099,#5311,#6189,#6100,#5943,#6082A,#6189B,#5514A,#6005A,#5465A,#6172,#5435,#5821B,#5961,#5821A,#5821,#5461,#5820,#5437,#6100A,#6089,#6089A,#5669A,#6010A,#6010,#5992
461032,#6375A,#6566,#6225,#6438A,#6425,#6400A,#6425A,#6263,#6260,#6412,#6262,#6344,#6222,#6241,#6429B,#6556,#6535,#6328,#6485,#6429A,#6493,#6440B,#6556A,#6440A,#6390,#6547,#6260A,#6487A,#6267A,#6400,#6438,#6429,#6328A,#6263A,#6375,#6440,#6408B,#6385,#6368,#6547A,#6408,#6400B,#6267,#6408A,#6390A,#6261,#6366A,#6366,#6344A,#6385A,#6487
exportorganiccoloredbillpepper,#5556A,#5951,#5943,#5341A,#5127,#5941,#5532,#5150,#5361A,#5249A,#5549A,#5773,#5561,#5556,#5199D,#5326,#5282,#5204A,#5282A,#5934A,#5125,#5182,#5770,#5961,#5943A,#5314A,#5961A,#5124,#5341,#5534,#5211,#5204,#5262,#5770A,#5314,#5942,#5549,#5773A,#5341B,#5249B,#5361,#5282B,#5131,#5320,#5534A,#5249,#5532A,#5798B,#5807,#5361B
celerychemicalfree,#6123,#5935,#5973,#5837,#5733A,#5884,#5739,#5883B,#5883,#6121B,#5883A,#5935A,#6016,#6198,#6005,#5884A,#5908,#6010A,#5629A,#5743A,#5733,#6056A,#5501,#5959,#6032,#5992,#5704A,#5704,#6005A,#6172,#5743,#5595A,#5629,#5992A,#5869A,#5595,#6056,#6123A,#5959A,#6010,#5501A,#6198A,#5779,#6039,#5908A,#6121,#5697,#5869,#6150,#6121A
corianderchemicalfree,#5340A,#5340,#5424B,#5903,#5729,#5657A,#6039B,#5344B,#5333,#5657B,#5432A,#5432,#5961A,#5959A,#5961,#5707,#5707A,#5959,#5221,#5415,#5668,#5424C,#5697,#5844,#6150,#5424,#5844A,#6161,#6161A,#5657,#5797,#5424A,#6056A,#5470,#6056,#5344,#6039A,#5668A,#6039,#5797A,#5292,#5903A,#5150,#5262,#5789,#5344A,#5136
pumpkinseeds,#5442A,#5149,#5113,#5424A,#5353,#5351,#5498,#5514,#5773A,#5156,#5214,#5424B,#5346,#5484,#5517,#5512A,#5363,#5514A,#5509A,#5810A,#5424C,#5823,#5119,#5437,#5287,#5288,#5294,#5346A,#5815,#5487,#5132,#5180,#5810,#5351A,#5351B,#5442,#5294A,#5437A,#5437A,#5509,#5353A,#5424,#5363A,#5358,#5459,#5773,#5512
organicflaxseeds,#5346A,#5424B,#5532,#5686,#5938A,#5334,#5530,#5162,#5818,#5294A,#5328,#5686A,#5294,#5205B,#5205A,#5499,#5424A,#5861,#5993,#5516A,#5141,#5132,#5532A,#5815A,#5175,#5205,#5938,#6130,#5124,#5815,#5901A,#5499A,#5459,#5999,#5424,#5686B,#5516,#5901B,#5710,#5411,#5424C,#5334A,#5901,#5180,#5254,#5275
greenicebergma,#5341B,#6156B,#5341A,#5361A,#5362A,#5236,#6161,#6126A,#6161A,#6156C,#5788,#5577A,#5812,#5577,#5577B,#5164,#5284A,#5119,#5725,#5361,#5827,#5725A,#5725B,#5230,#5761A,#5942,#6082A,#5125,#6082A,#5844,#5241A,#5788A,#5538,#5362,#5284,#5812A,#5761,#6154,#5362B,#5629,#6082,#6156,#5292,#5361B,#6082B,#6156A
461002,#6567,#6233,#6238,#6250,#6257,#6259,#6264,#6264A,#6272,#6273,#6273A,#6277,#6257A,#6257B,#6257C,#6273B,#6294,#6272A,#6277A,#6337,#6339,#6370,#6371,#6375,#6339A,#6375A,#6390,#6398,#6371A,#6398A,#6412,#6418,#6434,#6390A,#6440,#6442,#6434A,#6434B,#6453,#6440A,#6461,#6461A,#6442A,#6442B,#6535
lemonchemicalfree,#5280B,#5827,#5923,#5845A,#5173,#5280A,#5497,#5400A,#5115,#5823C,#5117,#5188,#5573,#5883B,#5280,#5823B,#5657B,#5210,#5574,#5942,#5534,#5424,#5823A,#5883A,#5424C,#5823,#5845,#5534A,#5424B,#5188A,#5657A,#5279A,#5424A,#5883,#5474,#5287,#5657,#5279,#5400,#5961,#5797A,#5574B,#5797,#5574A
kiwiagrovate,#5971B,#5361A,#5342,#5935A,#5361,#5198A,#5971A,#5249B,#5497,#5122,#5548A,#5935,#5595A,#5342A,#5763,#5198,#5997,#5416,#5763A,#5150,#5184A,#5184,#5149,#5595,#5416A,#5574A,#5893,#5886A,#5249,#5263,#5142,#5886,#5342B,#5797,#5125,#5816,#5561,#5797A,#5361B,#5249A,#5574,#5971,#5198C,#5198B
101001,#6130,#6559,#6123A,#6264,#6398,#6439A,#6151,#6113A,#6291,#6277A,#6264A,#6137A,#6118A,#6113D,#6398A,#6137B,#6455,#6439,#6297,#6137,#6040,#6177,#6439B,#6113,#6250,#6195,#6123,#6422,#6199,#6552,#6113B,#6113C,#6439A,#6120,#6081,#6118,#6240,#6232,#6231,#6351,#6515,#6045,#6489,#6277
melonagrovate,#5967,#5354,#5935A,#5306,#5140,#6506A,#5280B,#5569A,#5819A,#5416,#6506,#5431A,#6487A,#5354A,#6267,#5967A,#5595A,#5122,#5943,#5898,#5569,#5431,#6238,#6100B,#5280A,#5223A,#6267A,#5416A,#5935,#5423A,#5860,#6100C,#5224,#5223,#6100,#5423,#5898A,#6487,#5280,#5943A,#5819,#5348,#5595,#6261
tomatochemicalfree,#5689A,#5959A,#5908,#5963,#5820,#5992A,#5560A,#5844,#5569A,#5959,#5689,#5788,#5725B,#6014,#5963A,#5813,#5719A,#5939,#5867,#5770A,#6017A,#5867A,#5719,#5961A,#5827,#6017,#5937,#5725,#5788A,#5961,#5844A,#5770,#6005,#5677,#5908A,#5725A,#5560,#5569,#5992,#5951,#6005A,#5807,#5942
driedcranberry,#5188A,#5739,#5506A,#5158,#5424C,#5920A,#5425A,#5424B,#5346,#5574,#5437A,#5188,#5680A,#5821A,#5680,#5346A,#5437A,#5551,#5428,#5424,#5506,#5821,#5340A,#5340,#5574B,#5437,#5114,#5929,#5960,#5966,#5779,#5929A,#5263,#5574A,#5123,#5425,#5306,#5821B,#5424A,#5484,#5487,#5920,#5506A
shamsybread,#5416A,#6059B,#5605,#5770A,#5423A,#5440B,#5489,#6059A,#5440A,#5161,#5589,#5440,#5587,#5416,#5121,#5123,#5150,#5442A,#5589A,#5436,#5423,#5442,#5423B,#5474,#6021,#5138,#5650,#5605A,#6059B,#5115,#5147,#5535,#5767,#5436A,#5587A,#5531A,#5767A,#6059,#5423A,#5715A,#5531,#5770,#5715
sweetpotatoeschemicalfree,#5231,#5867,#5951,#6004,#6005,#5992,#6004A,#5249,#5176,#5122,#6010,#5939,#5135,#5238,#5204A,#5959,#5198A,#6017,#5167A,#5167,#5898A,#5168,#5261A,#5198B,#5895A,#5898,#5961,#5115,#5895,#5893,#5198,#5884A,#5204,#5224,#5884,#5992A,#5261,#5867A,#5124,#5260,#5198C,#5961A,#5941
chives,#5556B,#5556A,#6121B,#5697,#5083,#6041,#5556,#6153,#6170,#5424C,#5136,#6041A,#6043,#5577B,#5577A,#5686A,#6043A,#5424,#6056,#5556C,#5346,#6170A,#6056A,#5424A,#5733,#5424B,#6121A,#6121,#5173,#5281,#5465A,#5248,#5465,#5686,#5577,#5238,#5414,#5088,#5284,#5686B,#5281A,#5284A
mushroom fresh,#5816,#5755A,#5512A,#5574B,#5952,#6014,#5189A,#5259,#5174,#5198B,#5512A,#5361A,#5812A,#5494,#5198,#5205A,#5236,#5730,#5908A,#5198C,#5280,#5613,#5328,#5215,#5205,#5198A,#5512,#5574,#5952A,#5205B,#5577A,#5361,#5812,#5730A,#5361B,#5908,#5577B,#5572,#5574A,#5755,#5189,#5577
beef,#5387A,#5181,#5387,#5253,#5284,#5284A,#5321,#5325,#5352,#5354,#6000A,#6000,#5976,#5885,#5861,#5840A,#5840,#5817,#5796A,#5796,#5741A,#5741,#5713A,#5713,#5707A,#5710,#5354A,#5707,#5705,#5608,#5580A,#5580,#5564,#5488A,#5488,#5439B,#5439A,#5463,#5441,#5439,#5416A,#5416
221001,#6264A,#6251,#6375,#6557,#6291,#6367,#6118A,#6354,#6355,#6255,#6439B,#6089,#6467,#6559,#6264,#6215,#6439A,#6300,#6089A,#6375A,#6258,#6348,#6439A,#6089B,#6480,#6561,#6306A,#6251A,#6439,#6105,#6201,#6230,#6472,#6268,#6399,#6065A,#6529,#6065,#6118,#6306,#6120
lemongrassma,#5837,#5284A,#5328,#5575C,#5166,#5173,#5461,#5174,#5778,#5902,#5575,#6089B,#5761A,#5461A,#5761,#6153,#5414,#5577,#5534,#5509A,#5575A,#6056,#5577B,#5697,#5362B,#5362A,#5362,#5509,#5575B,#5284,#6056A,#5534A,#6089,#5798B,#5798A,#5437,#5798,#5437A,#5437A,#6089A
baladibread,#5562,#5147,#5440A,#6124D,#6124C,#6124B,#5683B,#5440,#6059,#5506,#5499A,#5499,#5987,#5531A,#6059B,#6136,#6059B,#5959A,#5554,#5959,#6124A,#5506A,#5683A,#6059A,#5576,#5923,#5767,#5625,#5767A,#6151,#5987A,#5908A,#5908,#5625A,#5896,#5506A,#5440B,#6124
zucchinichemicalfree-1,#5883,#5798B,#5804,#5893,#5798A,#5884,#5262,#5898,#5292,#5885,#5798,#5314,#5788A,#5788,#5941,#5942,#5937,#5934,#5862B,#5779,#5321,#5934A,#5260,#5883A,#5260A,#5898A,#5958,#5959,#5961,#5827,#5959A,#5883B,#5967,#5961A,#5884A,#5820,#5958A,#5814
501001,#6261,#6423B,#6337,#6252,#6555,#6328,#6246,#6461,#6366,#6425A,#6264,#6408B,#6333,#6264A,#6439,#6537,#6259,#6535,#6423A,#6257A,#6442,#6560,#6257B,#6513,#6373,#6425,#6439A,#6424A,#6439A,#6257,#6328A,#6424,#6256,#6423,#6408A,#6371,#6552
orangesagrovate,#5424,#5115,#5844A,#5613,#5844,#5819A,#5831,#5819,#5142,#5149,#5354,#5563A,#5657,#5424A,#5322B,#5424B,#5322A,#5657A,#5164,#5657B,#5322,#5320,#5563,#5763A,#5763,#5301A,#5301,#5354A,#5725B,#5725A,#5725,#5274,#5528,#5509A,#5424C,#5509,#5831A
medjouldates,#5274,#5967,#5606,#5222,#5681,#5345,#5354,#5231,#5251,#5556A,#5797A,#5704,#5625A,#5556,#5556B,#5282B,#5324,#5131,#5992A,#5282A,#5351,#5993,#5251A,#5816,#5992,#5704A,#5228,#5556C,#5149,#5288,#5797,#5282,#5625,#5967A,#5868A,#5388
spinachchemicalfree,#5431A,#5535,#5403,#6163,#5779,#5150,#5164,#5122,#5176,#5439A,#5425A,#5618,#5845A,#5883,#5883A,#5646,#5689,#6154,#5549,#5574A,#5542,#5431,#5196,#5168,#5574B,#5845,#5884,#5439,#5883B,#5439B,#5791,#5478,#5441,#5136,#5142,#5425
lollarossama,#5343B,#5334A,#5416,#5416A,#5441,#5514,#5573,#5577,#5577A,#5577B,#5668,#5669,#5668A,#5669A,#5686,#5686A,#5686B,#5731,#5943,#5943A,#5343,#5334,#6119,#6128,#5320,#5284A,#6119A,#6128A,#5284,#5259,#5255,#5248,#5122,#5121,#5343A
501022,#6267A,#6423B,#6356A,#6438,#6439A,#6219A,#6439A,#6254A,#6513,#6423A,#6260A,#6439B,#6438A,#6264A,#6371A,#6560,#6356B,#6241,#6532,#6371,#6267,#6219,#6264,#6412,#6549B,#6532A,#6254,#6439,#6423,#6549A,#6394,#6549,#6532B,#6370,#6260
461005,#6342,#6408,#6262,#6535,#6375A,#6374A,#6442B,#6292B,#6485,#6461A,#6440B,#6337,#6238,#6398A,#6246,#6328,#6461,#6473,#6342A,#6400,#6292A,#6370,#6253,#6554,#6408A,#6328A,#6292,#6398,#6566,#6440A,#6374,#6442,#6375,#6440,#6442A
341004,#6208C,#6385A,#6461,#6501A,#6208B,#6273,#6501,#6273A,#6215,#6219,#6284A,#6257C,#6198A,#6468,#6528,#6257B,#6461A,#6390,#6485,#6468A,#6284,#6487,#6487A,#6306,#6385,#6219A,#6208D,#6257A,#6306A,#6182,#6273B,#6390A,#6261,#6532
importedredgrapes,#5249A,#5320,#5211,#5469A,#5967,#5809A,#5809,#5282,#5249,#5506,#5236,#5556C,#5556A,#5249B,#5556B,#5506A,#5211A,#5561,#5534A,#5174,#5534,#5469A,#5900,#5506A,#5967A,#5556,#5469,#5941,#5239A,#5900A,#5282A,#5538,#5282B,#5239
dill-1,#6124A,#6124,#5697,#5729,#5668A,#5668,#5657B,#5657A,#5789,#5657,#5432,#5807,#5844,#5844A,#5432A,#5862B,#5470,#5959,#5959A,#5963,#5963A,#5221,#5238,#6017,#6017A,#5262,#6056,#6056A,#5292,#6102,#5333,#6124D,#6124C,#6124B
20023,#6408A,#6425,#6547,#6402A,#6408,#6080A,#6425A,#6505,#6402B,#6080B,#6547A,#6203,#6549,#6082,#6549A,#6080,#6408B,#6549B,#6485,#6128,#6161A,#6161,#6075,#6128A,#6203A,#6058A,#6058,#6513,#6222,#6245,#6238,#6266,#6233,#6402
151002,#6372,#6473,#6507,#6547,#6412,#6394A,#6394,#6363B,#6363A,#6507A,#6374A,#6547A,#6374,#6369,#6363,#6206,#6207,#6562A,#6207A,#6218,#6316,#6562,#6082,#6243,#6493,#6077A,#6077,#6334,#6259,#6260,#6260A,#6097,#6533
501003,#6263,#6375A,#6229,#6531,#6400B,#6437,#6263A,#6393,#6375,#6412,#6513,#6371A,#6257,#6371,#6448,#6398,#6448A,#6366,#6400,#6416,#6400A,#6233,#6532B,#6537,#6264,#6398A,#6532A,#6531A,#6366A,#6231,#6543,#6535,#6267
beefmince0fatchemicalfree,#5143,#5584A,#5722,#5322,#5676,#5222,#5722A,#5668A,#5668,#5280B,#5183,#5280A,#5322A,#5258,#5322B,#5865,#5155,#5199D,#5199C,#5881,#5881A,#5199B,#5347,#5189,#5280,#5199A,#5584,#5199,#5126,#5149,#5189A,#5361,#5358
importedamericanpears,#5342,#5570B,#5845,#5342A,#5424,#5967A,#5342B,#5280,#5992,#5903,#5903A,#5763A,#5424B,#5845A,#5899A,#5150,#5554,#5963A,#5236,#5967,#5963,#5899,#5431,#5280B,#5424A,#5424C,#5122,#5280A,#5224,#5538,#5570C,#5980,#5763
40017,#6203,#6468,#6070A,#6113C,#6203A,#6089B,#6113D,#6076B,#6113A,#6113B,#6113,#6513,#6555,#6089A,#6076,#6328,#6268,#6089,#6468A,#6128,#6130,#6076A,#6412,#6250,#6128A,#6070,#6150,#6172,#6328A,#6189,#6189A,#6189B
501006,#6566,#6371A,#6556,#6556A,#6260,#6531A,#6264,#6264A,#6531,#6273,#6273A,#6260A,#6278,#6284,#6273B,#6494A,#6506A,#6284A,#6506,#6306,#6494,#6493,#6306A,#6333,#6473,#6353,#6353A,#6353B,#6353C,#6366,#6371,#6366A
seedssprouts,#5437A,#5572,#6121B,#6010A,#5669,#5715A,#5484,#5437,#5669A,#5770A,#5346,#5730,#5199,#5199A,#5730A,#5199C,#5199B,#5199D,#6121A,#5341B,#5341A,#5770,#5222,#5437A,#5341,#5626B,#5936,#5715,#5572A,#6121,#6010,#5626A
babycorn,#5967,#5252,#5668,#5668A,#5327,#5867A,#5649,#5150,#5156,#5469,#5425A,#5903,#5469A,#5586,#5469A,#5425,#5867,#5903A,#5773A,#5923,#5115,#5683,#5941,#5943,#5481,#5586A,#5683A,#5773,#5649A,#5481A,#5561
greenfrenchapples,#5501A,#5823A,#5249,#5823C,#5570C,#5343A,#5823B,#5249B,#5501,#5686A,#5686,#5538,#5224,#5343,#5869A,#5249A,#5570B,#5343B,#5570D,#5925A,#5844,#5725B,#5823,#5844A,#5613,#5686B,#5925,#5816,#5263,#5119,#5869
chickencutletsshishtawook,#5356B,#5719A,#5668A,#5495,#5356,#5601,#5177,#5938A,#5961A,#5961,#5311,#5545,#5199A,#5199B,#5601A,#5938,#5484,#5199C,#5199D,#5589,#5356A,#5994,#5410,#5589A,#5280A,#5199,#5280,#5280B,#5668,#5498,#5719
cookies,#5740,#5700,#5973,#5147,#5400,#5556A,#5150,#5177,#5737A,#5637A,#5645A,#5400A,#5556B,#5831A,#5743A,#5138,#5645,#5903A,#5489,#5831,#5737,#5903,#5477A,#5556,#5964,#5556C,#5500,#5637,#5743,#5477
exportorganicspringonion1,#5173,#5469A,#5432A,#5469A,#5556A,#5556B,#5595,#5556C,#5432,#5425A,#5425,#5935,#5595A,#5845A,#5845,#5215,#5809A,#5809,#5798B,#5488,#5798A,#5798,#5770A,#5488A,#5779,#5770,#5221,#5556,#5469,#5319
bedouinbeitkalawichemicalfree,#5704,#5863,#5796,#5883A,#5531,#6089B,#6039,#5417A,#6136,#5883,#5740,#6089A,#6089,#5531A,#5883B,#5629A,#5436,#5354,#5629,#5436A,#6049,#5417,#6039A,#5796A,#6076B,#6076A,#6049A,#6151,#5354A,#6076
pinkgrapfruits,#5572,#5400A,#5642,#5668,#5761A,#5764,#5844,#5761,#5415,#5642A,#5113,#5884,#5950,#5754,#5668A,#5280B,#5280A,#5844A,#5629A,#5477,#5280,#5725B,#5725A,#5884A,#5952A,#5400,#5477A,#5629,#5912,#5912A
501020,#6339,#6567,#6328,#6306A,#6306,#6371,#6448A,#6448,#6257C,#6513,#6257B,#6257A,#6263A,#6375,#6414A,#6339A,#6264A,#6531,#6432,#6264,#6429B,#6429A,#6531A,#6429,#6263,#6257,#6252,#6414,#6222,#6328A
cashewnutraw,#5797A,#6002A,#5901,#5901A,#5668,#5512A,#5603B,#5388,#5797,#5512,#5512A,#5901B,#6002,#5730,#5388A,#5810,#5133,#5938,#5287,#5459,#5972A,#5603,#5487,#5668A,#5603A,#5938A,#5156,#5730A,#5810A,#5972
vealescalopechemicalfreefrozen,#5436A,#5575B,#5938A,#5959,#5902,#5959A,#5885,#5943A,#5575,#5322B,#5515,#5575A,#5979,#5436,#5322A,#5556C,#5799,#5575C,#5320,#5668,#5325,#5668A,#5556B,#5938,#5943,#5322,#5230,#5556,#5556A
221013,#6265,#6377A,#6375A,#6354,#6439B,#6089,#6355,#6439A,#6300,#6089A,#6439A,#6089B,#6439,#6250,#6105,#6046A,#6046,#6065,#6234,#6118,#6367,#6237,#6557,#6118A,#6375,#6268,#6258,#6377,#6065A
pecanraw,#5512A,#5512,#5810,#5668,#5764,#6002A,#5238,#5668A,#6002,#5810A,#5173,#5388A,#5345,#5279A,#5583,#5512A,#5606,#5311,#5279,#5697,#5707A,#5707,#5938,#5345A,#5938A,#5388,#5943,#5943A
curlyfriseema,#5689,#5689A,#5174,#5860,#5821A,#5697,#5556C,#5781,#5812A,#5992A,#5686B,#5556,#5821,#5556A,#5781A,#5943,#5556B,#6137B,#5251,#6137,#5821B,#5812,#5943A,#6137A,#5686A,#5992,#5939,#5686
20009,#6056A,#6121A,#6100B,#6100C,#6556,#6121B,#6082,#6306A,#6292B,#6082A,#6082A,#6056,#6082B,#6219A,#6278,#6556A,#6306,#6039A,#6219,#6292A,#6100,#6039,#6292,#6100A,#6238,#6039B,#6121,#6566
unsweetenedalmondmilk,#5354A,#5350,#5167A,#5311,#5164,#5247,#5119,#5334,#5178,#5329,#5214,#5167,#5304,#5263,#5350A,#5220,#5358,#5141,#5146,#5248,#5123,#5138,#5234A,#5329A,#5234,#5147,#5354
40011,#6076A,#6423,#6124D,#6292,#6423B,#6338,#6505,#6292A,#6353B,#6496,#6076,#6076B,#6328,#6513,#6176,#6089A,#6423A,#6089B,#6124B,#6353C,#6124C,#6353,#6353A,#6292B,#6124A,#6089,#6328A
iceberglettucechemicalfree,#5342,#5259,#6124C,#5354A,#6039A,#5174,#6054,#6039B,#5115,#6054A,#6054B,#5481A,#6039,#6076A,#6124,#6121,#6124A,#6076,#5301,#5481,#6126,#6054C,#5497,#5341,#5301A,#5354,#6124B
221014,#6408,#6273A,#6557,#6408A,#6375,#6399,#6306,#6065,#6176,#6408B,#6377,#6089B,#6089A,#6355,#6089,#6065A,#6273B,#6354,#6350,#6306A,#6375A,#6412,#6273,#6237,#6255,#6367,#6377A
 amaranth,#6423,#6423B,#6561,#6089,#5836B,#5808,#5798B,#6328,#6562,#6328A,#5558,#5798,#6255,#6089A,#6150,#6423A,#5836A,#5798A,#6553,#6557,#5836,#5920A,#5993,#5920,#6130,#6089B,#6562A
sweetpineapples,#5324A,#5324,#5604A,#5174,#5417,#5301A,#5604,#5301,#5354A,#5279A,#5536A,#5732,#5536,#5809,#5987A,#5618,#5142,#5279,#5131,#5611,#5611A,#5354,#5697,#5987,#5611B,#5122,#5973
honey,#5346,#5353,#5121,#5184A,#5178,#5198,#5362,#5198C,#5119,#5177,#5133,#5356,#5198B,#5114,#5188A,#5123,#5188,#5184,#5354A,#5198A,#5343,#5361,#5354,#5129,#5155,#5168,#5113
flaxoil,#5312,#5920,#5167A,#5920A,#5424C,#5312A,#5944A,#5710,#6137A,#6137B,#5887,#6137,#5312B,#6203,#5424B,#6205,#5424,#5794A,#5794,#5122,#6205A,#6203A,#5702,#5424A,#5702A,#5167
exportorganiclemon,#5122,#6180,#6542A,#5341A,#5959A,#5657,#6535,#5564,#5657A,#6542,#5657B,#5424C,#5959,#6017,#5424,#5340A,#5174,#5341,#5121,#5340,#5135,#5341B,#5424B,#5415,#5424A,#5223
mesclun,#5469,#5265,#5943A,#6010A,#5294A,#5416,#6010,#6002A,#5415,#6002,#5963A,#5294,#5292,#5686A,#5328,#5686,#5469A,#5908,#5908A,#5416A,#5963,#5469A,#5119,#5442A,#5442,#5943
camelmilk,#5647A,#5718,#5353,#5678B,#5825,#5575C,#5422,#5363,#5254,#5353A,#5363A,#5575,#5380,#5274,#5329A,#5575A,#5678,#5575B,#5863,#5898A,#5380A,#5678A,#5647,#5329,#5161,#5898
driedblueberries,#5649,#5779,#5552A,#5552,#5999,#5985A,#5992,#5647A,#5992A,#5649A,#5595,#5537,#5866B,#5866,#5647,#5866A,#5697,#5985,#5595A,#5681,#5680,#5920,#5680A,#5941,#5993,#5920A
organicwhitequinoa,#6051,#5341,#5920,#6051A,#6009,#6010A,#6010,#5394,#5920A,#5978,#5978A,#5855,#5887A,#6023,#5209,#6003,#6100B,#5308,#5341A,#5341B,#6100,#5266,#6100C,#5818,#5887
cornflakes,#5678A,#5987A,#5920,#5704A,#5704,#5529,#5129,#5929A,#5993,#5920A,#5146,#5842,#5987,#5929,#5678,#5220,#5736,#5736A,#5493,#6045,#5678B,#5499,#5499A,#5960,#5428
cucumberchemicalfree,#5710,#5572,#5657B,#5570,#5569,#5730A,#5516,#5730,#6156C,#5743,#5560,#5619,#5619A,#5516A,#5657A,#5570A,#5570B,#5725A,#5572A,#5657,#5570C,#5570D,#5762,#5725,#5725B
5.06013E+12,#5920,#5920A,#6113B,#5821A,#6015,#6002A,#6113A,#6130,#5780,#6002,#6113,#6375A,#5779,#6308,#6250,#6375,#6113D,#6412,#6113C,#6328,#6173,#6328A,#5901B,#5821B
speltbreadloaf,#5834,#5929A,#5825,#5129,#5819,#6182,#5929,#6059B,#6059B,#5834A,#6059A,#6160,#5902,#6123A,#5161,#6119A,#6118A,#5865,#6118,#5819A,#6119,#6133,#6059,#6123
501009,#6432,#6501,#6263,#6264,#6292A,#6473,#6424A,#6273B,#6414,#6414A,#6376,#6437,#6485,#6416,#6273A,#6292B,#6273,#6501A,#6264A,#6506A,#6506,#6424,#6292,#6263A
watercressma,#5222,#5697,#5415,#5943,#5637,#5335A,#5122,#5629,#5423,#5335,#6124B,#5423B,#5423A,#6124A,#5423A,#5943A,#5279,#6124,#5739,#5629A,#5414,#5116,#5134
importedredplums,#5424,#5761,#5903,#5528,#5611A,#5898,#5980,#5424A,#5761A,#5424B,#5860,#5611B,#5963A,#5963,#5682,#5816,#5899,#5611,#5903A,#5424C,#5781,#5613,#5348
40003,#6317A,#6150,#6317,#6556,#6128A,#6292B,#6128,#6113B,#6113A,#6113,#6113D,#6292A,#6292,#6208A,#6113C,#6208B,#6208C,#6439,#6439A,#6439A,#6439B,#6512,#6556A
top,#6016,#5409,#5416,#5416A,#5431,#5431A,#5467,#5467A,#5498,#5515,#5554,#5572,#5572A,#5762,#5840,#5840A,#5929,#5929A,#5948,#5948A,#5327,#5239A,#5239
221015,#6341,#6547A,#6547,#6562A,#6390A,#6118,#6416,#6415,#6133,#6118A,#6390,#6562,#6113D,#6375A,#6375,#6056,#6553,#6203,#6113C,#6335,#6203A,#6485,#6056A
sweetpotatoes,#5273A,#5464,#5512A,#5446,#5506,#5506A,#5362A,#5362B,#5446A,#5432A,#5415,#5273,#5279,#5432,#5496A,#5512A,#5506A,#5362,#5464A,#5512,#5496,#5279A
almondmilkoriginal,#5437A,#5618,#5174,#5512,#5669A,#5412,#5649A,#5136,#5289,#5437A,#5326,#5654,#5532A,#5669,#5649,#5558,#5311,#5437,#5512A,#5512A,#5532,#5180
redamericanapplesagrovate,#5967,#5967A,#5649A,#5249B,#5831A,#5249A,#5667,#5342A,#5115,#5831,#5342B,#5841A,#5532A,#5649,#5261,#5261A,#5667A,#5342,#5532,#5841B,#5841,#5249
401008,#6292,#6359,#6418,#6420,#6530,#6483,#6222,#6284,#6251,#6375,#6514,#6375A,#6292A,#6483A,#6306A,#6233,#6256,#6251A,#6292B,#6306,#6514A,#6284A
151005,#6038,#6039,#6270,#6323A,#6267A,#6492A,#6323,#6039A,#6049A,#6049,#6492B,#6456,#6401,#6334,#6267,#6412,#6492C,#6243,#6401A,#6492,#6505,#6188
babyonions,#5697,#6010A,#5573,#5561,#5441,#5236,#5198B,#5342A,#5198,#5127,#6010,#5164,#5804,#5770,#5198A,#5816,#5198C,#5230,#5770A,#5342B,#5811,#5342
beefcubes,#5642A,#5401A,#5417,#5573,#5478,#5416,#5126,#5387A,#5488,#5572,#5416A,#5169,#5478A,#5642,#5401,#5572A,#5668,#5668A,#5488A,#5710,#5387,#5417A
beefliverchemicalfreefrozen,#5948A,#5169,#5895,#5511B,#5840A,#5234A,#5511,#5840,#5127,#5948,#5943,#5409,#5511A,#5943A,#5284,#5354,#5354A,#5222,#5234,#5284A,#5895A
redcabbagechemicalfree,#6124,#6468,#6156B,#6156,#6156A,#6468A,#5734,#6366A,#6124B,#6262,#6124A,#6156C,#6236,#5734A,#5488,#6124D,#6124C,#6366,#6513,#5176,#5488A
131001,#6242A,#6470,#6176,#6056,#6242,#6470B,#6070A,#6150,#6113A,#6419,#6113C,#6118,#6470A,#6118A,#6113,#6202A,#6056A,#6113B,#6202,#6113D,#6070
20020,#6089,#6156A,#6513,#6327,#6100C,#6461,#6156B,#6056,#6100B,#6327A,#6056A,#6327B,#6156C,#6100A,#6104,#6100,#6089B,#6089A,#6461A,#6542,#6156
manchego,#5354,#5534A,#5972,#5133,#5704,#6137A,#6142A,#6142,#5354A,#5534,#5178,#5704A,#5434,#5637A,#5434A,#5637,#5732,#6137B,#5733,#6137,#5733A
151001,#6189,#6334,#6243,#6562A,#6425A,#6339,#6442,#6189B,#6189A,#6535,#6442B,#6038,#6442A,#6133,#6136,#6339A,#6153,#6566,#6562,#6425
80002,#6283A,#6137A,#6257,#6082A,#6153,#6059A,#6513,#6137,#6082,#6059B,#6059,#6437,#6059B,#6137B,#6082A,#6082B,#6283,#6277,#6373A,#6373
pastaspaghetti,#5736A,#5146,#5929,#6131,#5707,#5929A,#5271,#5773,#5707A,#5357,#5773A,#5271A,#6137,#5255,#5736,#6137B,#6131A,#5220,#5960,#6137A
40018,#6089A,#6113,#6089B,#6260A,#6260,#6513,#6113C,#6113D,#6375,#6176,#6375A,#6150,#6397,#6412,#6127,#6089,#6419,#6122,#6113B,#6113A
finegrindportugeseseasalt,#5319A,#6534A,#5424A,#5180,#5442,#5437A,#5424B,#5319,#5424,#5254,#5437A,#5434,#5113,#5436,#5176,#5230,#5144,#5437,#6534,#5424C
exportorganicgreenbean1,#5497,#5361,#5249A,#5260A,#5249B,#5461A,#5198C,#5249,#5117,#5221,#5341,#5532,#5185,#5198,#5260,#5362,#5198A,#5461,#5470,#5198B
40004,#6328A,#6512,#6328,#6100A,#6488,#6271,#6452,#6273B,#6100B,#6468,#6100,#6488A,#6561,#6273,#6317,#6317A,#6468A,#6555,#6100C,#6273A
501019,#6284,#6532B,#6535,#6260,#6532,#6254,#6468A,#6554,#6461,#6400,#6461A,#6412,#6260A,#6337,#6400A,#6400B,#6468,#6374,#6532A,#6374A
Beef,#5052,#5052,#5055,#5078,#5104,#5102,#5094,#5094,#5091,#5050,#5050,#5053,#5086,#5049,#5049,#5086,#5081,#5085,#5081
beefmincechemicalfreefrozen-1,#5767A,#5767,#5713,#5734,#5772A,#5734A,#5651A,#5743,#5743A,#5168,#5772,#5651,#5774B,#5740,#5126,#5648,#5713A,#5774,#5774A
allpurposebakingflourglutenfree,#5529A,#5329,#5905,#5284,#5284A,#5529,#5128,#5197,#5141,#6259,#5357,#5329A,#6055,#5842,#6492A,#6335,#6055A,#6492,#6492B
chickencutletsshishtawook-chemicalfree,#5944A,#5779,#5680A,#5792,#5797,#5797A,#5168,#5680,#5722,#5820,#5707,#5707A,#5895A,#5895,#5959,#5902,#5722A,#5164,#5944
391001,#6251A,#6277,#6257A,#6257B,#6257C,#6188,#6366,#6277A,#6328A,#6337,#6394A,#6331,#6328,#6257,#6251,#6311,#6414,#6394,#6366A
321001,#6414A,#6468,#6359,#6257B,#6259,#6414,#6468A,#6257,#6182,#6257A,#6423A,#6423,#6514A,#6423B,#6562,#6562A,#6257C,#6469,#6514
461023,#6547A,#6260,#6234,#6561,#6547,#6440A,#6239,#6247,#6241,#6493,#6247A,#6442,#6442B,#6440,#6440B,#6260A,#6442A,#6259
341007,#6273,#6353,#6273B,#6353B,#6501A,#6339A,#6461,#6501,#6278,#6353C,#6364,#6353A,#6273A,#6437,#6461A,#6468,#6468A,#6339
broccoliromanesco,#6121A,#5423A,#6121,#6104,#5595,#5413B,#5423A,#6121B,#5423,#5789,#5413A,#5595A,#6137,#5174,#5413,#5819A,#5423B,#5819
121001,#6414,#6412,#6039B,#6121B,#6121A,#6175A,#6362A,#6429B,#6039,#6429A,#6175,#6429,#6423,#6373,#6121,#6373A,#6362,#6039A
221002,#6089,#6236,#6290,#6470A,#6113C,#6113D,#6113B,#6089A,#6227,#6335,#6113,#6089B,#6113A,#6123A,#6285,#6123,#6365,#6566
moringapowderorganic,#5380,#5626A,#5701,#5312B,#5121,#5380A,#5250,#5393,#5113,#5312,#5575A,#5187,#5626,#5312A,#5575C,#5575B,#5626B,#5575
cayennepepper,#5141,#5424C,#5437,#5415,#5434,#5282,#5282A,#5288,#5424,#5424B,#5282B,#5589,#5214,#5128,#5589A,#5393,#5424A,#5116
stevia-1,#5232,#5265,#5334,#6480,#5275,#5380,#5350,#5354A,#5354,#5350A,#5145,#5161,#5180,#6531A,#6531,#5346,#5334A,#5157
171001,#6402,#6562A,#6512,#6402A,#6312,#6105,#6535,#6264A,#6168,#6264,#6339A,#6402B,#6562,#6339,#6233,#6498,#6078
driedcherrychemicalfree,#5188,#5173,#5141,#5140,#5993,#6153,#6101,#5680,#5697,#5175,#5123,#5999,#6101A,#5681,#5680A,#5779,#5188A
ryebreadloaf,#5971A,#6119A,#6056A,#5896,#6059A,#5993,#6059B,#6166,#5971B,#5971,#6059,#5161,#6119,#6056,#5902,#5973,#6059B
breadcrumbs,#5836A,#5836B,#5683B,#5683A,#5929A,#5484,#5678B,#5683,#5929,#5678,#5987A,#5836,#5987,#5960,#5678A,#5279A,#5279
20013,#6461A,#6261,#6233,#6353B,#6373A,#6374,#6306A,#6373,#6292A,#6292,#6353A,#6292B,#6353,#6306,#6374A,#6461,#6353C
babypotatoesagrovate,#5506A,#5506,#5497,#5467A,#5467,#5595A,#5413B,#5587,#5595,#5506A,#5770,#5496A,#5413A,#5413,#5496,#5587A,#5532
rib,#5280A,#5280,#5511B,#5409,#6000A,#6002A,#5511,#5179A,#5179,#5172,#6002,#5354A,#5740,#6000,#5511A,#5354,#5280B
rosemaryma,#5281,#5537,#5281A,#5560A,#5668A,#5668,#5113,#5656,#5560,#5335,#5461,#5461A,#5335A,#5362A,#5362,#5362B,#5292
40021,#6555,#6076B,#6328A,#6076,#6273,#6513,#6273A,#6113A,#6273B,#6113B,#6328,#6113,#6150,#6113C,#6238,#6076A,#6113D
341010,#6208D,#6424A,#6424,#6329,#6208C,#6328A,#6208A,#6329A,#6208,#6390A,#6256,#6196,#6208B,#6328,#6182,#6390,#6537
341034,#6317,#6423,#6229,#6432,#6353A,#6353B,#6257A,#6474A,#6474B,#6353C,#6257B,#6474,#6257,#6423A,#6419,#6353,#6257C
organicdriedapricots,#5810A,#5637A,#5425A,#5985,#5345A,#5440A,#5440,#5401A,#5810,#5345,#5637,#5425,#5437A,#5859,#5437,#5401,#5437A
291004,#6375A,#6283,#6250,#6264,#6159,#6501A,#6277A,#6501,#6419,#6172,#6242A,#6242,#6264A,#6277,#6375,#6283A
281052,#6448A,#6494A,#6473,#6514,#6552,#6471,#6456,#6557,#6496,#6448,#6562A,#6478,#6478A,#6514A,#6494,#6562
organiclime,#5845,#6005,#6005A,#6010,#5556A,#5943,#5845A,#5629A,#5556B,#5556C,#5613,#6014,#5556,#5923,#5629,#5943A
naturalsuperberriesred,#6151,#5987,#5680A,#5553A,#6017,#6017A,#5987A,#5864,#5864A,#5573,#5680,#5553B,#5553,#5630,#5417A,#5417
pakchoi,#5971,#5469A,#5739,#5469A,#5791,#5354,#5136,#5469,#5943,#5967A,#5354A,#5573,#5943A,#5604,#5059,#5967
pastapenne,#5814,#5943A,#6076B,#6131,#6131A,#6076,#5732,#6076A,#5357,#5428,#5146,#6081,#5464,#5901,#5901A,#5901B
drumsticks,#5941,#6005,#5199A,#5199B,#5416,#5416A,#5199C,#6005A,#5361A,#5846,#5361,#5878,#5199D,#5878A,#5199,#5177
clementina,#5563A,#5322,#6014,#5241A,#5902,#5831,#5595,#5831A,#5343,#5263,#5761A,#5241,#5563,#5761,#5189,#5119
driedfigs,#5770,#5532,#5628,#5901,#5577A,#5532A,#5938,#5938A,#5577,#5577B,#5380,#5901B,#5380A,#5901A,#5770A,#5138
chilliflakes,#5556A,#5866A,#5122,#5778,#5866B,#5469,#5556,#5469A,#5469A,#5536,#5536A,#5400A,#5556C,#5400,#5866,#5556B
pastafusilli,#5129,#5943,#5943A,#5484,#5905,#6238,#5146,#6555,#5499A,#5499,#5056,#5327,#5960,#5428,#5929A,#5929
151012,#6507,#6533,#6126,#6126A,#6507A,#6369,#6200,#6306A,#6350,#6200A,#6328A,#6339,#6334,#6328,#6306,#6339A
beefstripschemicalfreefrozen,#5265,#5416A,#5416,#5259,#5430,#5354A,#5767A,#5536A,#5354,#5767,#5534,#6000A,#6000,#5865,#5648,#5536
221004,#6113C,#6537,#6113,#6250,#6423A,#6113A,#6416,#6113B,#6259,#6513,#6450,#6423B,#6562A,#6423,#6562,#6113D
20031,#6156C,#6156A,#6440B,#6327,#6242,#6440A,#6156B,#6292,#6542A,#6292B,#6327A,#6292A,#6242A,#6306A,#6306,#6327B
4.04489E+12,#5794,#6118A,#5743,#5743A,#5707A,#5794A,#6015,#6448,#6118,#6335,#6412,#5816,#6448A,#6250,#6259,#5707
raisinschemicalfree,#5459,#5517A,#5123,#5509A,#5770,#5532,#5534,#5770A,#5734A,#5762,#5534A,#5517,#5177,#5734,#5509,#5532A
341035,#6385,#6374A,#6385A,#6438A,#6448,#6263,#6219A,#6374,#6297,#6366,#6263A,#6438,#6219,#6390A,#6390,#6366A
ecofarmedshortgrainbrownrice,#5410,#5149,#5314,#5341,#5311,#5314A,#5341A,#5249A,#5249,#5505,#5341B,#5477,#5477A,#5161,#5249B,#5451
naturalblueberry,#5428,#5553B,#5864,#5573,#5294,#5294A,#5630,#5417A,#5553A,#6153,#5553,#5864A,#5824,#5863,#5417
soyamilktocreatetheperfectalproccino,#5697,#5794A,#5836A,#5794,#5732,#5144,#5836,#5189A,#5146,#5836B,#5764,#5258,#5189,#5311,#5493
151014,#6423A,#6423B,#6494,#6314A,#6468,#6352,#6537,#6151,#6494A,#6123A,#6123,#6468A,#6423,#6314,#6097A
80005,#6395,#6468A,#6218,#6083,#6468,#6039B,#6272,#6253,#6039,#6554,#6039A,#6535,#6272A,#6524,#6537
10001,#6267,#6497,#6208B,#6208A,#6208D,#6076B,#6350,#6208,#6215,#6566,#6076,#6208C,#6076A,#6200,#6267A
291003,#6483A,#6516,#6530,#6161A,#6530A,#6203A,#6161,#6203,#6172,#6555,#6524,#6200,#6153,#6483,#6200A
291005,#6338,#6377A,#6159,#6257,#6293,#6257C,#6470,#6470A,#6470B,#6317A,#6257A,#6377,#6257B,#6365,#6317
341009,#6306,#6528,#6471,#6208C,#6429,#6461A,#6229,#6461,#6208B,#6208D,#6208A,#6208,#6491,#6238,#6429A
chiaseedsorganic,#5214,#5350A,#5362A,#5313A,#5252,#5123,#5362B,#5313,#5350,#5243,#5141,#5346A,#5165,#5362,#5119
20003,#6121B,#6121,#6371,#6440,#6153,#6150,#6440B,#6556A,#6342A,#6556,#6342,#6121A,#6371A,#6440A,#6412
aubergeneroumy-chemicalfree,#5261,#5440A,#5440B,#5465,#5794,#5174,#5301A,#5432,#5432A,#5301,#5328,#5173,#5261A,#5320,#5465A
20017,#6461A,#6501A,#6239,#6487A,#6501,#6337,#6327A,#6487,#6327B,#6374,#6374A,#6388,#6388A,#6388B,#6461
celerysalt,#5363A,#5866A,#5282B,#5150,#6121B,#5282A,#6328,#6121A,#6328A,#6121,#5866B,#5866,#5363,#5779,#5282
paprika,#6176,#5282B,#5424A,#5605,#5122,#6073,#5605A,#5141,#5424C,#6133,#5424B,#5424,#6073A,#5282,#5282A
spanishextravirginoliveoil,#5400A,#5424C,#5400,#5424B,#5434,#5797,#6102,#5425A,#5434A,#5424,#5797A,#6182,#5424A,#5425
duckchemicalfree,#5883B,#5883A,#6121A,#5572,#5729A,#5572A,#5117,#5883,#5940,#5719,#5143,#6121,#6121B,#5729
pomegranatefruit,#5125,#5273,#5215,#5150,#5344,#5344A,#5273A,#5127,#5402,#5344B,#5343B,#5343A,#5121,#5343
 Sheep,#6461A,#6439A,#5900,#5900A,#6439B,#6439,#5704A,#5434A,#6439A,#6151,#5434,#5732,#6461,#5704
redgrapes-seedlesschemicalfree,#5707,#5739,#5763,#5773,#5763A,#5683,#5710,#5743,#5683A,#5743A,#5713A,#5707A,#5683B,#5713
ChickenBreasts,#5104,#5091,#5058,#5085,#5098,#5084,#5061,#5055,#5056,#5095,#5086,#5064,#5109,#5071
driedpruneschemicalfree,#5772,#5637A,#5131,#5704A,#5223,#6016,#5770A,#5770,#5223A,#5772A,#5305,#5704,#5637,#6058
grissinibreadsticks,#5905,#5704,#5678B,#5146,#5595,#5678A,#5929,#5595A,#5678,#5929A,#5702,#5960,#5704A,#5702A
fennelmak,#6039,#5645,#6039A,#5645A,#5862A,#6039B,#5281,#6017A,#5174,#5862B,#5862,#5223A,#5223,#6017
40002,#6468,#6127,#6203,#6468A,#6297,#6122,#6203A,#6205A,#6429B,#6429A,#6205,#6429,#6513,#6104
walnutshelledraw,#5781,#5354,#5810,#5810A,#5798A,#5798B,#5798,#5363,#5781A,#5487,#5279,#5363A,#5354A,#5279A
 oat flakes,#6327B,#5920A,#6089A,#6365,#6089,#6153,#6089B,#6542A,#5920,#5548A,#6327,#6327A,#6542,#5697
20028,#6261,#6486,#6257C,#6339A,#6402A,#6327,#6257B,#6402B,#6327A,#6486A,#6339,#6257A,#6327B,#6402
vealliverchemicalfreefrozen,#5467A,#5637A,#5637,#5441,#5734A,#5264,#5734,#5974,#5467,#5264A,#5974A,#5264B,#5436,#5436A
sweetoranges,#5844A,#5725A,#5115,#5150,#5417A,#5725B,#5173,#5613,#5844,#5831A,#5831,#5164,#5725,#5417
goldenraisins,#5469A,#5402,#5985,#5469A,#5279A,#5770A,#5402A,#5807,#5987,#5985A,#5770,#5987A,#5279,#5469
20019,#6323,#6163A,#6292A,#6238,#6284A,#6261,#6163,#6292,#6566,#6267,#6292B,#6323A,#6267A,#6284
redromainemak,#5629A,#5731,#5629,#5577B,#5577A,#6002A,#6010,#5936,#5761,#5587,#6010A,#5761A,#5577,#5587A
nectarine,#5151,#5469A,#5224,#5441,#5184A,#5469,#5560,#5563A,#5469A,#5563,#5184,#5569,#5569A
80003,#6414,#6032,#6299,#6339,#6339A,#6299A,#6283,#6414A,#6122,#6039,#6535,#6039B,#6039A
minipastaglutenfree,#5279,#5437A,#5484,#5437,#6131,#5431A,#5667,#5667A,#5437A,#5279A,#6131A,#5630,#5431
chocolatecakemix,#5649,#5940,#5929A,#5683B,#5929,#5446A,#5649A,#5380A,#5380,#5446,#5960,#5683,#5683A
221005,#6327,#6327B,#6327A,#6113B,#6113,#6113A,#6542A,#6113C,#6512,#6113D,#6192,#6412,#6542
341020,#6219A,#6483A,#6219,#6414A,#6501,#6527,#6483,#6513,#6501A,#6414,#6514,#6196,#6514A
finncrisporiginalrye,#5133,#5606,#5798A,#5732,#5926,#5559,#5927,#5779,#5738,#5943,#5798,#5114,#5798B
151004,#6161,#6123,#6218,#6207A,#6207,#6375,#6180,#6375A,#6161A,#6123A,#6394,#6394A,#6473
alaracrunchyoatsgfgranola,#5561,#5666,#5589,#5605A,#5605,#5669A,#5641,#5669,#5637A,#5666A,#5589A,#5602,#5637
141009,#6099,#6123,#6119A,#6124,#6124A,#6121A,#6089B,#6119,#6121,#6566,#6089,#6124B,#6089A
minniesdriedstrawberris,#5678B,#5680,#5859,#5678A,#6113B,#5773,#5680A,#5678,#6113C,#5773A,#6113A,#6113,#6113D
OrganicCucumber,#5055,#5066,#5071,#5099,#5086,#5078,#5064,#5051,#5053,#5083,#5104,#5100,#5056
sproutsmak,#5943,#5936,#5626A,#5897,#5280A,#5328,#5415,#5279A,#5280,#5346,#5606,#5279,#5280B
461033,#6487,#6494A,#6493,#6547A,#6501,#6547,#6501A,#6535,#6468,#6468A,#6487A,#6494
Sweet red oranges (for juicing),#6076,#5823C,#6058A,#5947,#6073A,#6076A,#6099,#6073,#6058,#5902,#5947A,#6076B
321002,#6424A,#6414A,#6242,#6172,#6363A,#6461A,#6424,#6414,#6461,#6242A,#6363B,#6363
driedmushroomchemicalfree,#5680,#5680A,#5556B,#5556,#5779,#5903,#5413B,#5556C,#5413A,#5903A,#5556A,#5413
341029,#6328A,#6278,#6257B,#6390A,#6257C,#6257A,#6543,#6257,#6328,#6353,#6353C,#6353B
cow milk,#5974A,#5760,#5741A,#5929,#5276,#5280,#5960,#5741,#5281,#5974,#5760A,#5929A
saladseasoning,#5205,#5499A,#5606,#6121A,#6121,#5205B,#5761A,#6121B,#6153,#5761,#5499,#5205A
PremiumBrownRice,#5050,#5051,#5062,#5065,#5068,#5069,#5083,#5084,#5091,#5092,#5098,#5112
organicdrieddates,#5437,#5773,#5901,#5770A,#5437A,#5770,#5773A,#5730,#5901B,#5437A,#5901A,#5730A
vealcutletschemicalfreefrozen,#5354A,#5902,#5959,#5707A,#5354,#5959A,#5236,#5908,#5908A,#5584A,#5707,#5584
driedgojiberries,#5141,#5424B,#5901,#5156,#5345A,#5424C,#5123,#5818,#5821,#5424A,#5345,#5424
20015,#6283,#6273B,#6485,#6273,#6161,#6429,#6273A,#6429B,#6337,#6283A,#6161A,#6429A
organicdriedbayleaf,#5282B,#5424,#5149,#5959,#5363,#5282A,#5122,#5363A,#5893,#5959A,#5282,#5250
341014,#6342A,#6342,#6474B,#6385,#6267,#6394,#6385A,#6501,#6501A,#6474A,#6474,#6267A
501014,#6263A,#6400B,#6278,#6513,#6468A,#6400A,#6233,#6371A,#6400,#6263,#6468,#6371
driedsoupmixchemicalfree,#5469,#5437A,#5436A,#5442,#5205,#5437A,#5436,#5469A,#5205B,#5205A,#5437,#5469A
151009,#6423B,#6101,#6180,#6059B,#6423,#6328A,#6101A,#6059,#6328,#6423A,#6059A,#6059B
40007,#6219A,#6483A,#6159,#6364,#6292A,#6292,#6483,#6292B,#6219,#6150,#6364A,#6513
eggchemicalfree,#6497,#6549B,#6549A,#6549,#6492C,#6492B,#6507A,#6492A,#6507,#6453A,#6492,#6493
pistachioraw,#5668,#5823,#5668A,#5730A,#5823C,#5730,#5823A,#5943A,#5943,#5823B,#5811
driedpearchemicalfree,#5943A,#6059A,#6059B,#5637A,#5637,#5943,#6059,#6255,#6468,#6059B,#6468A
finncrisp5wholegrains,#5866,#5993,#5494,#5607,#5789,#5477A,#5866B,#5477,#5866A,#5637A,#5637
alaraeverydaypureoatsgf,#5552,#5641,#5569A,#5552A,#5561,#5569,#5584A,#5649,#5548A,#5649A,#5602
Broccoli(chemicalfree),#5110,#5060,#5064,#5066,#5084,#5086,#5092,#5100,#5102,#5054,#5056
20010,#6327A,#6487A,#6295,#6373A,#6327B,#6153,#6327,#6373,#6234,#6238,#6487
driedprunewithpits,#5138,#5306,#5305A,#5552,#5552A,#5131,#5276,#5251A,#5275,#5251,#5276A
40010,#6490,#6200A,#6131A,#6053A,#6200,#6168,#6556A,#6053,#6186,#6556,#6131
unsweetenedsoymilk,#5704,#5414,#5906A,#6120,#5704A,#5926,#5906,#6172,#6065,#5667A,#5667
glutenfreehomemadebreadmix,#5905,#5284,#5532A,#5640A,#5640,#5284A,#5532,#5446,#5446A,#5697,#5468
minniesdriedmango,#5363,#5512A,#5225,#5512,#5512A,#5123,#5509,#5730,#5363A,#5715,#5509A
241011,#6257B,#6257A,#6363B,#6363A,#6363,#6566,#6420,#6257C,#6182,#6257,#6359
90001,#6076B,#6483A,#6150,#6076,#6362A,#6505,#6196,#6362,#6483,#6566,#6076A
multigrainbunns4smallbunns,#5896,#5838,#6104,#5113,#6180,#5121,#5903,#5138,#5903A,#5973,#5902
saladflowersmak,#6176,#6038,#6196,#5413,#6234,#5413B,#5202A,#5150,#5413A,#5202,#5484
scandinaviantwistedbaguettetordu,#5605,#5590A,#5587,#5902,#6155,#5590,#6104,#5416,#5896,#5590B,#5416A
moringaleavesdriedorganic,#5161,#5170,#5587A,#5587,#5650,#5590B,#5590,#5528,#5121,#5500,#5590A
Organiczucchini,#5055,#5078,#5066,#5056,#5100,#5053,#5099,#5104,#5107,#5051,#5086
Organicyellowcarrot,#5056,#5102,#5055,#5099,#5064,#5100,#5074,#5053,#5104,#5066,#5051
glutenfreechocolatechipcookiemix,#5446,#5532A,#5532,#5773,#5446A,#5506,#5649A,#5649,#5773A,#5506A,#5506A
spinach122,#6056,#6089,#6054,#5626B,#6054C,#5626A,#6059,#6076,#6054A,#6059A,#6054B
beeffilletcubeschemicalfree,#5511,#5478,#5511B,#5511A,#5495,#5707,#5478A,#5941,#5707A,#5902,#5221
organicquinoa,#5160,#5663,#5664,#5136,#5163,#5209,#5312,#5312B,#5225,#5312A,#5128
341042,#6390A,#6408B,#6408A,#6408,#6390,#6468A,#6468,#6328,#6222,#6328A
341019,#6328,#6440,#6440B,#6438,#6284,#6222,#6440A,#6438A,#6284A,#6328A
marblecakeglutenfree,#5630,#5573,#5724,#5707A,#5741A,#5900,#5741,#5240,#5707,#5240A
beefshankschemicalfreefroze,#5416A,#5467,#5948A,#5234,#5767,#5767A,#5467A,#5948,#5234A,#5416
141008,#6119,#6267,#6259,#6180,#6119A,#6123A,#6137A,#6137,#6123,#6137B
Eggbaldy,#5057,#5055,#5068,#5058,#5109,#5053,#5059,#5102,#5064,#5056
scharfrollinihoneybiscuits,#5146,#5704,#6565,#5400A,#5737,#5737A,#6180,#5704A,#5573,#5400
yellowgrapefruit,#5657,#5536A,#5657A,#5536,#5912A,#5952,#5657B,#5952A,#5725,#5344
141003,#6039,#6039A,#6154,#6118A,#6119A,#6124C,#6039B,#6124B,#6124D,#6156C
nutmeg,#5350,#5434,#5424B,#5424A,#5424C,#5434A,#5572A,#5572,#5350A,#5424
minniesdriedfruitmix,#5575,#5575A,#5532A,#5575B,#5177,#5575C,#5220,#5411,#5650,#5532
501007,#6263,#6262,#6236,#6306,#6263A,#6233,#6253,#6267A,#6306A,#6267
redswisschardchemicalfree,#6353,#5713,#5399,#5797A,#5762,#5713A,#5629,#5629A,#5797,#6100
roquettemakar,#6172,#5973,#6017,#6089,#5963,#6056A,#5963A,#6056,#6017A,#6080
551002,#6486A,#6363A,#6363B,#6567,#6255,#6398,#6306,#6398A,#6486,#6306A
speltryecrackersmixedseeds,#5837,#6010A,#5985A,#6010,#6127,#5972A,#5985,#5993,#6105,#5972
351005,#6257B,#6339A,#6328A,#6339,#6328,#6317A,#6317,#6257C,#6257A,#6257
babypotatoes,#5707A,#5760A,#5686B,#5743A,#5732,#5707,#5743,#5686,#5686A,#5760
341022,#6537,#6514A,#6514,#6468,#6278,#6468A,#6284,#6333,#6284A,#6297
stawberryjamnatural,#6010,#5319A,#5319,#6010A,#5481,#5149,#5239,#5481A,#5707A,#5707
honeymoonmix,#5536,#5477,#5532,#5637,#5428,#5536A,#5637A,#5739,#5131,#5532A
basmatiricewhite,#6121B,#5211,#5575B,#6153,#6121,#6121A,#5575A,#5575,#5211A,#5575C
panblanco,#5271A,#5284,#5174,#5284A,#5279A,#5147,#5220,#5279,#5678,#5271
gingerjamnatural,#5280,#5432A,#5280B,#5590B,#5313A,#5280A,#5138,#5432,#5221
241007,#6505,#6277,#6461,#6277A,#6239,#6076B,#6076A,#6461A,#6076
whiteteawithpeach,#5707A,#5761A,#5761,#5707,#5417,#5248,#5428,#5606,#5417A
naturalcranberry,#5649,#5886A,#5649A,#5434A,#5434,#5574A,#5886,#5574,#5574B
Bananas(chemicalfree),#5055,#5107,#5092,#5104,#5064,#5099,#5053,#5074,#5066
40019,#6089A,#6089B,#6177,#6238,#6328A,#6328,#6022,#6089,#6377
201002,#6283,#6153,#6402,#6402A,#6402B,#6429,#6429A,#6429B,#6283A
soyamilkoriginal,#5704A,#6264,#6219,#6065,#6517,#6264A,#5289,#5966,#6219A
Sweetredoranges(for eating),#6055A,#5938A,#5998,#6055,#5947,#6057,#5947A,#6020,#5997
wheatgermmiracle,#6014,#5697,#5437,#5477A,#5437A,#5150,#5662,#5477,#5437A
greencoffee,#5205A,#5606,#5174,#5205B,#5926,#5209,#5205,#5894,#5964
Colored tomato,#5413B,#5572,#5572A,#5413A,#5720,#5400,#5400A,#5720A,#5413
Potatoes(chemicalfree),#5086,#5051,#5099,#5100,#5071,#5104,#5107,#5092,#5053
guava,#5198C,#5198,#5113,#5125,#5198B,#5259,#5261,#5198A,#5122
pomegranatejamnatural,#5133,#5251,#5605A,#5938A,#5218,#5606,#5605,#5938,#5228
organicbrownricepenne,#5400A,#5191,#5279,#5141,#5156,#5287,#5132,#5400,#5279A
cioccolini,#5704,#5240,#5630,#5761A,#5724,#5707,#5707A,#5761,#5240A
glutenfreepancakemix,#5640,#5436A,#5329,#5422,#5329A,#5425,#5436,#5425A,#5129
Wholesomepancakemix,#5556C,#5556A,#5556,#5595,#5239,#5595A,#5149,#5239A,#5556B
40006,#6292,#6374,#6292B,#6317A,#6317,#6374A,#6292A,#6394,#6394A
punnet 250g,#5866,#6013,#5778,#6056,#6056A,#5866B,#5866A,#6153
151008,#6311,#6328,#6328A,#6196,#6270,#6336,#6363,#6363A
80004,#6299,#6495,#6288,#6083,#6121B,#6121A,#6426,#6121
psylliumhusk,#5603A,#5611,#6089,#5462,#5514,#6089B,#5514A,#6089A
40013,#6461A,#6461,#6250,#6172,#6488A,#6099,#6488,#6241
naturalsuperberriespurple,#5680,#6153,#5908A,#5908,#6017,#6115,#6017A,#5680A
mestemacherorganicwholemealryebread,#5798B,#5637A,#5637,#5764,#5780,#5798,#5732,#5798A
OrganicTomato,#5071,#5056,#5053,#5104,#5086,#5078,#5051,#5055
bedouinlamblegchemicalfree,#5548A,#5548,#5282,#5282A,#5589A,#5589,#5210,#5282B
animalshapedbiscuitsglutenfree,#5529A,#5529,#5679A,#5678,#5553,#5679,#5493,#5114
prunejuicenaturally,#5669A,#5959,#5560,#5959A,#5894,#5560A,#5149,#5669
organicwildrice,#5701,#5446,#5836,#5446A,#5836B,#5341,#5341A,#5341B
361002,#6201,#6273B,#6396,#6273A,#6317,#6273,#6243,#6317A
361006,#6317,#6317A,#6396,#6412,#6439,#6439A,#6439A,#6439B
mangojamnatural,#5938A,#5133,#5121,#5753,#5753A,#5938,#5704A,#5704
501011,#6366,#6393,#6514A,#6306,#6366A,#6514,#6513,#6306A
discciak,#5761,#5761A,#5683A,#5271A,#5683B,#5683,#5114,#5271
401001,#6448,#6294,#6562A,#6448A,#6363,#6363A,#6363B,#6562
541001,#6375A,#6375,#6375A,#6483A,#6277A,#6375,#6483,#6277
scharwafercacao,#5929,#5595A,#5929A,#5960,#5943,#5595,#5561,#5943A
281010,#6448,#6448A,#6553,#6490,#6537,#6468,#6468A
babyyellowzucchini,#5413A,#5413B,#6097,#5415,#5400A,#5400,#5413
241013,#6292A,#6292,#6202,#6468,#6202A,#6468A,#6292B
glutenfreevanillacakemix,#5128,#5422,#6565,#5683,#5683B,#5764,#5683A
281059,#6419,#6113C,#6412,#6468A,#6480,#6113D,#6468
vealpicattachemicalfreefrozen,#5707,#5707A,#5668A,#5467,#5403,#5668,#5467A
chineseradishchemicalfree,#5465A,#5509A,#5469A,#5509,#5469A,#5469,#5465
291013,#6193A,#6159,#6155,#6193,#6197,#6197A,#6202
goldenflaxseeds-1,#5254,#5349,#5555,#5411,#5313,#5505,#5313A
331002,#6566,#6429B,#6363A,#6363B,#6429A,#6363,#6429
341001,#6167,#6156C,#6156B,#6156A,#6181,#6156,#6243
finncrispmultigrain,#5506A,#5506A,#5133,#5500,#6032,#5993,#5506
40009,#6468A,#6470B,#6470A,#6468,#6473,#6470,#6485
fricoemmentalslices,#5556B,#5148,#5556C,#5556A,#5606,#5625,#5556
341026,#6474A,#6196,#6474,#6483A,#6483,#6219,#6474B
221016,#6306A,#6227,#6168,#6306,#6311,#6491,#6192
341046,#6461,#6263,#6390,#6242A,#6461A,#6390A,#6242
351004,#6556,#6398A,#6333,#6562,#6562A,#6556A,#6398
401004,#6363,#6363A,#6294,#6242,#6242A,#6363B,#6255
Wholesomepancak,#6120,#6008,#5707,#5326,#5707A,#5951,#6015
wholemealflour,#5868A,#5794A,#5167,#5129,#5794,#5868,#5973
sweetalmondoil,#5306,#5534A,#5883A,#5630,#5534,#5883B,#5883
soyamilkwithvanilla,#5704,#5704A,#5732,#5819,#5966,#5819A,#5493
221007,#6556A,#6292,#6292B,#6416,#6292A,#6543,#6556
bioorganicpennepasta,#5943A,#5354A,#5902,#5943,#5354,#5464A,#5484
driedapricots,#6016,#5147,#5537,#5175,#5773,#5773A,#5561
cherry tomato,#6532B,#6532A,#6547A,#5211A,#5211,#6547,#6532
oomfskinnyberryblast,#5540,#5627,#5669,#5561,#5607,#5669A,#5654
oliveoilwithherbsextravirgin,#5637,#5637A,#5556C,#5215,#5556,#5556A,#5556B
datesjamwithalmondsclovesnatural,#5575A,#5590,#5121,#5575,#5575C,#5149,#5575B
thyme1234,#5809A,#5809,#6005,#5959,#5779,#5959A,#6005A
Kiwi,#5083,#5086,#5105,#5110,#5051,#5071,#5056
ngsmix,#5276A,#5618,#5294A,#5276,#5294,#5284A,#5284
mixedherbs,#5499A,#5400A,#6152,#5697,#5400,#5499,#5792
thymema,#5113,#5122,#5281,#5537,#5281A,#5136,#5668
kerrygldredcheddarslices,#5248,#5574,#5606,#5574A,#5667,#5148,#5574B
261002,#6113A,#6205,#6113D,#6205A,#6113,#6113C,#6113B
261017,#6267A,#6562,#6266,#6266A,#6562A,#6267,#6368
redpearsamericanimported,#5188A,#5280,#5251A,#5188,#5251,#5280A,#5280B
seasaltwithgrinder,#5637A,#6128A,#6015,#5535,#5637,#6128,#5138
Banana bread(Gluten free),#6494,#6075,#6013,#6127,#6494A,#6566,#6555
H,#5053,#5107,#5081,#5086,#5052,#5050
alaraitggfwithgojicranberriesorg,#5883,#5883B,#5883A,#5808,#5779,#5814
speltryecrackerssunflowerseeds,#5646,#5702,#5993,#5702A,#5149,#5156
almondbiscutis(Gluten free),#6562A,#6259,#6562,#6494,#6494A,#6015
Sweetpotatoes(chemicalfree),#5052,#5104,#5100,#5110,#5099,#5109
oilyhairshampoo0chemical,#5576,#5440A,#5666,#5440,#5666A,#5440B
sundriedtomatoesnatural,#5938,#5481A,#5481,#5704,#5704A,#5938A
rawshelledsunflowerseed,#5380,#5380A,#5350A,#5401,#5401A,#5350
driedbananachemicalfree,#5649A,#5680A,#5649,#5123,#5188,#5680
anti-cellulitebodyscrub,#5679A,#5215,#5679,#5679B,#5558,#5627
drumstickschemicalfree,#5281A,#5276A,#5168,#5276,#5124,#5281
smellingfreshdeodrant,#5805,#5971,#5645,#5645A,#5971A,#6000
facialmistfacialtoner,#5511,#5126,#5886A,#5886,#5511A,#5511B
anti-frizzhairserum,#5894,#5344,#5344B,#5167,#5167A,#5344A
organicgojiberries,#5626B,#5637A,#5606,#5626,#5637,#5626A
finncrispcoriander,#5556,#5174,#5556A,#5556C,#5556B,#5262
rediceberglettuce,#6002,#5556,#5556A,#5697,#5556C,#5556B
ImportedAvocadoes,#5107,#5110,#5064,#5054,#5093,#5083
ricemilkoriginal,#5516A,#5354,#5630,#5667,#5354A,#5667A
oatmilkoriginal,#5294,#5294A,#5428,#5516A,#5516,#5474
naturalgreentea,#5437A,#5400A,#5437,#5437A,#5400,#5481
lowsodiumsalt,#5943A,#6121A,#6075,#6121,#6121B,#5943
soymilklight,#5506A,#5704,#5702,#5506A,#5506,#5561
WholeChicken,#5089,#5061,#5064,#5056,#5050,#5053
mixedspices,#5499A,#5705,#5400A,#5499,#6176,#5400
soymilkbio,#5627,#5509,#5146,#5138,#5474,#5509A
cloves,#5434,#5886,#5501A,#5886A,#5434A,#5501
581001,#6327,#6328,#6292B,#6292A,#6292,#6245
501015,#6288A,#6277A,#6277,#6374,#6288,#6566
461001,#6267A,#6292,#6263A,#6267,#6263,#6261
401003,#6259,#6317,#6534A,#6534,#6530,#6530A
361007,#6448A,#6396,#6375A,#6375,#6448,#6250
351010,#6306,#6468A,#6468,#6306A,#6485,#6483
281090,#6556,#6468A,#6494A,#6468,#6494,#6556A
281084,#6397,#6494A,#6494,#6524,#6491,#6455
281046,#6524,#6437,#6517,#6483A,#6483,#6455
281003,#6473,#6514A,#6514,#6556A,#6491,#6556
241008,#6284,#6390,#6556A,#6284A,#6556,#6390A
241004,#6468,#6182,#6204A,#6308,#6468A,#6204
151015,#6556,#6556A,#6423B,#6423A,#6423,#6409
151013,#6423A,#6307,#6423,#6393,#6423B,#6513
141005,#6128A,#6128,#6097A,#6246,#6097,#6225
40026,#6398A,#6468A,#6468,#6398,#6420,#6419
oliveoilextravirgin,#5575B,#5380,#5575C,#5380A,#5575A
151016,#6507A,#6507,#6513,#6556,#6556A
Exportorganicgreenbean,#5109,#5099,#5051,#5105,#5053
ImportedRedPlums,#5104,#5056,#5086,#5089,#5062
organicbuckwheathulled,#6113,#6113B,#6113D,#6113C,#6113A
swisschardchemicalfree,#5697,#5324,#5424,#5424B,#5415
blackpepper,#5442A,#5637,#5138,#6016,#5442
wholechickenchemicalfree,#5164,#5143,#5139,#5116,#5129
40014,#6486A,#6363A,#6363B,#6201,#6486
organicbrownricespaghetti,#5284A,#5284,#5240,#5240A,#5191
peanutsinshellchemicalfree,#5810A,#5509,#5509A,#5149,#5810
greenbeansfrench,#5642,#5629,#5554,#5441,#5629A
coloredbeetma,#5798A,#5346,#5798,#5798B,#5346A
smokedsalmoncold,#5993,#5943A,#5121,#5225,#5943
6.1611E+12,#5484,#5354A,#5354,#5311,#6133
color beet,#5697,#5399,#5469,#5469A,#5469A
Chiaseeds,#5067,#5070,#5062,#5073,#5090
Beefmince,#5050,#5049,#5081,#5052,#5055
Organiccoconutoil,#5111,#5082,#5079,#5108,#5097
Coconutoilsoap,#6103,#6198,#6089B,#6089A,#6198A
minniesdriedapple,#5715A,#5715,#5552,#5232,#5552A
ImportedGinger,#5060,#5083,#5099,#5054,#5089
281102,#6494,#6414,#6414A,#6494A,#6557
281097,#6402B,#6494A,#6402A,#6402,#6494
281096,#6402,#6494A,#6494,#6402A,#6402B
Blackpeppercorn,#5575,#5575C,#5575B,#5575A,#5119
281012,#6357,#6315,#6555,#6556A,#6556
blackolivesnatural,#5400A,#5149,#5400,#6032,#5499
281008,#6537,#6527,#6527A,#6496,#6561
finncrispgarlic,#5481,#5697,#6010A,#6010,#5481A
261003,#6306,#6306A,#6328A,#6328,#6295
greenolivesnatural,#5499,#5400A,#5704,#5704A,#5400
241009,#6507,#6259,#6377,#6377A,#6507A
241006,#6204A,#6155,#6292,#6204,#6292A
571001,#6257,#6542A,#6373A,#6373,#6542
20007,#6076,#6076A,#6130,#6076B
Zucchini(chemicalfree),#5054,#5058,#5083,#5089
281047,#6408,#6408A,#6408B,#6566
sagema,#5231,#5204,#5204A,#5319
Coriander(chemicalfree),#5083,#5060,#5085,#5099
driedtomatochemicalfree,#5659,#5680A,#5680,#5141
Pomegranate,#5051,#5058,#5096,#5109
40025,#6398A,#6494A,#6494,#6398
finncrisporganic,#5553B,#5993,#5553A,#5553
281032,#6514A,#6561,#6514,#6556
40015,#6556,#6486A,#6486,#6556A
431006,#6328A,#6328,#6425,#6425A
341040,#6306A,#6306,#6513,#6552
toastbreadflourglutenfree,#5468,#6047,#5697,#5357
20030,#6514,#6238,#6468,#6468A
ExportorganicColoredbillpepper,#5086,#5099,#5078,#5051
quinoaChmeicalfre(Egyptian),#5090,#5074,#5057,#5087
341024,#6474A,#6474B,#6356,#6474
lollabionda,#6137B,#5812,#6137A,#6137
tofufirmferme,#5154,#5156,#5144,#5127
Lollarossa,#5083,#5102,#5064,#5056
herbswithcamomileandspearmint,#5649A,#5680,#5680A,#5649
261020,#6306A,#6306,#6368,#6201
SweetOranges,#5053,#5092,#5056,#5091
551001,#6468,#6468A,#6556,#6556A
261008,#6205,#6306,#6205A,#6306A
millygrisandciocc,#5121,#5239,#5120,#5239A
oakleaflettucemakar,#5812A,#5936,#5697,#5812
301016,#6267,#6267A,#6300,#6180
301003,#6556,#6398,#6398A,#6556A
Oranges,#5056,#5053,#5051,#5054
pumpkinjamnatural,#5707,#5590B,#5121,#5218
Salmonsteak,#5063,#5086,#5074,#5092
mustard leaves,#5346,#5668,#5346A,#5311
281109,#6494,#6530,#6530A,#6494A
soyamilkwithbanana,#6517,#6255,#5794,#5794A
Blueberries(frozen),#5068,#5080,#5062,#5083
281086,#6432,#6448,#6448A,#6567
281082,#6565,#6524,#6491,#6561
Tomato(chemicalfree),#5083,#5092,#5066,#5064
finncrisptraditional,#5976,#5228,#5388A,#5388
chickenliver,#5840A,#5840,#5416A,#5416
201010,#6468A,#6468,#6284,#6284A
Ardolingoberries,#5070,#5083,#5080,#5068
Exportorganiconion,#5107,#5083,#5066,#5053
gardensorangejuice100naturaljuice,#5124,#5262,#5700,#5294
Spinach(chemicalfree),#5051,#5053,#5104,#5086
Beetroot(chemicalfree),#5056,#5083,#5051,#5092
Guiltlessoatmealcookie,#5943,#5534,#5534A,#5943A
141006,#6156B,#6156C,#6156,#6156A
6.4105E+12,#5107,#5106,#5107
AlmondsRawShelled,#5090,#5083,#5062
minniesdriednectarine,#5680A,#5680,#5837
kakafruit,#5122,#5509,#5509A
Sprouts,#5088,#5083,#5078
huromslowjuices,#5798A,#5798,#5798B
driedkiwi,#5437,#5437A,#5437A
ImportedRedGrapes,#5089,#5096,#5078
speltryecrackerscumin,#5740,#5974A,#5974
silverbeet,#6150,#6080,#5713
Arugula(chemicalfree),#5059,#5083,#5054
Camelmilk,#5111,#5068,#5106
Organicdrieddates,#5093,#5056,#5062
Beefcubes,#5084,#5050,#5049
261015,#6266,#6266A,#6083
201004,#6549B,#6549,#6549A
PremiumBrownSugar,#5062,#5099,#5050
Black Plate 11,#6121,#6121A,#6121B
zucchiniflowers,#5413,#5413A,#5413B
blueberriesfrozen,#5113,#5141,#5158
Cucumber(chemicalfree),#5085,#5092,#5058
171002,#6250,#6127,#6480
Allpurposebakingflour(Glutenfree),#5089,#5077,#5096
Parsely(chemicalfree),#5083,#5107,#5054
161011,#6517,#6219,#6219A
minniesdriedpears,#5886,#5886A,#5905
291012,#6250,#6468,#6468A
161009,#6300,#6317,#6317A
40152EF,#5082,#5078,#5056
381005,#6501,#6501A,#6397
thyme123,#5282,#5282A,#5282B
meattenderiser,#5400,#5311,#6180
281111,#6530,#6530A,#6419
minniesdriedlemongrass,#6121B,#6121A,#6121
106900,#5062,#5075,#5048
105390,#5079,#5111,#5093
103480,#5076,#5062,#5052
Gingecake(Gluten free),#6565,#5943A,#5943
Gua,#5091,#5074,#5109
Carrot cake(Glutenfree),#6556,#6556A,#6250
rolandwildrice,#5446A,#5446,#5481
351021,#6402,#6402A,#6402B
Melon,#5056,#5099,#5086
541003,#6250,#6277,#6277A
saltvinegar,#5280A,#5280B,#5280
sheabuttersoap,#5264B,#5264A,#5264
MedjoulDates,#5110,#5070,#5062
241001,#6292B,#6292A,#6292
Exportorganicspringonion,#5074,#5055,#5064
RedCabbage(chemicalfree),#5086,#5078,#5055
Greeniceberg,#5099,#5071,#5051
Potatoes,#5287,#5068,#5083
TofuFirmferme,#5068,#5083,#5062
Baladibread,#5092,#5062,#5057
basmatibrownrice,#5149,#5222,#5161
Top,#5050,#5091,#5109
Coloredbellpepper(Chemicalfree),#5060,#5104,#5109
BabySpinach(chemicalfree),#5054,#5059,#5056
ChickenCutletsShishtawook,#5089,#5056,#5053
bioorganicrotinipasta,#5902,#5707,#5707A
BaladyWholeChicken(chemicalfree),#5086,#5100,#5092
driedfigschemicalfree,#5345A,#5131,#5345
281014,#6565,#6561,#6557
281076,#6494A,#6513,#6494
WholeChicken(chemicalfree),#5049,#5091,#5106
footspraynatural,#5590A,#5590B,#5590
hmburgerchemicalfreefrozen,#5179,#5122,#5126
fricolightslices,#5149,#5131,#5148
Almondmilk(Original),#5111,#5078,#5062
whitemuskandbrownsugarbodybutter,#5126,#5517,#5517A
driedlemongrasschemicalfree,#5345A,#6127,#5345
281067,#6494,#6494A,#6510
00610-2,#5083,#5057,#5062
20025,#6338,#6374,#6374A
Minniesdriedfruitmix,#5050,#5057,#5062
Lemon(chemicalfree),#5053,#5051,#5083
facialmudscrubdryskin,#5560,#5560A,#5411
IcebergLettuce(chemicalfree),#5086,#5066,#5092
greentealemongrassbodylotion,#5440,#5440B,#5440A
cumin123,#5499,#5908A,#5908
babycherrycarrotsmak,#5939,#5992A,#5992
281058,#6556,#6556A
Curlyfrisee,#5107,#5085
Gingerpaste,#5068,#5090
Shamsybread,#5050,#5083
Roquette,#5105,#5056
granolabars,#5943,#5943A
Babycorn,#5107,#5074
rosemary123,#5499,#5499A
Cashewnutraw,#5090,#5062
ChickenLiver,#5050,#5061
Italianbasil,#5071,#5106
00620-1,#5083,#5062
Red  lettuce,#5943A,#5943
Smokedsalmon,#5110,#5086
Coconutoil(organic)-forcooking,#5049,#5072
541002,#6438A,#6438
CayennePepper,#5084,#5083
501034,#6259,#6278
DriedApricots,#5084,#5093
GoldenRaisins,#5068,#5091
ArdoRasberries,#5080,#5083
Pinkgrapfruits,#5084,#5066
ardorasberries,#5158,#5114
blackpepper123,#6556,#6556A
Huromslowjuices,#5063,#5063A
431022,#6200,#6200A
431013,#6556A,#6556
431005,#6328A,#6328
431004,#6556,#6556A
431003,#6328A,#6328
431001,#6205,#6204
401007,#6468,#6468A
401006,#6516,#6485
chocolatebiscutis(Gluten free),#6259,#6015
Lurpak(unsalted),#5056,#5099
351020,#6566,#6552
351011,#6198,#6198A
Vealcutlets(chemicalfree)frozen,#5107,#5086
Speltbread(loaf),#5058,#5056
ardolingoberries,#5175,#5124
351003,#6524,#6561
341047,#6501,#6483
341028,#6468,#6483
minniesdriedfigs,#5637,#5637A
GreenFrenchApples,#5096,#5056
341015,#6468A,#6468
apricotjamnatural,#6010A,#6010
blackseedegyptian,#5281,#5281A
301021,#6494A,#6494
291011,#6200A,#6200
291008,#6160,#6161
Duck(chemicalfree),#5055,#5101
Exportorganiclemon,#5083,#5056
281110,#6494A,#6494
281106,#6556A,#6556
281105,#6543,#6437
mestemacherorganicsunflowerseed,#5222,#5173
281065,#6494,#6494A
babyblackaubergene,#5150,#5135
Kale,#5070,#5083
281034,#6113D,#6113C
281023,#6385A,#6385
281007,#6553,#6561
Dill,#5083,#5086
271001,#6362A,#6362
fricomaasdamslices,#5528,#5148
261006,#6562A,#6562
251001,#6232,#6127
231001,#6566,#6560
fricochevreeteslices,#5222,#5220
organiccherrytomatos,#5143,#5174
Oliveoil(extravirgin),#5107,#5068
191010,#6377,#6377A
161005,#6364A,#6364
Unsweetenedalmondmilk,#5103,#5083
Naturaldeodrant(stick),#6332,#6089B
140166,#5074,#5090
Thyme,#5059,#5107
Honey,#5056,#5050
arganoilhairconditioner,#5176,#5354
dryhairshampoo0chemical,#5273,#5273A
Drumsticks(chemicalfree),#5052,#5083
brownriceflourglutenfree,#5240,#5130
40027,#6416,#6419
herbalteapot,#5282,#5161
driedpepperschemicalfree,#5346A,#5346
40020,#6513,#6238
RedRadishes(chemicalfree),#5083,#5055
greenteacucumberfacialmilk,#5440A,#5440
organicbrownriceelbowpasta,#5680,#5294
Beefmince0fat(chemicalfree),#5085,#5086
justbuttervanillabodybutter,#5884,#5884A
20022,#6153,#6222
whiteteafennelandpeppermint,#5637,#5637A
Aubergene(Roumy)-Chemicalfree,#5083,#5086
BabyOnions,#5083,#5074
Drumsticks,#5050,#5056
honeysoap,#6000A,#6000
Watercress,#5068,#5083
4.00045E+12,#5084,#5093
turkey-1,#5668A,#5668
