Product,Aug 2012,Sep 2012,Oct 2012,Nov 2012,Dec 2012,Jan 2013,Feb 2013,Mar 2013,Apr 2013,May 2013,Jun 2013,Jul 2013,Aug 2013,Sep 2013,Oct 2013,Nov 2013,Dec 2013,Jan 2014,Feb 2014,Mar 2014,Apr 2014,May 2014,Jun 2014,Jul 2014,Aug 2014,Sep 2014,Oct 2014,Nov 2014,Dec 2014,Jan 2015,Feb 2015,Mar 2015,Apr 2015,May 2015,Jun 2015,Jul 2015,Revenue
CHICKENBREAST,45.8,45.8,45.321739130434786,46.50666666666667,15.786666666666669,47.36,47.36,47.36000000000001,47.36,47.36,47.36,47.36,47.36000000000001,49.95,47.36,47.36,47.36,47.36000000000001,47.36,47.36,47.45955555555555,48.0,52.869565217391305,56.0,56.0,56.0,56.0,56.0,56.0,56.0,56.0,56.0,56.0,56.0,57.648169402985076,63.892857142857146,82596.53735
QUINOAWHITEORGANIC454G,51.9,51.9,51.9,51.9,51.9,51.89999999999999,51.900000000000006,51.9,51.900000000000006,51.9,57.567619047619054,57.567619047619054,57.567619047619054,57.567619047619054,57.75,57.75,57.75,82.0,82.0,82.56756756756756,79.55555555555556,82.57894736842105,82.0,81.27272727272727,82.0,80.22063492063492,81.20833333333333,83.43857142857142,87.98965517241379,92.0,92.0,92.0,92.0,92.0,93.94444444444444,95.0,64389.46
WHOLECHICKEN,29.081599999999995,34.08,33.73166666666666,29.9,11.959999999999999,29.9,29.900000000000002,29.9,29.9,29.9,29.9,29.900000000000002,29.900000000000002,29.9,29.9,29.9,29.9,29.9,29.900000000000002,29.9,29.900000000000002,29.514285714285712,29.53846153846154,36.0,36.0,36.0,36.0,37.15384615384615,42.0,42.0,42.0,42.0,42.0,42.0,39.17763157894737,45.0,54238.82
COCONUTOILORGANICFORCOOKING,250.0,250.0,250.0,250.0,250.0,250.0,250.0,250.0,250.0,250.0,250.0,250.0,250.0,250.0,250.0,250.0,250.0,250.0,250.0,250.0,250.0,250.0,250.0,250.0,250.0,250.0,219.11764705882354,228.36363636363637,236.0,236.0,98.66666666666667,98.66666666666667,98.66666666666667,3305.3333333333335,142.24444444444444,147.03367700000004,37240.905155
BEEFFILLET1KG,260.09,260.09,198.89999,211.8142842857143,216.97999999999996,216.98000000000002,216.98,216.98000000000002,216.98000000000005,216.98000000000002,216.98,216.98000000000005,216.98,213.6812731677771,216.98,216.98000000000002,216.98000000000005,216.98000000000005,216.98,216.98,216.98,227.0,230.0,230.0,230.0,230.0,230.0,230.0,230.0,230.0,230.0,230.0,230.0,230.0,230.0,230.0,30179.797789999997
AVOCADOSIMPORTED,41.28,41.28,41.28,41.28,4.586666666666667,38.5,38.5,38.5,38.5,35.379444444444445,33.54,42.08875,43.31,43.31,43.309999999999995,43.31,42.639459125,43.31,44.034285714285716,45.0,45.0,28.77777777777778,29.0,29.0,29.0,27.505555555555556,27.0,28.972602739726028,29.91304347826087,30.0,30.0,30.0,30.0,30.0,31.93548387096774,32.0,27104.105673000002
BEEFFILLETWHOLE,158.0,158.0,158.0,158.0,158.0,158.0,158.0,158.0,158.0,158.0,158.0,158.0,158.0,158.0,158.0,158.0,158.0,158.0,158.0,158.0,158.0,158.0,158.0,158.0,158.0,158.0,158.0,158.0,158.0,158.0,158.0,158.0,158.0,158.0,165.99900000000002,165.99900000000002,23672.1758
DRIEDCRANBERRY200G,53.93,53.93,53.93,53.93,53.93,53.93,53.93,55.5,55.5,55.5,59.54,60.55,60.55,74.72510344827586,42.44210526315789,60.0,60.0,60.0,60.0,60.0,36.0,42.5,60.166666666666664,52.5,52.5,52.5,220.16666666666666,52.77777777777778,151.52631578947367,53.0,53.0,53.0,53.0,53.0,51.23333333333333,53.0,19416.837
INSIDECAIRODELIVERYFEE,10.0,10.0,10.0,10.0,10.0,10.0,10.0,10.0,10.0,10.0,10.0,10.0,10.0,9.991228070175438,10.0,10.0,9.982555098591552,10.0,10.0,10.0,10.0,10.0,10.0,10.0,10.0,10.0,10.0,10.0,10.0,10.0,10.0,10.0,10.0,10.0,10.0,10.0,18937.761412
SALMONSTEAK,24.93,24.93,24.93,24.93,24.93,24.93,24.93,24.93,50.0,50.0,50.0,50.0,50.0,50.0,50.0,50.0,50.0,50.0,50.0,50.0,50.0,55.333333333333336,59.21739130434783,62.0,59.933333333333344,61.55714285714286,62.0,62.0,62.0,62.0,62.0,62.0,62.0,62.0,59.853846153846156,62.0,16650.84
BEEFFILLETCHEMICALFREEFROZEN,130.0,130.0,130.0,130.0,130.0,130.0,130.0,130.0,130.0,130.0,130.0,130.0,130.0,130.0,130.0,130.0,130.0,130.0,130.0,130.0,130.0,130.0,81.76,63.0,63.0,63.0,63.0,68.25,72.0,89.4,89.4,89.4,89.4,90.1,93.38823529411764,97.2120603,16337.361809
VEALESCALOPEBIFTEK1KG,102.0,102.0,101.97999999999999,101.9,104.0,104.0,104.0,104.0,104.0,104.0,104.0,104.0,104.0,104.0,104.0,104.0,104.0,104.0,104.0,104.0,104.0,104.0,104.0,104.0,104.0,104.0,104.0,104.0,104.0,104.0,104.0,104.0,104.0,104.0,104.0,104.0,16182.9
HUROMSLOWJUICER,2850.0,2850.0,2850.0,2850.0,2850.0,2850.0,2850.0,2850.0,2850.0,2850.0,2850.0,2850.0,2850.0,2850.0,2850.0,2850.0,2850.0,2850.0,2850.0,2850.0,2850.0,2850.0,2850.0,2850.0,2850.0,2850.0,2850.0,2850.0,2850.0,2850.0,3125.0,3125.0,3125.0,3125.0,3125.0,3125.0,14800.0
BEEFMINCE1KG,71.40000000000002,71.4,71.4,71.4,71.39999999999999,71.4,71.39999999999999,71.4,71.39999999999999,71.4,71.4,71.4,71.40000000000002,70.10181818181819,71.4,71.39999999999999,71.4,71.4,71.4,71.4,71.4,75.17142857142858,82.0,82.0,82.0,82.0,82.0,82.0,82.0,82.0,82.0,82.0,82.0,82.0,82.0,82.0,13906.12
BEEFCUBESCHEMICALFREEFROZEN,71.0,71.0,71.0,71.0,71.0,71.0,71.0,71.0,71.0,71.0,71.0,71.0,71.0,71.0,71.0,71.0,71.0,71.0,71.0,71.0,71.0,71.0,71.0,49.0,49.0,49.0,49.0,49.55813953488372,50.0,58.0,58.0,58.0,58.0,58.0,59.361702127659576,61.310728142857144,13815.175097
BEEFMINCECHEMICALFREEFROZEN,105.0,105.0,105.0,105.0,105.0,105.0,105.0,105.0,105.0,105.0,105.0,105.0,105.0,105.0,105.0,105.0,105.0,105.0,105.0,105.0,105.0,105.0,52.27272727272727,45.0,45.0,45.0,45.0,46.875,48.0,41.6,55.0,55.0,55.0,55.0,55.0,55.0,13033.0
BENCHPRESSOATSWITHAPPLEANDCINNAMONWITHWHEYPROTEIN,20.0,20.0,20.0,20.0,20.0,20.0,20.0,20.0,20.0,20.0,20.0,20.0,20.0,20.0,20.0,20.0,20.0,20.0,20.0,20.0,20.0,20.0,20.0,20.0,20.0,20.0,20.0,24.0,24.0,24.0,24.0,24.0,24.0,21.16378947368421,19.950307167235493,17.110675669902914,12820.959594
UNSWEETENEDALMONDMILK,30.0,30.0,30.0,30.0,30.0,30.0,30.0,30.0,30.0,30.0,30.0,30.0,30.0,30.0,30.0,30.0,30.0,30.0,30.0,30.0,30.0,30.0,30.0,30.0,30.0,30.0,33.16417910447761,33.29,35.0,35.0,35.0,35.0,35.0,35.0,33.8235294117647,34.635416666666664,12476.95
CAIRO,15.0,15.0,15.0,15.0,15.0,15.0,15.0,15.0,15.0,15.0,15.0,15.0,15.0,15.0,15.0,15.0,15.0,15.0,15.0,15.0,15.0,15.0,15.0,15.0,15.0,15.0,15.0,15.0,15.0,15.0,12.857142857142858,12.857142857142858,12.857142857142858,13.14516129032258,14.788732394366198,15.0,12225.0
CHIASEEDSORGANIC,100.33333333333333,100.33333333333333,100.33333333333333,100.33333333333333,100.33333333333333,100.33333333333333,100.33333333333333,100.33333333333333,100.33333333333333,100.33333333333333,100.33333333333333,100.33333333333333,100.33333333333333,100.33333333333333,100.33333333333333,100.33333333333333,100.33333333333333,100.33333333333333,100.33333333333333,100.33333333333333,100.33333333333333,100.33333333333333,100.33333333333333,100.33333333333333,100.33333333333333,100.33333333333333,100.33333333333333,100.33333333333333,100.33333333333333,105.0,84.3629090909091,84.3629090909091,84.3629090909091,84.3629090909091,76.82425806451613,98.0,11843.056
BALADYWHOLECHICKENCHEMICALFREE,38.7,38.7,38.7,38.7,38.7,38.7,38.7,38.7,38.7,38.7,38.7,38.7,38.7,38.7,38.7,38.7,38.7,38.7,38.7,38.7,38.7,38.7,38.7,38.7,38.7,38.7,38.7,41.193333333333335,45.5,45.5,45.5,45.5,45.5,47.708333333333336,-50.0,50.0,11772.3
BEEFMINCENOFATCHEMICALFREEFROZEN,58.0,58.0,58.0,58.0,58.0,58.0,58.0,58.0,58.0,58.0,58.0,58.0,58.0,58.0,58.0,58.0,58.0,58.0,58.0,58.0,58.0,58.0,58.0,58.0,58.0,58.0,58.0,58.0,58.0,58.0,58.0,58.0,58.0,58.0,60.19655172413793,61.66025364285714,11765.130653
PUREOATSGLUTENFREE,40.0,40.0,40.0,40.0,40.0,40.0,40.0,40.0,40.0,40.0,40.0,40.0,40.0,40.0,40.0,40.0,40.0,40.0,40.0,40.0,40.0,40.0,40.0,40.0,46.0,46.0,46.0,46.0,46.0,46.0,46.0,46.0,46.0,41.25521518987342,39.96213114754099,45.233333333333334,11657.114
MUESLIWITHQUINOAAMARANTHAPPLESEEDSANDNUTSGLUTENFREE,60.0,60.0,60.0,60.0,60.0,60.0,60.0,60.0,60.0,60.0,60.0,60.0,60.0,60.0,60.0,60.0,60.0,60.0,60.0,60.0,60.0,60.0,60.0,60.0,58.0,58.03333333333333,58.8,55.44729508196721,55.44729508196721,55.44729508196721,55.44729508196721,55.44729508196721,55.44729508196721,55.44729508196721,52.60814606741573,32.842255833333326,11508.184745
DRIEDBLUEBERRIES250G,53.93,53.93,53.92999999999999,53.93,53.93,53.93,53.93,55.5,55.5,56.510000000000005,60.550000000000004,61.27,61.27,38.49842105263158,44.714285714285715,60.0,60.0,60.0,60.0,60.0,36.0,64.0,64.0,64.0,64.0,64.0,64.0,62.0,64.0,64.0,64.0,64.0,64.0,64.0,61.44,57.142857142857146,11463.03
RAWALMONDSSHELLED250G,22.7,22.7,22.7,22.7,22.7,22.700000000000003,22.700000000000003,27.0,27.0,27.0,28.93285714285714,29.459999999999997,29.459999999999994,29.46,29.60727272727273,30.0,30.90909090909091,35.0,35.0,35.0,35.0,35.25,33.27636363636364,28.51,28.51,28.50977272727273,28.509999999999998,28.959999999999997,36.3016,37.62,42.69565217391305,42.69565217391305,42.69565217391305,42.69565217391305,41.8,44.0,11324.905
OSOOLBEGAWICHICKENFROZEN,37.0,37.0,37.0,37.0,37.0,37.0,37.0,37.0,37.0,37.0,37.0,37.0,37.0,37.0,37.0,37.0,37.0,37.0,37.0,37.0,37.0,37.0,37.0,37.0,37.0,37.0,37.0,37.0,37.0,37.0,37.0,37.0,37.0,37.0,37.0,37.0,11026.0
RAWPECAN250G,49.14,49.14,49.14,49.14,49.14,49.14,49.14,49.14,49.13999999999999,49.13999999999999,57.82,66.5,65.17,65.17,66.5,72.5,72.5,72.5,72.5,72.5,72.5,75.625,78.0,64.5,64.5,64.5,64.5,66.875,74.0,74.0,74.0,74.0,74.0,74.0,69.06666666666666,64.75,10798.77
MUESLIWITHMIXEDBERRIESOATFLAKESANDSEEDSORGANIC,68.0,68.0,68.0,68.0,68.0,68.0,68.0,68.0,68.0,68.0,68.0,68.0,68.0,68.0,68.0,68.0,68.0,68.0,68.0,68.0,68.0,68.0,68.0,68.0,68.0,68.0,68.0,68.0,68.0,68.0,68.0,68.0,68.0,55.29128787878788,51.78341121495327,33.948019605263156,10616.074745
QUINOAWHITEORGANIC,81.0,81.0,81.0,81.0,81.0,81.0,81.0,81.0,81.0,81.0,81.0,81.0,81.0,81.0,81.0,81.0,81.0,81.0,81.0,81.0,81.0,81.0,81.0,91.5,78.13250000000001,57.43269230769231,55.0,57.00857142857143,57.00857142857143,57.00857142857143,57.00857142857143,57.00857142857143,57.00857142857143,57.00857142857143,57.00857142857143,57.00857142857143,10419.41
BEEFESCALOPECHEMICALFREEFROZEN,115.0,115.0,115.0,115.0,115.0,115.0,115.0,115.0,115.0,115.0,115.0,115.0,115.0,115.0,115.0,115.0,115.0,115.0,115.0,115.0,115.0,115.0,73.0,49.0,49.0,49.0,49.0,49.588235294117645,50.0,58.0,58.0,58.0,58.0,58.0,56.696296296296296,62.0,10398.8
GRANOLAWITHFRUITSANDSEEDSGLUTENFREE,48.0,48.0,48.0,48.0,48.0,48.0,48.0,48.0,48.0,48.0,48.0,48.0,48.0,48.0,48.0,48.0,48.0,48.0,48.0,48.0,48.0,48.0,48.0,48.0,48.0,48.0,52.0,52.0,52.0,52.0,52.0,52.0,52.0,38.33306666666667,52.0,52.0,10289.944
SKINNYOATSWITHBERRIESANDGREENTEAEXTRACTFORWEIGHTLOSS,20.0,20.0,20.0,20.0,20.0,20.0,20.0,20.0,20.0,20.0,20.0,20.0,20.0,20.0,20.0,20.0,20.0,20.0,20.0,20.0,20.0,20.0,20.0,20.0,20.0,20.0,24.0,24.0,24.0,24.0,24.0,24.0,24.0,23.205295454545453,17.771282868525894,14.803255424778762,9667.425863
ALMONDMILKORGANIC946ML,31.900000000000002,31.900000000000002,31.900000000000002,31.900000000000002,31.900000000000002,31.9,31.9,31.9,31.900000000000002,31.900000000000002,31.900000000000002,33.423508771929825,33.423508771929825,33.423508771929825,33.6,33.6,33.6,33.6,30.133333333333336,30.133333333333336,30.133333333333336,30.133333333333336,30.133333333333336,30.133333333333336,30.133333333333336,30.133333333333336,34.0,34.0,34.0,34.0,34.0,34.0,34.0,34.0,34.0,34.0,9520.84
BEEFCUTLETS1KG,76.5,76.5,76.5,76.83,76.83,76.83,76.83,76.83,76.83,76.83,76.83,76.83,76.83,76.83,76.83,76.83,76.83,76.83,76.83,76.83,77.02499999999999,78.0,78.0,78.0,78.0,78.0,78.0,78.0,78.0,78.0,78.0,78.0,78.0,78.0,78.0,78.0,9451.62
APPLECIDERVINEGARORGANIC,27.9,27.9,27.9,27.9,27.9,27.900000000000002,27.9,27.900000000000002,27.9,27.900000000000002,27.900000000000002,35.0,35.0,35.0,35.0,35.0,35.0,35.0,35.0,38.0,38.0,38.0,38.0,38.0,38.0,38.0,38.0,37.316,38.0,38.0,35.0,35.0,35.0,35.0,35.0,34.75197,9284.62758
KALEDEFAULT,18.75,18.75,18.75,18.75,18.75,18.75,18.75,18.75,18.75,18.75,18.75,18.75,18.75,18.75,18.75,18.75,18.75,18.75,18.75,18.75,18.75,18.7890625,19.0,19.0,19.0,19.0,19.0,20.333333333333332,20.694915254237287,21.0,21.0,21.0,21.0,21.0,21.0,21.0,9203.0
BALADYEGGSCHEMICALFREE,21.0,21.0,21.0,21.0,21.0,21.0,21.0,21.0,21.0,21.0,21.0,21.0,21.0,21.0,21.0,21.0,21.0,21.0,21.0,21.0,21.0,21.0,21.0,21.0,21.0,22.0,22.0,22.0,22.0,22.0,16.6,16.6,16.6,16.6,16.6,16.6,9095.8
BROWNRICEPENNEAMERICANGLUTENFREEORGANIC340G,41.9,41.9,41.9,41.9,41.9,41.9,41.9,41.9,41.9,41.9,41.9,41.9,47.0625,47.0625,47.25,47.25,47.25,49.5,49.5,49.5,49.0,49.0,49.0,49.0,49.0,49.0,49.0,46.99545454545455,49.0,49.0,45.0,45.0,45.0,45.0,45.0,45.0,8981.149999999998
GOJIBERRIES,64.0,64.0,64.0,64.0,64.0,64.0,64.0,64.0,64.0,64.0,64.0,64.0,64.0,64.0,64.0,64.0,64.0,64.0,64.0,64.0,64.0,64.0,64.0,64.0,64.0,54.1,64.0,64.0,64.0,64.0,64.0,64.0,64.0,55.267,51.62466666666667,63.10456557142857,8851.171959000003
RAWWALNUTSHELLED250G,28.650000000000002,28.65,28.650000000000002,28.650000000000002,28.65,28.650000000000002,28.65,35.0,35.0,35.0,37.5,37.5,37.5,37.5,37.5,37.5,38.333333333333336,40.0,40.0,40.0,40.0,46.0,47.875,41.5,41.5,40.833333333333336,41.5,41.5,40.625,41.5,48.0,48.0,48.0,51.8,49.6875,48.230000000000004,8314.5
DUCK,86.4,86.4,86.4,86.4,86.4,86.4,86.39999999999999,86.39999999999999,86.4,86.4,86.4,86.4,86.4,86.4,86.4,86.4,86.4,86.4,86.4,86.39999999999999,86.4,88.39999999999999,88.39999999999999,88.39999999999999,88.39999999999999,88.39999999999999,88.39999999999999,88.39999999999999,94.2,100.0,100.0,100.0,100.0,100.0,142.835,154.0,8275.810000000003
TOPSIDESTEAKCHEMICALFREEFROZEN,56.0,56.0,56.0,56.0,56.0,56.0,56.0,56.0,56.0,56.0,56.0,56.0,56.0,56.0,56.0,56.0,56.0,56.0,56.0,56.0,56.0,56.0,56.0,50.0,50.0,50.0,50.0,50.0,50.0,58.0,58.0,58.0,58.0,58.0,57.473684210526315,62.0,8202.0
RAWSUNFLOWERSEEDSHELLED566G,47.61,47.61000000000001,47.61,47.61,47.9,47.9,47.9,47.9,47.9,47.9,52.5,52.5,52.5,52.5,52.5,52.5,55.0,55.0,55.0,55.0,58.0,58.0,59.714285714285715,59.714285714285715,59.714285714285715,59.714285714285715,60.0,59.11764705882353,61.6,62.0,62.0,62.0,62.0,62.0,65.0,61.304860142857144,8072.454020999998
BANANASIMPORTED,13.5,13.5,13.5,13.5,13.5,13.5,13.5,13.5,13.5,14.531,13.67,14.61875,16.2,16.2,16.2,16.2,16.09967435,16.2,16.200000000000003,16.2,19.357142857142858,20.5,16.0,16.0,16.0,17.529411764705884,18.0,18.0,20.716,20.716,20.716,20.716,20.716,20.716,21.965714285714284,22.0,8025.363486999998
MUESLIWITHBRANBERRYANDSTRAWBERRIESORGANIC,34.0,34.0,34.0,34.0,34.0,34.0,34.0,34.0,34.0,34.0,34.0,34.0,34.0,34.0,34.0,34.0,34.0,34.0,34.0,34.0,34.0,38.0,38.0,38.0,37.457142857142856,38.0,34.199999999999996,34.417741935483875,34.417741935483875,34.417741935483875,34.417741935483875,34.417741935483875,34.417741935483875,34.417741935483875,32.05045871559633,19.278753813953486,7615.186414
OATMILKORGANIC946ML,31.9,31.9,31.9,31.9,31.9,31.9,31.9,31.900000000000002,31.900000000000002,31.9,31.9,31.9,31.9,33.6,33.6,33.6,33.6,33.6,36.75,36.75,36.75,36.75,36.75,36.75,36.75,36.75,36.75,36.75,36.75,36.75,36.75,36.75,36.75,36.75,36.75,36.75,7588.75
CHIASEEDS,99.5,99.5,99.5,99.5,99.5,99.5,99.5,99.5,99.5,99.5,99.5,99.5,99.5,99.5,99.5,99.5,99.5,99.5,99.5,99.5,99.5,99.5,99.5,99.5,98.07857142857142,87.335625,218.68,15.62,12.495999999999999,12.495999999999999,12.495999999999999,12.495999999999999,12.495999999999999,12.495999999999999,12.495999999999999,12.495999999999999,7483.467499999998
BEEFSTRIPSCHEMICALFREEFROZEN,110.0,110.0,110.0,110.0,110.0,110.0,110.0,110.0,110.0,110.0,110.0,110.0,110.0,110.0,110.0,110.0,110.0,110.0,110.0,110.0,110.0,110.0,58.8,47.0,47.0,47.0,47.0,47.0,47.0,56.0,56.0,56.0,56.0,56.0,56.52,61.396887166666666,7374.781323
RAWCASHEWNUT250G,26.599999999999994,26.6,26.6,26.599999999999998,26.6,26.6,26.6,35.0,35.0,35.0,35.0,35.0,35.0,35.0,35.0,35.0,35.0,37.5,37.5,37.5,37.5,39.333333333333336,36.75,33.5,33.5,35.9,33.5,37.1,38.0,38.0,38.0,38.0,38.0,38.0,38.0,38.0,7251.6
BROWNRICEEGYPTIAN,10.4,10.4,10.4,10.4,10.4,10.4,10.4,10.4,10.399999999999997,10.4,12.35,12.35,12.35,12.35,12.35,12.35,12.35,12.350000000000001,12.35,12.350000000000001,12.35,12.299999999999997,12.0,12.0,12.0,8.057692307692308,7.0,7.411333333333333,8.0,7.979166666666667,8.36,8.36,8.36,8.36,8.769767441860466,9.0,7227.45
CHICKENCUTLETSSHISHTAWOOK1KG,39.7,39.7,39.699999999999996,39.7,39.7,39.7,39.699999999999996,39.7,39.699999999999996,39.7,39.7,39.699999999999996,39.699999999999996,39.699999999999996,39.7,39.7,39.7,39.7,39.7,39.7,39.699999999999996,41.13333333333333,48.42307692307692,53.75,53.75,53.75,53.75,53.75,53.75,53.75,53.75,53.75,53.75,53.75,53.75,53.75,7008.5
BROWNRICESPAGHETTIAMERICANGLUTENFREEORGANIC284G,41.9,41.9,41.9,41.9,41.9,41.89999999999999,41.9,41.9,41.9,41.9,41.9,41.9,46.125,46.125,47.25,47.25,47.25,49.5,49.5,49.5,49.0,49.0,49.0,49.0,49.0,49.0,49.0,49.0,49.0,49.0,45.0,45.0,45.0,45.0,43.75,45.0,6959.65
MAPLESYRUPORGANIC,48.0,48.0,48.0,48.0,48.0,48.0,48.0,48.0,48.0,48.0,48.0,48.0,48.0,48.0,48.0,48.0,48.0,48.0,48.0,48.0,48.0,48.0,48.0,48.0,48.0,48.0,48.0,48.0,48.0,48.0,48.0,48.0,48.0,96.0,94.8250237,92.86597933333333,6879.098412
WHEYPROTEIN340G,116.5,116.5,116.5,116.5,116.5,116.5,116.5,116.5,116.5,116.5,116.5,116.5,141.75,141.75,141.75,141.75,141.75,141.75,141.75,141.75,141.75,141.8,141.8,141.8,141.8,141.8,141.8,131.6,141.8,141.8,141.8,141.8,141.8,141.8,141.8,141.8,6597.85
SWEETPINEAPPLES,23.0,23.0,23.0,23.0,23.0,23.0,27.6,27.6,27.6,27.6,28.62,29.301666666666666,32.71,32.71,35.300000000000004,35.300000000000004,35.300000000000004,35.3,35.3,35.3,36.75,31.454545454545453,32.0,32.0,32.0,32.0,32.0,41.0,42.0,42.0,42.0,42.0,42.0,43.5,45.0,46.0,6544.190000000001
HAMBURGERCHEMICALFREEFROZEN,49.0,49.0,49.0,49.0,49.0,49.0,49.0,49.0,49.0,49.0,49.0,49.0,49.0,49.0,49.0,49.0,49.0,49.0,49.0,49.0,49.0,49.0,49.0,42.4,42.0,42.0,42.0,43.125,44.0,50.0,52.0,52.0,52.0,52.0,52.0,52.0,6250.0
VEALCUTLETSKABBAB7ALA1KG,102.0,102.0,102.0,101.9,104.0,104.0,104.0,104.0,104.0,104.0,104.0,104.0,104.0,104.0,104.0,104.0,104.0,104.0,104.0,104.0,104.0,104.0,104.0,104.0,104.0,104.0,104.0,104.0,104.0,104.0,104.0,104.0,104.0,104.0,104.0,104.0,6211.0
ALLPURPOSEBAKINGFLOURGLUTENFREE,46.5,46.5,46.5,46.5,46.5,46.5,46.5,46.5,46.5,46.5,46.5,46.415,46.415,46.415,47.25,47.25,47.25,47.25,47.25,47.25,47.25,46.833333333333336,46.0,46.0,46.0,46.0,46.0,46.0,60.0,60.0,43.75,43.75,43.75,43.75,43.0,43.5,6204.23
BASMATIBROWNRICEORGANIC907G,39.9,39.9,39.9,39.9,39.9,39.9,39.9,39.89999999999999,39.9,39.9,39.9,39.9,39.9,39.9,39.9,39.9,39.9,39.89999999999999,39.9,39.9,42.0,42.0,42.0,42.0,42.0,42.0,42.0,42.0,42.0,42.0,48.0,48.0,48.0,48.0,48.0,48.0,6162.3
COCONUTOILSMALLGLASSJAR,120.0,120.0,120.0,120.0,120.0,120.0,120.0,120.0,120.0,120.0,120.0,120.0,120.0,120.0,120.0,120.0,120.0,120.0,120.0,120.0,120.0,120.0,120.0,120.0,120.0,120.0,120.75,116.50454545454545,124.0,118.0,118.0,118.0,118.0,118.0,98.18181818181819,100.0,6113.1
BEEFESCALOPE1KG,81.59999999999998,81.60000000000002,81.6,81.6,81.6,81.60000000000001,81.60000000000001,81.6,81.59999999999998,81.6,81.6,81.59999999999998,81.59999999999998,81.60000000000001,81.60000000000001,81.60000000000001,81.6,81.60000000000001,81.6,81.59999999999998,81.60000000000001,81.59999999999998,86.0,86.0,86.0,86.0,86.0,86.0,86.0,86.0,86.0,86.0,86.0,86.0,86.0,86.0,6056.0
VEALPICATTA1KG,102.0,102.0,102.0,101.9,104.0,104.0,104.0,104.0,104.0,104.0,104.0,104.0,104.0,104.0,104.0,104.0,104.0,104.0,104.0,104.0,104.0,104.0,104.0,104.0,104.0,104.0,104.0,104.0,104.0,104.0,104.0,104.0,104.0,104.0,104.0,104.0,6015.6
QUINOAREDPERU,66.89999999999999,66.89999999999999,66.89999999999999,66.89999999999999,66.89999999999999,66.89999999999999,66.89999999999999,66.9,66.9,101.20000000000003,101.20000000000003,101.20000000000003,101.20000000000003,101.20000000000003,101.20000000000003,101.2,101.2,105.0,100.0,100.0,100.0,100.0,100.0,100.0,100.0,100.0,100.88888888888889,103.0,104.0,78.0,78.0,78.0,78.0,78.0,78.0,78.0,5956.3
WHOLECHICKENCHEMICALFREE,45.900000000000006,45.900000000000006,45.900000000000006,45.900000000000006,45.900000000000006,45.900000000000006,45.900000000000006,45.900000000000006,45.900000000000006,45.900000000000006,45.900000000000006,45.900000000000006,45.900000000000006,45.900000000000006,45.900000000000006,45.900000000000006,45.900000000000006,45.900000000000006,45.900000000000006,45.900000000000006,45.900000000000006,45.900000000000006,45.900000000000006,45.900000000000006,45.900000000000006,45.900000000000006,45.900000000000006,50.0,50.0,50.0,50.0,50.0,50.0,50.0,50.0,50.0,5581.9
YELLOWCARROTCHEMICALFREE,12.5,12.5,12.5,12.5,12.5,12.5,12.5,12.5,12.5,12.5,12.5,12.5,12.5,12.5,12.5,12.5,12.5,12.5,12.5,12.5,12.5,12.5,13.0,13.0,13.0,13.0,13.0,13.60655737704918,14.0,14.0,14.0,14.0,14.0,12.767441860465116,15.0,15.0,5499.0
MUSHROOM,12.99,12.99,12.99,12.99,12.99,12.99,12.99,12.99,12.99,13.132105263157895,13.26,13.26,13.26,13.26,13.26,13.26,13.26,13.26,13.260000000000002,13.26,13.260000000000002,135.82,9.0,9.0,8.957142857142857,9.0,9.0,15.0,15.0,15.0,15.0,15.0,15.0,17.410714285714285,21.642857142857142,22.0,5224.93
STEVIA,60.0,60.0,60.0,60.0,60.0,60.0,60.0,60.0,60.0,60.0,60.0,60.0,60.0,60.0,60.0,60.0,60.0,60.0,60.0,60.0,60.0,60.0,60.0,60.0,60.0,60.0,60.0,58.411764705882355,60.0,60.0,60.0,60.0,60.0,60.0,60.0,60.0,5193.0
TOMATOCHEMICALFREE,7.5,7.5,7.5,7.5,7.5,7.5,7.5,7.5,7.5,7.5,7.5,7.5,7.5,7.5,7.5,7.5,7.5,7.5,7.5,7.5,6.5,6.578947368421052,7.0,7.0,7.0,5.284466019417475,5.0,11.05,6.0,5.52,6.0,6.0,6.0,5.529999999999999,9.0,9.0,5087.580000000001
WILDRICEORGANIC227G,67.5,67.5,67.5,67.5,67.5,85.0,85.0,85.0,85.0,85.0,85.0,85.0,85.0,85.0,85.0,85.0,85.0,85.0,85.0,84.0,84.0,84.0,84.0,84.0,84.0,84.0,84.0,84.0,85.0,85.0,85.0,85.0,85.0,85.0,83.11111111111111,85.0,4865.5
BROWNRICEROTINIAMERICANGLUTENFREEORGANIC284G,41.9,41.9,41.9,41.9,41.9,41.9,41.9,41.9,41.9,41.9,41.9,41.9,47.0625,47.0625,47.25,47.25,48.375,49.5,49.5,49.0,49.0,49.0,49.0,49.0,48.300000000000004,49.0,49.0,49.0,49.0,49.0,49.0,49.0,49.0,49.0,49.0,49.0,4862.8
OATSWITHSPIRULINAANDBARLEYGRASSORGANIC?SUPERFOOD,32.44589473684211,32.44589473684211,32.44589473684211,32.44589473684211,32.44589473684211,32.44589473684211,32.44589473684211,32.44589473684211,32.44589473684211,32.44589473684211,32.44589473684211,32.44589473684211,32.44589473684211,32.44589473684211,32.44589473684211,32.44589473684211,32.44589473684211,32.44589473684211,32.44589473684211,32.44589473684211,32.44589473684211,32.44589473684211,32.44589473684211,32.44589473684211,32.44589473684211,32.44589473684211,32.44589473684211,32.44589473684211,32.44589473684211,32.44589473684211,32.44589473684211,32.44589473684211,32.44589473684211,32.44589473684211,24.44754285714286,12.449437272727273,4827.23943
CUCUMBERCHEMICALFREE,2.625,2.625,2.625,2.625,2.625,2.625,2.625,2.625,2.625,2.625,2.625,2.625,2.625,2.625,2.625,2.625,2.625,2.625,2.625,2.625,6.805555555555555,3.7,8.972727272727273,9.0,9.0,0.1539473684210526,7.0,7.0,7.0,7.0,7.0,7.0,7.0,5.5,7.0,7.215000000000001,4790.15
PUMPKINSEEDS100G,15.0,15.0,15.0,15.0,19.6,19.6,19.599999999999998,22.399999999999995,22.399999999999995,22.399999999999995,22.399999999999995,22.4,22.4,22.4,22.4,22.4,22.4,22.4,22.4,22.4,22.4,19.466666666666665,18.0,18.0,18.0,17.727272727272727,18.0,36.99230769230769,18.0,18.0,18.0,18.0,18.0,18.0,18.0,18.0,4771.8
SIXTHOFOCTOBER,25.0,25.0,25.0,25.0,25.0,25.0,25.0,25.0,25.0,25.0,25.0,25.0,25.0,25.0,25.0,25.0,25.0,25.0,25.0,25.0,25.0,25.0,25.0,31.0,35.0,35.0,35.0,35.0,35.0,35.0,35.0,35.0,35.0,35.0,35.0,35.0,4690.0
OATSWITHMACAANDCOCOAORGANIC?SUPERFOOD,30.084491228070178,30.084491228070178,30.084491228070178,30.084491228070178,30.084491228070178,30.084491228070178,30.084491228070178,30.084491228070178,30.084491228070178,30.084491228070178,30.084491228070178,30.084491228070178,30.084491228070178,30.084491228070178,30.084491228070178,30.084491228070178,30.084491228070178,30.084491228070178,30.084491228070178,30.084491228070178,30.084491228070178,30.084491228070178,30.084491228070178,30.084491228070178,30.084491228070178,30.084491228070178,30.084491228070178,30.084491228070178,30.084491228070178,30.084491228070178,30.084491228070178,30.084491228070178,30.084491228070178,30.084491228070178,25.252837209302328,14.604505581818186,4689.807807
VEALSHANKSMOWAZ1KG,102.0,102.0,102.0,101.89999999999999,104.0,104.0,104.0,104.0,104.0,104.0,104.0,104.0,104.0,104.0,104.0,104.0,104.0,104.0,104.0,104.0,104.0,104.0,104.0,104.0,104.0,104.0,104.0,104.0,104.0,104.0,104.0,104.0,104.0,104.0,104.0,104.0,4667.7
BABYSPINACHCHEMICALFREE,5.9,5.9,5.9,5.9,5.9,5.9,5.8999999999999995,5.8999999999999995,5.9,6.684186046511628,7.2700000000000005,6.0,6.0,6.0,6.0,6.0,6.0,6.0,6.0,6.0,6.0,6.0,11.05,11.05,11.05,11.05,11.05,11.05,11.049999999999999,11.049999999999999,11.05,11.05,11.05,11.049999999999999,8.0,8.0,4664.88
UNSWEETENEDSOYMILKORGANIC946ML,31.9,31.9,31.9,31.9,31.9,31.9,31.900000000000002,31.9,31.9,31.9,31.9,31.9,31.9,33.6,33.6,33.6,33.6,33.6,33.6,33.6,33.6,33.6,33.6,33.6,33.6,30.0,30.0,30.0,30.0,30.0,30.0,30.0,30.0,30.0,30.0,30.0,4592.1
RAWPISTACHIO250G,55.98,55.98,55.98,55.98,55.98,55.98,55.98,55.0,55.0,55.0,55.0,55.0,55.0,55.0,51.25,40.0,40.0,65.0,65.0,65.0,65.0,67.0,64.0,58.0,58.0,58.0,58.0,58.0,58.0,62.625,62.625,62.625,62.625,62.625,56.7,56.7,4583.54
SPANISHEXTRAVIRGINOLIVEOILORGANIC473G,82.9,82.9,82.9,82.9,82.9,82.9,82.9,82.9,82.9,82.9,82.9,82.9,82.9,82.9,85.0,85.0,85.0,85.0,85.0,85.0,85.0,85.0,85.0,85.0,85.0,85.0,85.0,85.0,85.0,85.0,85.0,85.0,85.0,85.0,76.5,85.0,4556.2
CHICKENBREASTSCHEMICALFREE,56.1,56.1,56.1,56.1,56.1,56.1,56.1,56.1,56.1,56.1,56.1,56.1,56.1,56.1,56.1,56.1,56.1,56.1,56.1,56.1,56.1,56.1,56.1,56.1,56.1,56.1,56.1,65.47894736842105,66.0,66.0,66.0,66.0,66.0,66.0,66.0,66.0,4488.0
BERRYMIXFROZEN,53.0,53.0,53.0,53.0,53.0,53.0,53.0,53.0,53.0,53.0,53.0,53.0,53.0,53.0,53.0,53.0,53.0,53.0,53.0,53.0,53.0,53.0,65.0,65.0,49.0,49.0,49.0,51.25,56.2,56.2,56.2,56.2,56.2,56.2,56.2,59.0,4485.0
SEASALTPOTUGESEFINEGRIND453G,26.5,26.5,26.5,26.5,26.5,26.5,26.5,26.5,26.5,26.5,26.5,26.5,26.5,25.875,26.25,28.0,28.0,28.0,28.0,28.0,28.0,28.0,28.0,28.0,28.0,28.0,28.0,28.0,28.0,28.0,30.0,30.0,30.0,30.0,28.666666666666668,30.0,4473.875
CAMELMILKFROZEN,13.0,13.0,13.0,13.0,13.0,13.0,13.0,13.0,13.0,13.0,13.0,13.0,13.0,13.0,13.0,13.0,13.0,13.0,13.0,13.0,13.0,13.0,13.0,13.0,13.0,12.75,13.0,13.090909090909092,14.0,14.0,14.0,14.0,14.0,14.0,14.0,14.0,4421.5
SHORTGRAINBROWNRICEECOFARMEDORGANIC907G,31.900000000000002,31.900000000000002,31.900000000000002,31.900000000000002,31.900000000000002,31.900000000000002,31.900000000000002,31.9,31.9,31.9,31.9,36.52142857142857,36.52142857142857,36.52142857142857,36.75,36.75,36.9375,37.0,37.0,37.0,37.0,37.333333333333336,38.0,38.0,38.0,38.0,38.0,33.725,38.0,38.0,38.0,38.0,38.0,38.0,38.0,38.0,4417.0
ALMONDBUTTERHOMEMADE,60.0,60.0,60.0,60.0,60.0,60.0,60.0,60.0,60.0,60.0,60.0,60.0,60.0,60.0,60.0,60.0,60.0,60.0,60.0,60.0,60.0,60.0,60.0,60.0,60.0,60.0,60.0,60.0,60.0,60.0,60.0,60.0,60.0,60.0,60.0,60.0,4380.0
BALADYEGGSORGANIC,22.0,22.0,22.0,22.0,22.0,22.0,22.0,22.0,22.0,22.0,22.0,22.0,22.0,22.0,22.0,22.0,22.0,22.0,22.0,22.0,22.0,22.0,22.0,22.0,22.0,22.0,22.0,22.0,22.0,22.0,22.0,22.0,22.0,22.0,22.71232876712329,24.0,4374.0
MIXEDNUTSTRAILMIX,58.0,58.0,58.0,58.0,58.0,58.0,58.0,58.0,58.0,58.0,58.0,58.0,58.0,58.0,58.0,58.0,58.0,58.0,58.0,58.0,58.0,58.0,58.0,58.0,58.0,58.0,58.0,58.0,58.0,58.0,58.0,58.0,58.0,48.541098265895954,52.2,52.2,4309.005
KIWI,2.22,2.22,2.2199999999999998,2.22,2.22,1.75,1.75,1.75,1.75,1.9974747474747474,2.36,2.3599999999999994,2.36,2.36,2.36,2.3599999999999994,2.36,2.3600000000000003,2.36,2.3600000000000003,2.3599999999999994,3.17125,2.0,2.0,2.0,3.5588235294117645,4.0,4.0,4.0,4.0,0.8,0.8,0.8,4.0,4.0,4.0,4288.129999999999
LOWFATRICEMILK946ML,31.9,31.9,31.9,31.9,31.9,31.9,31.9,31.9,31.900000000000002,31.9,31.9,31.9,33.6,33.6,33.6,33.6,33.6,33.6,33.6,33.6,33.6,33.6,33.6,33.6,33.6,33.6,33.6,33.6,33.6,33.6,33.6,33.6,33.6,33.6,33.6,33.6,4201.4
QUINOACHEMICALFREEEGYPTIAN,48.0,48.0,48.0,48.0,48.0,48.0,48.0,48.0,48.0,48.0,48.0,48.0,48.0,48.0,48.0,48.0,48.0,48.0,48.0,48.0,48.0,48.0,48.0,48.0,48.0,48.0,48.0,47.12903225806452,48.0,48.0,48.0,48.0,48.0,48.0,48.0,48.0,4170.0
ORGANICQUINOA454G,49.68,49.68,49.68,49.68,49.68,49.68,49.68,49.68,49.68,49.68,49.68,49.68,49.68,49.68,49.68,49.68,49.68,49.68,49.68,49.68,49.68,49.68,49.68,49.68,49.68,49.68,49.68,49.68,49.68,49.68,49.68,49.68,49.68,49.68,49.68,49.68,4024.08
CHICKENCUTLETSSHISHTAWOOK,54.0,54.0,54.0,54.0,54.0,54.0,54.0,54.0,54.0,54.0,54.0,54.0,54.0,54.0,54.0,54.0,54.0,54.0,54.0,54.0,54.0,54.0,54.0,54.0,54.0,54.0,54.0,54.0,54.0,54.0,54.0,54.0,54.0,54.0,56.1,66.0,4010.4
FLAXOIL,68.25,68.25,68.25,68.25,68.25,68.25,68.25,68.25,68.25,68.25,68.25,68.25,68.25,68.25,68.25,68.25,68.25,68.25,68.25,68.25,68.25,68.25,69.0,69.0,69.0,69.0,69.0,69.0,69.0,69.0,69.0,69.0,69.0,69.0,59.879999999999995,69.0,3813.9
BABYSPINACH,6.25,6.25,6.25,6.25,6.25,6.25,6.25,6.25,6.25,6.25,6.25,6.25,6.25,6.25,6.25,6.25,6.25,6.25,6.25,6.25,6.25,6.379310344827586,7.0,7.0,7.0,6.99156626506024,7.0,7.507692307692308,8.0,8.0,8.0,8.0,8.0,8.0,8.0,8.0,3802.3
VEALLIVER1KG,102.0,102.0,101.95,101.89999999999999,101.9,101.89999999999999,101.89999999999999,101.9,101.89999999999999,101.89999999999999,101.89999999999999,101.9,101.9,101.9,101.9,101.9,101.9,101.9,101.89999999999999,101.89999999999999,101.9,101.9,101.9,101.9,101.9,101.9,101.9,101.9,101.9,101.9,101.9,101.9,101.9,101.9,101.9,101.9,3770.7
COLOREDBELLPEPPERCHEMICALFREE,15.5,15.5,15.5,15.5,15.5,15.5,15.5,15.5,15.5,15.5,15.5,15.5,15.5,15.5,15.5,15.5,15.5,15.5,15.5,15.5,15.5,15.625,16.0,16.0,16.0,18.7625,19.0,19.0,19.0,19.0,18.0,18.0,18.0,18.0,18.0,18.0,3745.1
VEALESCALOPECHEMICALFREEFROZENFROZEN,90.95238095238095,90.95238095238095,90.95238095238095,90.95238095238095,90.95238095238095,90.95238095238095,90.95238095238095,90.95238095238095,90.95238095238095,90.95238095238095,90.95238095238095,90.95238095238095,90.95238095238095,90.95238095238095,90.95238095238095,90.95238095238095,90.95238095238095,90.95238095238095,90.95238095238095,90.95238095238095,90.95238095238095,90.95238095238095,90.95238095238095,90.95238095238095,90.95238095238095,90.95238095238095,90.95238095238095,90.95238095238095,90.95238095238095,90.95238095238095,90.95238095238095,90.95238095238095,90.95238095238095,90.95238095238095,86.18947368421053,92.0,3731.6
QUINOACHEMICALFREELOCAL,48.0,48.0,48.0,48.0,48.0,48.0,48.0,48.0,48.0,48.0,48.0,48.0,48.0,48.0,48.0,48.0,48.0,48.0,48.0,48.0,48.0,48.0,48.0,48.0,48.0,48.0,48.0,48.0,48.0,48.0,48.0,48.0,48.0,608.0,38.016774193548386,42.0,3656.52
CITRUSFLOWERHONEY450G,47.5,47.5,44.166666666666664,37.5,112.5,37.5,37.5,37.5,37.5,37.5,37.5,37.5,37.5,37.5,37.5,37.5,37.5,37.5,37.5,37.5,37.5,37.5,37.5,37.5,37.5,37.5,37.5,37.5,37.5,37.5,37.5,37.5,37.5,37.5,37.5,37.5,3612.5
BEEFSTEAK1KG,76.45,76.45,76.45,76.45,76.45,76.45,76.45,76.45,76.45,76.45,76.45,76.45,76.45,76.44999999999999,76.45,76.45,76.45,76.45,76.45,76.45,76.45,76.45,76.45,76.45,76.45,76.45,76.45,76.45,76.45,76.45,76.45,76.45,76.45,76.45,76.45,76.45,3593.15
BEEFTOPSIDEROAST1KG,161.49,161.49,161.49,161.49,161.49,161.49,161.49,161.49,161.49,161.49,161.49,161.49,161.49,161.49,161.49,161.49,161.49,161.49,161.49,161.49,161.49,161.49,161.49,161.49,161.49,161.49,161.49,161.49,161.49,161.49,161.49,161.49,161.49,161.49,161.49,161.49,3552.78
VEALRIBSBEITKALAWY1KG,81.6,81.60000000000001,81.60000000000001,81.59999999999998,81.60000000000001,81.60000000000001,81.60000000000001,81.60000000000001,81.60000000000001,81.59999999999998,81.59999999999998,81.6,81.59999999999998,81.59999999999998,81.6,81.59999999999998,81.59999999999998,81.6,81.6,81.6,81.6,81.6,81.6,81.6,81.6,81.6,81.6,81.6,81.6,81.6,81.6,81.6,81.6,81.6,81.6,81.6,3508.8
COCONUTFLOUR,85.0,85.0,85.0,85.0,85.0,85.0,85.0,85.0,85.0,85.0,85.0,85.0,85.0,85.0,85.0,85.0,85.0,85.0,85.0,85.0,85.0,85.0,85.0,85.0,85.0,85.0,85.0,85.0,85.0,85.0,85.0,85.0,85.0,85.0,81.13636363636364,76.5,3502.0
MELON,11.25,11.25,11.25,11.25,11.25,11.25,20.32,20.32,20.32,14.98923076923077,11.18,12.45,13.719999999999999,13.719999999999999,13.719999999999997,13.72,13.719999999999999,13.72,13.719999999999999,13.72,18.472,6.25,7.0,7.0,7.0,5.035714285714286,3.25,6.773684210526315,8.399999999999999,8.4,9.0,9.0,9.0,11.722222222222221,13.25,14.0,3452.01
GOLDENFLAXSEEDMEAL453G,43.89999999999999,43.9,43.9,43.900000000000006,43.5,43.5,43.5,43.5,43.5,43.5,43.5,43.5,45.659,45.659,47.25,47.25,47.25,49.5,49.5,49.5,49.5,49.5,49.5,49.5,49.5,49.5,49.5,49.5,49.5,49.5,49.5,49.5,49.5,49.5,49.5,49.5,3404.19
HOMEMADEBREADMIXGLUTENFREE453G,53.9,53.9,53.9,53.9,53.9,53.9,53.9,53.9,53.9,53.9,53.9,53.9,57.75,57.75,57.75,57.75,57.75,57.75,57.75,57.75,57.75,56.875,56.0,56.0,56.0,56.0,56.0,56.0,56.0,56.0,56.0,56.0,56.0,56.0,56.0,56.0,3401.65
MIXEDNUTS,56.25,56.25,56.25,56.25,56.25,56.25,56.25,56.25,56.25,56.25,56.25,56.25,56.25,56.25,56.25,56.25,56.25,56.25,56.25,56.25,56.25,64.0,64.0,54.0,54.0,54.0,54.0,54.0,54.0,59.0,59.0,59.0,59.0,59.0,46.3,59.0,3342.5
SMOKEDSALMONFROZEN,57.0,57.0,57.0,57.0,57.0,57.0,57.0,57.0,57.0,57.0,57.0,57.0,57.0,57.0,57.0,57.0,57.0,57.0,57.0,57.0,57.0,57.0,57.0,57.0,57.0,57.0,57.0,79.35,79.35,79.34999999999998,79.0,79.0,79.0,79.0,65.73333333333333,68.0,3309.65
RAWHONEY,50.0,50.0,50.0,50.0,50.0,50.0,50.0,50.0,50.0,50.0,50.0,50.0,50.0,50.0,50.0,50.0,50.0,50.0,50.0,50.0,38.0,38.0,38.0,38.0,38.0,38.0,38.0,37.11153846153846,37.91304347826087,37.91304347826087,37.91304347826087,37.91304347826087,37.91304347826087,37.91304347826087,37.91304347826087,37.91304347826087,3276.9
RAWMILLEDLINSEEDSFLAXSEEDMEALORGANIC,42.0,42.0,42.0,42.0,42.0,42.0,42.0,42.0,42.0,42.0,42.0,42.0,42.0,42.0,42.0,42.0,42.0,42.0,42.0,42.0,42.0,42.0,42.0,42.0,42.0,42.0,39.199999999999996,35.699999999999996,40.0,40.0,40.0,40.0,40.0,34.785,34.785,40.0,3273.33
BLACKBERRIES,52.0,52.0,52.0,52.0,52.0,52.0,52.0,52.0,52.0,52.0,52.0,52.0,52.0,52.0,52.0,52.0,52.0,52.0,52.0,52.0,54.0,54.0,54.0,54.0,54.0,54.0,54.0,54.0,54.0,54.0,54.0,54.0,54.0,54.0,54.0,54.0,3252.0
DRIEDAPRICOTS250G,12.5,12.5,12.5,12.5,12.5,12.5,12.5,15.0,15.0,15.0,15.081818181818182,15.3,15.3,15.3,15.3,15.3,15.299999999999999,17.0,17.0,17.0,17.0,17.0,17.0,15.0,15.0,15.0,15.0,15.0,15.36,15.36,18.103157894736842,18.103157894736842,18.103157894736842,18.103157894736842,20.74285714285714,22.0,3229.28
APPLESSUKARY,17.990000000000002,17.990000000000002,17.990000000000002,17.990000000000002,17.990000000000002,17.990000000000002,17.99,24.384375,25.86,25.86,25.86,25.86,25.86,25.86,25.86,25.860000000000003,25.86,25.86,25.86,25.86,26.0,26.0,26.0,26.0,26.0,26.0,26.0,26.0,26.0,26.0,26.0,26.0,26.0,26.0,26.0,26.0,3194.56
BLUEBERRIES,50.0,50.0,50.0,50.0,50.0,50.0,50.0,50.0,50.0,50.0,50.0,50.0,50.0,50.0,50.0,50.0,50.0,50.0,50.0,50.0,52.0,52.0,52.0,52.0,52.0,52.0,52.0,52.0,52.0,52.0,52.0,52.0,52.0,52.0,52.0,52.0,3178.0
GLUTENFREEROLLEDOATS907G,67.25,67.25,67.25,67.25,67.25,67.25,67.25,67.25,78.75,78.75,78.75,78.75,78.75,78.75,78.75,78.75,78.75,79.0,79.0,79.0,79.0,79.0,79.0,79.0,79.0,79.0,79.0,79.0,79.0,79.0,79.0,79.0,79.0,79.0,79.0,79.0,3158.5
FRESHGINGERIMPORTED,8.15,8.15,8.15,8.15,8.15,9.494444444444445,12.99,12.99,12.99,13.069999999999999,13.09,11.21,10.27,10.270000000000001,10.269999999999998,10.269999999999998,10.27,10.270000000000001,10.27,8.5,8.5,16.5,18.0,18.0,18.0,17.307692307692307,17.0,17.0,17.0,17.0,17.0,17.0,17.0,17.0,13.8125,10.5,3099.12
OLDCOUNTRYSTYLEMUESLI510G,48.6,48.6,48.6,48.6,49.68,49.68,49.68,49.68,49.68,49.68,49.68,52.5,52.5,52.5,52.5,52.5,52.5,50.0,50.0,50.0,50.0,50.0,50.0,50.0,50.0,50.0,50.0,50.0,50.0,50.0,50.0,50.0,50.0,50.0,50.0,50.0,3095.2
MEDJOULDATES,33.0,33.0,33.0,33.0,33.0,33.0,33.0,33.0,33.0,33.0,33.0,33.0,33.0,33.0,33.0,33.0,33.0,33.0,33.0,33.0,33.0,36.0,36.0,36.0,36.0,35.82,35.82,35.82,36.0,36.0,36.0,36.0,36.0,36.0,36.0,36.0,3085.2
ORGANICCOCONUTOIL,146.25882352941176,146.25882352941176,146.25882352941176,146.25882352941176,146.25882352941176,146.25882352941176,146.25882352941176,146.25882352941176,146.25882352941176,146.25882352941176,146.25882352941176,146.25882352941176,146.25882352941176,146.25882352941176,146.25882352941176,146.25882352941176,146.25882352941176,146.25882352941176,146.25882352941176,146.25882352941176,146.25882352941176,146.25882352941176,146.25882352941176,146.25882352941176,146.25882352941176,146.25882352941176,146.25882352941176,146.25882352941176,146.25882352941176,148.0,148.0,148.0,148.0,148.0,148.0,148.0,3078.4
NGSHAPPYLIFEBOX,155.273,155.273,155.273,155.273,101.25,101.25,101.25,101.25,101.25,101.25,101.25,101.25,101.25,101.25,101.25,101.25,101.25,101.25,101.25,101.25,101.25,101.25,101.25,101.25,101.25,101.25,101.25,101.25,101.25,101.25,101.25,101.25,101.25,101.25,101.25,101.25,3071.48
HAMBURGER1KG,62.8,62.8,62.8,63.8,71.40000000000002,71.40000000000002,71.39999999999999,71.39999999999999,71.40000000000002,71.39999999999999,71.4,71.4,71.40000000000002,71.40000000000002,71.39999999999999,71.39999999999999,71.39999999999999,71.39999999999999,71.4,71.4,71.40000000000002,71.4,71.4,71.4,71.4,71.4,71.4,71.4,71.4,71.4,71.4,71.4,71.4,71.4,71.4,71.4,3066.2
BLUEBERRIESFROZEN,53.0,53.0,53.0,53.0,53.0,53.0,53.0,53.0,53.0,53.0,53.0,53.0,53.0,53.0,53.0,53.0,53.0,53.0,53.0,53.0,53.0,53.0,53.0,84.0,84.0,84.0,84.0,84.0,84.0,84.0,82.5,82.5,82.5,82.5,82.5,82.5,3026.5
MANUKAHONEY,200.0,200.0,200.0,200.0,200.0,200.0,200.0,200.0,200.0,200.0,200.0,200.0,200.0,200.0,200.0,200.0,200.0,200.0,200.0,200.0,200.0,200.0,200.0,200.0,200.0,200.0,200.0,200.0,200.0,200.0,200.0,200.0,200.0,200.0,200.0,200.0,3000.0
NGSMINIHAPPYLIFEBOX,69.06,69.06,69.06,69.06,69.06,69.06,69.06,69.06,69.06,69.06,69.06,69.06,69.06,69.06,69.06,69.06,69.06,69.06,69.06,69.06,69.06,69.06,69.06,69.06,69.06,69.06,69.06,69.06,69.06,69.06,69.06,69.06,69.06,69.06,69.06,69.06,2969.58
RASPBERRIESFROZEN,53.0,53.0,53.0,53.0,53.0,53.0,53.0,53.0,53.0,53.0,53.0,53.0,53.0,53.0,53.0,53.0,53.0,53.0,53.0,53.0,53.0,50.0,50.0,49.0,64.945,65.0,65.0,65.0,65.0,65.0,68.75,68.75,68.75,68.75,68.75,68.75,2960.39
REDAPPLESAMERICAN,32.0,32.0,32.0,32.0,32.0,32.0,32.0,32.0,32.0,32.0,32.0,32.0,32.0,32.0,32.0,32.0,32.0,32.0,32.0,32.0,32.0,32.0,32.0,32.0,32.0,28.875,27.0,27.0,27.0,27.0,27.410526315789472,27.410526315789472,27.410526315789472,27.410526315789472,26.1,28.0,2959.0
COOKINGOATGLUTENFREE,80.0,80.0,80.0,80.0,80.0,80.0,80.0,80.0,80.0,80.0,80.0,80.0,80.0,80.0,80.0,80.0,80.0,80.0,80.0,80.0,80.0,80.0,80.0,74.0,80.0,80.0,80.0,80.0,80.0,80.0,80.0,80.0,80.0,80.0,80.0,80.0,2890.0
GREENAPPLESFRENCHIMPORTED,22.599999999999998,22.599999999999998,22.599999999999998,22.599999999999998,22.599999999999998,22.599999999999998,22.599999999999998,22.599999999999998,22.599999999999998,22.599999999999998,22.599999999999998,22.599999999999998,22.599999999999998,22.599999999999998,22.599999999999998,22.599999999999998,22.599999999999998,22.599999999999998,22.599999999999998,22.599999999999998,22.599999999999998,22.599999999999998,22.0,22.0,22.0,25.125,27.0,27.0,27.865,28.73,32.0,32.0,32.0,32.0,33.4,33.487437,2823.424874000001
ORANGES,9.43,9.43,9.43,9.43,9.43,9.430000000000001,9.43,9.43,9.43,9.926363636363636,10.72,11.485,11.74,11.74,11.74,11.739999999999998,11.74,11.74,13.322,14.0,14.0,5.875,6.0,6.0,6.0,6.45,7.5,7.5,7.5,7.5,7.0,7.0,7.0,7.0,7.0,7.0,2811.48
SPIRULINAPOWDERORGANIC,124.0,124.0,124.0,124.0,124.0,124.0,124.0,124.0,124.0,124.0,124.0,124.0,124.0,124.0,124.0,124.0,124.0,124.0,124.0,124.0,124.0,124.0,124.0,124.0,124.0,124.0,124.0,124.0,124.0,124.0,124.0,124.0,124.0,124.0,111.99914285714286,124.0,2767.994
RASPBERRIES,50.0,50.0,50.0,50.0,50.0,50.0,50.0,50.0,50.0,50.0,50.0,50.0,50.0,50.0,50.0,50.0,50.0,50.0,50.0,50.0,50.0,54.0,54.0,54.0,54.0,54.0,54.0,54.0,54.0,54.0,54.0,54.0,54.0,54.0,54.0,54.0,2758.0
POTATOESCHEMICALFREE,11.5,11.5,11.5,11.5,11.5,11.5,11.5,11.5,11.5,11.5,11.5,11.5,11.5,11.5,11.5,11.5,11.5,11.5,11.5,11.5,11.5,11.6,12.0,12.0,12.0,12.0,9.6,9.600000000000001,9.6,9.6,9.6,9.6,9.6,9.6,5.0,5.0,2750.0
LOLLAROSSA,6.85,6.85,6.85,6.85,6.85,6.8500000000000005,6.849999999999998,6.85,6.85,7.787368421052632,8.850769230769231,10.27,10.27,10.27,10.27,10.27,10.27,10.27,10.270000000000001,6.25,6.25,6.43,7.0,7.0,7.0,6.961111111111111,7.0,7.608695652173913,8.0,8.0,8.0,8.0,8.0,8.0,8.0,8.0,2722.59
BALADYRAWHONEY,23.0,23.0,23.0,23.0,23.0,23.0,23.0,23.0,23.0,23.0,23.0,23.0,23.0,23.0,23.0,23.0,23.0,23.0,23.0,23.0,23.0,23.0,24.0,23.25,24.0,24.0,24.0,24.0,24.0,24.0,24.0,24.0,24.0,24.0,24.0,24.0,2708.0
TURKEYFEMALE,108.0,108.0,108.0,108.0,108.0,108.0,108.0,108.0,108.0,108.0,108.0,108.0,108.0,108.0,108.0,108.0,108.0,108.0,108.0,108.0,108.0,108.0,108.0,108.0,108.0,108.0,108.0,108.0,108.0,108.0,108.0,108.0,108.0,108.0,108.0,108.0,2700.0
AMERICANREDAPPLES,25.043333333333333,25.043333333333333,25.043333333333333,25.043333333333333,25.043333333333333,25.043333333333333,29.13,29.13,29.13,24.03,24.03,28.040000000000003,28.04,28.04,28.04,28.04,28.04,28.04,28.52,29.0,29.0,29.0,29.0,29.0,29.0,29.0,29.0,29.0,29.0,29.0,29.0,29.0,29.0,29.0,29.0,29.0,2657.25
NUTRITIONALYEASTGLUTENFREE,102.0,102.0,102.0,102.0,102.0,102.0,102.0,102.0,102.0,102.0,102.0,102.0,102.0,102.0,102.0,102.0,102.0,102.0,102.0,102.0,102.0,102.0,102.0,102.0,102.0,102.0,102.0,102.0,102.0,102.0,102.0,102.0,102.0,102.0,102.0,102.0,2550.0
FLAXSEEDSEGYPTIAN250G,19.8,19.8,19.8,19.8,19.8,19.8,19.8,19.8,19.8,19.8,19.8,19.8,19.8,19.8,19.8,19.8,19.8,19.8,19.8,19.8,19.8,19.866666666666667,20.0,20.0,20.0,25.9375,10.5,10.5,10.5,10.5,10.5,10.5,10.5,10.5,10.5,10.5,2546.0
BUCKWHEATHULLEDORGANIC454G,27.5,27.5,27.5,27.5,27.5,27.5,27.5,27.5,27.5,27.5,27.5,36.75,36.75,36.75,36.75,36.75,36.75,36.75,36.75,36.75,36.75,36.75,36.75,36.75,36.75,36.75,36.75,36.75,36.75,35.0,35.0,35.0,35.0,35.0,31.682464333333332,35.0,2522.047393
PROBIOTICS,500.0,500.0,500.0,500.0,500.0,500.0,500.0,500.0,500.0,500.0,500.0,500.0,500.0,500.0,500.0,500.0,500.0,500.0,500.0,500.0,500.0,500.0,500.0,500.0,500.0,500.0,500.0,500.0,500.0,500.0,500.0,500.0,500.0,500.0,500.0,500.0,2500.0
ORGANICBROWNRICEELBOWPASTA340G,41.9,41.9,41.9,41.9,41.9,41.9,41.9,41.9,41.89999999999999,41.9,41.9,46.6875,46.6875,46.6875,47.25,47.25,47.25,49.5,49.5,49.5,49.5,49.5,49.0,49.0,49.0,49.0,45.0,45.0,45.0,45.0,45.0,45.0,45.0,45.0,45.0,45.0,2436.15
LIMECHEMICALFREE,10.75,10.75,10.75,10.75,10.75,10.75,10.75,10.75,10.75,10.75,10.75,10.75,10.75,10.75,10.75,10.75,10.75,10.75,10.75,10.75,10.75,8.9375,9.0,11.0,8.861538461538462,9.857142857142858,12.0,12.0,12.0,12.0,10.6,10.6,10.6,10.6,9.0,9.0,2420.2
SOYLECITIHINGRANULES453G,112.9,112.9,112.9,112.9,112.9,112.9,112.9,112.9,112.9,112.9,112.9,112.89999999999999,115.0,115.0,115.0,115.5,115.5,115.5,115.5,115.5,115.5,115.5,115.5,115.5,115.5,115.5,115.5,115.5,115.5,115.5,115.5,115.5,115.5,115.5,115.5,115.5,2400.1
BEDOUINLAMBLEGCHEMICALFREE,237.5,237.5,237.5,237.5,237.5,237.5,237.5,237.5,237.5,237.5,237.5,237.5,237.5,237.5,237.5,237.5,237.5,237.5,237.5,237.5,237.5,237.5,237.5,237.5,237.5,237.5,237.5,237.5,237.5,237.5,237.5,237.5,237.5,237.5,237.5,237.5,2375.0
COOKIESWITHWHEATGERM,19.0,19.0,19.0,19.0,19.0,19.0,19.0,19.0,19.0,19.0,19.0,19.0,19.0,19.0,19.0,19.0,19.0,19.0,19.0,19.0,19.0,19.0,19.0,19.0,18.524999999999995,19.0,19.0,17.52857142857143,18.1,18.0,15.40625,15.40625,15.40625,15.40625,17.1,19.0,2357.3
COLOREDBELLPEPPER,11.274444444444445,11.274444444444445,11.274444444444445,11.274444444444445,11.274444444444445,11.274444444444445,12.75,12.75,12.75,10.660714285714286,9.5,9.5,10.0,9.952380952380953,10.0,10.0,10.0,10.0,10.0,10.325,14.5,14.5,14.5,14.5,14.5,14.5,14.5,14.5,14.5,14.5,14.5,14.5,14.5,14.5,14.5,14.5,2336.32
GREENASPARAGUS,27.0,27.0,27.0,27.0,27.0,27.0,27.0,27.0,27.0,27.0,27.0,27.0,27.0,27.0,27.0,27.0,27.0,31.25,31.25,31.25,31.25,14.0,16.0,16.0,16.0,16.0,16.0,16.0,16.0,16.0,16.0,16.0,16.0,16.0,16.0,16.0,2308.25
CHICORYWHITEENDIVE500G,41.2,41.2,41.199999999999996,41.2,41.2,41.2,41.2,41.2,41.2,41.2,41.2,41.2,41.2,41.2,41.2,41.2,41.2,41.2,41.2,41.2,41.2,41.2,41.2,41.2,41.2,41.2,41.2,41.2,41.2,41.2,41.2,41.2,41.2,41.2,41.2,41.2,2307.2
EXTRAVIRGINSESAMEOILORGANIC473ML,87.9,87.9,87.9,87.9,87.9,87.9,87.89999999999999,87.9,87.9,87.9,87.9,87.9,90.0,90.0,90.0,90.0,90.0,90.0,90.0,90.0,90.0,85.0,85.0,85.0,85.0,85.0,85.0,85.0,85.0,85.0,85.0,85.0,85.0,85.0,85.0,85.0,2299.8
BROWNSUGAR750G,17.9,17.9,17.9,17.9,17.9,17.9,17.9,17.900000000000002,17.9,18.494285714285716,22.060000000000002,22.06,22.06,22.06,22.060000000000002,22.06,22.06,22.06,22.06,22.06,20.53,20.53,22.0,22.0,22.0,17.5,13.0,13.0,13.0,13.0,13.0,13.0,13.0,13.0,13.0,13.0,2290.12
BANANASCHEMICALFREE,15.176470588235293,15.176470588235293,15.176470588235293,15.176470588235293,15.176470588235293,15.176470588235293,15.176470588235293,15.176470588235293,15.176470588235293,15.176470588235293,15.176470588235293,15.176470588235293,15.176470588235293,15.176470588235293,15.176470588235293,15.176470588235293,15.176470588235293,15.176470588235293,15.176470588235293,15.176470588235293,15.176470588235293,15.176470588235293,15.176470588235293,15.176470588235293,15.176470588235293,15.176470588235293,15.176470588235293,15.176470588235293,16.0,16.0,16.0,16.0,16.0,16.0,16.0,16.0,2276.0
BEEFLIVERCHEMICALFREEFROZEN,55.0,55.0,55.0,55.0,55.0,55.0,55.0,55.0,55.0,55.0,55.0,55.0,55.0,55.0,55.0,55.0,55.0,55.0,55.0,55.0,55.0,55.0,55.0,55.0,55.0,55.0,55.0,55.0,60.0,60.0,60.81818181818182,60.81818181818182,60.81818181818182,60.81818181818182,62.70769230769231,68.0,2243.2
KOFTA1KG,71.40000000000002,71.4,71.4,71.4,71.40000000000002,71.40000000000002,71.40000000000002,71.40000000000002,71.4,71.40000000000002,71.40000000000002,71.40000000000002,71.40000000000002,71.4,71.4,71.40000000000002,71.4,71.40000000000002,71.40000000000002,71.40000000000002,71.4,71.4,71.4,71.4,71.4,71.4,71.4,71.4,71.4,71.4,71.4,71.4,71.4,71.4,71.4,71.4,2213.4
SPIRULINAPOWDER100G,182.0,182.0,182.0,182.0,182.0,182.0,182.0,182.0,182.0,182.0,182.0,182.0,182.0,182.0,160.0,160.0,160.0,160.0,160.0,160.0,160.0,160.0,160.0,160.0,160.0,160.0,160.0,160.0,160.0,160.0,160.0,160.0,160.0,160.0,160.0,160.0,2212.0
PANCAKEMIXGLUTENFREE623G,49.75,49.75,49.75,49.75,49.75,49.75,49.75,49.75,49.75,49.75,49.75,49.75,49.75,55.0,55.0,55.0,55.0,55.0,55.0,55.0,55.0,55.0,55.0,55.0,55.0,52.5,50.0,50.0,50.0,50.0,50.0,50.0,50.0,50.0,50.0,50.0,2200.0
TURKEY,180.0,180.0,180.0,180.0,180.0,180.0,180.0,180.0,180.0,180.0,180.0,180.0,180.0,180.0,180.0,180.0,180.0,180.0,180.0,180.0,374.3999999999999,374.3999999999999,374.3999999999999,374.3999999999999,374.3999999999999,374.3999999999999,374.3999999999999,374.3999999999999,374.3999999999999,374.3999999999999,374.3999999999999,374.3999999999999,374.3999999999999,374.3999999999999,374.3999999999999,374.3999999999999,2188.8
WHEATGERMMIRACLE,51.8,51.8,51.8,51.8,51.8,51.8,51.8,51.8,51.800000000000004,51.8,51.8,51.8,51.8,51.8,51.8,51.8,51.8,51.8,51.8,51.8,51.0,51.0,51.0,51.0,51.0,51.0,51.0,48.13125,51.0,51.0,51.0,51.0,51.0,51.0,46.92,43.9383178,2174.941589
CHERRYTOMATOESCHEMICALFREE,7.5,7.5,7.5,7.5,7.5,7.5,7.5,7.5,7.5,7.5,7.5,7.5,7.5,7.5,7.5,7.5,7.5,7.5,7.5,7.5,12.5,12.526315789473685,13.0,13.0,12.964864864864865,10.11111111111111,13.0,9.0,9.0,14.0,14.0,14.0,14.0,14.0,14.0,14.0,2160.7
REDGRAPESIMPORTED,32.333333333333336,32.333333333333336,32.333333333333336,32.333333333333336,32.333333333333336,32.333333333333336,32.333333333333336,32.333333333333336,32.333333333333336,32.333333333333336,32.333333333333336,32.333333333333336,32.333333333333336,32.333333333333336,32.333333333333336,32.333333333333336,32.333333333333336,32.333333333333336,32.333333333333336,32.333333333333336,32.333333333333336,32.333333333333336,32.0,7.0,7.0,7.0,7.0,17.285714285714285,25.0,25.0,25.0,25.0,25.0,25.0,25.0,25.0,2155.0
BAKINGSODA453G,26.5,26.5,26.5,26.5,26.5,26.5,26.5,26.5,26.5,26.5,26.5,26.5,26.5,26.25,26.25,26.25,26.25,26.25,26.25,26.25,26.25,26.25,27.0,27.0,27.0,27.0,27.0,27.0,27.0,30.0,30.0,30.0,30.0,30.0,30.0,30.0,2134.5
MUESLIWITHSEEDSANDNUTSMADEFROMSCOTTISHOATSGLUTENFREE,60.0,60.0,60.0,60.0,60.0,60.0,60.0,60.0,60.0,60.0,60.0,60.0,60.0,60.0,60.0,60.0,60.0,60.0,60.0,60.0,60.0,60.0,60.0,60.0,60.0,60.0,60.0,52.5,52.8,52.8,52.8,52.8,52.8,52.8,52.8,52.8,2125.2
BEEFLIVER1KG,81.6,81.6,81.59999999999998,81.59999999999998,81.59999999999998,81.59999999999998,81.6,81.6,81.6,81.59999999999998,81.6,81.59999999999998,81.6,81.6,81.6,81.60000000000001,81.59999999999998,81.59999999999998,81.59999999999998,81.59999999999998,81.6,81.6,84.0,84.0,84.0,84.0,84.0,84.0,84.0,84.0,84.0,84.0,84.0,84.0,84.0,84.0,2124.0
PSYLLIUMSEEDS300G,30.0,30.0,30.0,30.0,32.0,32.0,32.0,32.0,32.0,32.0,32.0,32.0,31.2,31.2,32.0,32.0,32.0,32.0,32.0,32.0,32.0,32.0,30.0,30.0,30.0,30.0,27.666666666666668,27.666666666666668,30.0,30.0,30.0,30.0,30.0,30.0,30.0,30.0,2119.8
REDPLUMSIMPORTED,31.4,31.4,31.4,31.4,31.4,31.4,31.4,31.4,31.4,31.4,31.4,31.4,31.4,31.4,31.4,31.4,31.4,31.4,31.4,31.4,31.4,31.4,32.0,32.0,32.0,18.666666666666668,16.0,16.0,16.0,16.0,25.0,25.0,25.0,25.8,30.0,30.0,2105.0
BROCCOLICHEMICALFREE,5.5,5.5,5.5,5.5,5.5,5.5,5.5,5.5,5.5,5.5,5.5,5.5,5.5,5.5,5.5,5.5,5.5,5.5,5.5,5.5,5.5,5.5,5.5,5.5,5.5,5.5,5.5,5.5,10.584905660377359,11.0,7.0,7.0,7.0,5.108108108108108,88.0,7.9890360909090905,2083.7587940000008
KALECHEMICALFREE,11.05,11.05,11.05,11.05,11.05,11.05,11.05,11.05,11.05,11.05,11.05,11.05,11.05,11.05,11.05,11.05,11.05,11.05,11.05,11.05,11.05,11.05,11.05,11.05,11.05,11.05,11.05,11.05,11.05,11.05,21.0,21.0,21.0,21.0,21.77777777777778,22.0,2081.1
TOASTGLUTENFREE,22.5,22.5,22.5,22.5,22.5,22.5,22.5,22.5,22.5,22.5,22.5,22.5,22.5,22.5,22.5,22.5,22.5,22.5,22.5,22.5,22.5,25.0,25.0,25.0,25.0,25.0,25.0,25.0,25.0,25.0,25.0,25.0,25.0,25.0,25.0,25.0,2075.0
BEDOUINLAMBBEITKALAWICHEMICALFREE,60.0,60.0,60.0,60.0,60.0,60.0,60.0,60.0,60.0,60.0,60.0,60.0,60.0,60.0,60.0,60.0,60.0,60.0,60.0,60.0,60.0,60.0,60.0,60.0,60.0,60.0,60.0,60.0,60.0,60.0,60.0,60.0,60.0,60.0,61.23684210526316,65.0,2068.5
AMERICANGREENAPPLES,29.564285714285713,29.564285714285713,29.564285714285713,29.564285714285713,29.564285714285713,29.564285714285713,32.19,32.19,32.190000000000005,29.51571428571429,28.03,28.03,26.03,26.03,25.0,25.0,25.0,25.0,25.0,25.0,25.0,25.0,25.0,25.0,25.0,25.0,25.0,25.0,25.0,25.0,25.0,25.0,25.0,25.0,25.0,25.0,2037.07
PIGEON,34.8,34.8,34.8,34.8,34.8,34.800000000000004,34.800000000000004,34.8,34.8,34.8,34.8,34.8,34.800000000000004,34.800000000000004,34.800000000000004,34.800000000000004,34.800000000000004,34.800000000000004,34.8,34.8,34.8,34.800000000000004,34.800000000000004,34.800000000000004,34.800000000000004,34.800000000000004,34.800000000000004,34.800000000000004,34.800000000000004,34.800000000000004,34.800000000000004,34.800000000000004,34.800000000000004,34.800000000000004,34.800000000000004,34.800000000000004,2018.4
DRIEDGOJIBERRIES250G,72.75,72.75,72.75,72.75,72.75,72.75,72.75,60.0,60.0,36.0,36.0,36.0,36.0,36.0,36.0,36.0,36.0,36.0,36.0,36.0,36.0,36.0,36.0,36.0,36.0,36.0,36.0,36.0,36.0,36.0,36.0,36.0,36.0,36.0,36.0,36.0,2018.25
TOMATOES,2.9000000000000004,2.9000000000000004,2.9000000000000004,2.9000000000000004,2.9000000000000004,2.9,2.9,2.9,2.9,2.6323333333333334,3.17,3.17,3.169999999999999,9.75,3.1700000000000004,3.1699999999999995,3.1326064285714286,3.1700000000000004,3.1699999999999995,3.17,3.972,7.5,7.5,7.5,7.5,7.5,7.5,7.5,7.5,7.5,7.5,7.5,7.5,7.5,7.5,7.5,1998.7447350000002
TOFU,50.0,50.0,50.0,50.0,50.0,50.0,50.0,50.0,50.0,50.0,50.0,50.0,50.0,50.0,50.0,50.0,50.0,50.0,50.0,50.0,50.0,50.0,49.25,49.25,49.25,49.25,49.25,49.25,50.0,50.0,50.0,50.0,50.0,50.0,50.0,50.0,1994.0
CUCUMBER,2.5,2.5,2.5,2.5,2.5,2.5,2.5,2.5,2.5,2.801282051282051,3.0,3.232142857142857,4.75,4.75,4.75,4.75,4.731021612903225,4.75,4.75,4.75,4.483333333333333,3.15,3.15,3.15,3.15,3.15,3.15,3.15,3.15,3.15,3.15,3.15,3.15,3.15,3.15,3.15,1982.7616699999999
BROWNRICEFLOURGLUTENFREE,40.0,40.0,40.0,40.0,40.0,40.0,40.0,40.0,40.0,40.0,40.0,40.0,40.0,40.0,40.0,40.0,40.0,40.0,40.0,40.0,40.0,40.0,40.0,40.0,40.0,40.0,40.0,40.0,40.0,40.0,40.0,40.0,40.0,40.0,40.0,36.30769230769231,1952.0
MUESLIWITHGOJIBERRIESANDCRANBERRIESGLUTENFREE,64.0,64.0,64.0,64.0,64.0,64.0,64.0,64.0,64.0,64.0,64.0,64.0,64.0,64.0,64.0,64.0,64.0,64.0,64.0,64.0,64.0,64.0,64.0,64.0,64.0,61.69230769230769,59.8,59.8,59.8,59.8,59.8,59.8,59.8,59.8,59.8,59.8,1933.0
REDGRAPESSEEDLESSCHEMICALFREE,19.0,19.0,19.0,19.0,19.0,19.0,19.0,19.0,19.0,19.0,19.0,19.0,19.0,19.0,19.0,19.0,19.0,19.0,19.0,19.0,19.0,19.0,19.0,19.0,19.0,19.0,19.0,19.0,19.0,19.0,19.0,19.0,19.0,19.0,19.0,19.0,1919.0
BROCCOLI,8.0,8.0,8.0,8.0,8.0,8.0,8.0,8.0,8.0,9.0676,9.57,6.25,6.25,6.25,6.25,6.25,6.25,6.25,6.25,6.25,6.25,17.84375,329.0,16.0,16.0,7.0,7.0,7.0,7.0,7.0,7.0,7.0,7.0,7.0,7.0,7.0,1914.36
BLACKBERRIESFROZEN,38.0,38.0,38.0,38.0,38.0,38.0,38.0,38.0,38.0,38.0,38.0,38.0,38.0,38.0,38.0,38.0,38.0,38.0,38.0,38.0,38.0,38.0,38.0,38.0,38.0,38.0,38.0,38.0,59.0,59.0,59.0,59.0,59.0,59.0,59.0,59.0,1908.0
BREADSTICKSGLUTENFREE,37.5,37.5,37.5,37.5,37.5,37.5,37.5,37.5,37.5,37.5,37.5,37.5,37.5,37.5,37.5,37.5,37.5,37.5,37.5,37.5,37.5,44.0,44.0,44.0,44.0,44.0,44.0,38.75,44.0,44.0,44.0,44.0,44.0,44.0,44.0,44.0,1907.0
REDPLUMS,10.0,10.0,10.0,10.0,10.0,10.0,10.0,17.169999999999998,17.169999999999998,17.81,18.45,18.45,18.45,18.45,18.45,18.214285714285715,16.8,16.8,16.8,16.8,16.8,16.8,16.8,16.8,16.8,16.8,16.8,16.8,16.8,16.8,16.8,16.8,16.8,16.8,16.8,16.8,1904.78
POTATOES,4.5,4.5,4.5,4.5,4.5,4.5,4.5,4.5,4.5,4.974444444444445,5.11,5.24421052631579,5.619999999999999,5.62,8.15,8.15,8.15,8.15,8.149999999999999,8.15,6.321428571428571,5.111111111111111,4.0,4.0,4.0,4.0,4.0,4.0,4.0,4.0,4.0,4.0,4.0,4.0,4.0,4.0,1877.95
OSSOBUCCO,78.0,78.0,78.0,78.0,78.0,78.0,78.0,78.0,78.0,78.0,78.0,78.0,78.0,78.0,78.0,78.0,78.0,78.0,78.0,78.0,78.0,78.0,78.0,78.0,78.0,78.0,78.0,78.0,78.0,78.0,78.0,78.0,78.0,78.0,78.0,78.0,1872.0
PEANUTBUTTERHOMEMADE,35.0,35.0,35.0,35.0,35.0,35.0,35.0,35.0,35.0,35.0,35.0,35.0,35.0,35.0,35.0,35.0,35.0,35.0,35.0,35.0,35.0,35.0,35.0,35.0,35.0,35.0,35.0,35.0,35.0,35.0,35.0,35.0,35.0,35.0,35.0,35.0,1820.0
QUINOAFLOURGLUTENFREE,168.0,168.0,168.0,168.0,168.0,168.0,168.0,168.0,168.0,168.0,168.0,168.0,168.0,168.0,168.0,168.0,168.0,168.0,168.0,168.0,168.0,168.0,168.0,168.0,168.0,168.0,168.0,168.0,168.0,168.0,168.0,168.0,168.0,168.0,168.0,142.8,1814.4
CAIRODELIVERYFEE,10.0,10.0,10.0,10.0,10.0,10.0,10.0,10.0,10.0,10.0,10.0,10.0,10.0,10.0,10.0,10.0,10.0,10.0,10.0,10.0,10.0,10.0,10.0,10.0,10.0,10.0,10.0,10.0,10.0,10.0,10.0,10.0,10.0,10.0,10.0,10.0,1790.0
NATURALNOFATGRANOLA340G,46.5,46.5,46.5,46.5,46.5,46.5,46.5,46.5,46.5,46.5,46.5,46.5,47.25,47.25,47.25,47.25,47.25,47.25,47.25,47.25,47.25,47.25,47.25,47.25,47.25,47.25,47.25,47.25,47.25,47.25,47.25,47.25,47.25,47.25,47.25,47.25,1778.25
HONEYOATGRANOLA340G,46.75,46.75,46.75,46.75,46.75,46.75,46.75,46.75,46.75,46.75,46.75,46.75,47.25,47.25,47.25,47.25,47.25,49.5,49.5,49.5,49.5,49.5,49.5,49.5,49.5,49.5,49.5,49.5,49.5,49.5,49.5,49.5,49.5,49.5,49.5,49.5,1763.0
ITALIANBASIL,4.5,4.5,4.5,4.5,4.5,4.5,4.5,5.25,5.25,5.25,5.25,5.25,5.25,5.25,5.25,5.25,5.1199482000000005,5.25,5.25,4.0,6.25,6.375,7.0,7.0,7.0,7.0,7.0,7.0,7.0,7.0,7.0,7.0,7.0,7.0,7.0,7.0,1754.099741
VEALLIVERCHEMICALFREEFROZEN,74.0,74.0,74.0,74.0,74.0,74.0,74.0,74.0,74.0,74.0,74.0,74.0,74.0,74.0,74.0,74.0,74.0,74.0,74.0,74.0,74.0,74.0,74.0,74.0,74.0,74.0,74.0,74.0,74.0,74.0,74.0,74.0,74.0,74.0,79.33333333333333,90.0,1746.0
CHICKENTHIGH,27.227272727272727,27.227272727272727,27.227272727272727,27.227272727272727,27.227272727272727,27.227272727272727,27.227272727272727,27.227272727272727,27.227272727272727,27.227272727272727,27.227272727272727,27.227272727272727,27.227272727272727,27.227272727272727,27.227272727272727,27.227272727272727,27.227272727272727,27.227272727272727,27.227272727272727,27.227272727272727,27.227272727272727,27.227272727272727,27.227272727272727,27.227272727272727,27.227272727272727,27.227272727272727,27.227272727272727,27.227272727272727,27.227272727272727,27.227272727272727,27.227272727272727,27.227272727272727,27.227272727272727,27.227272727272727,29.72307692307692,21.985294117647058,1745.55
RAWPERUVIANCACAOORGANIC,68.0,68.0,68.0,68.0,68.0,68.0,68.0,68.0,68.0,68.0,68.0,68.0,68.0,68.0,68.0,68.0,68.0,68.0,68.0,68.0,68.0,68.0,68.0,68.0,68.0,68.0,68.0,68.0,68.0,68.0,68.0,68.0,68.0,68.0,68.0,68.0,1700.0
SHORTGRAINBROWNRICEORGANICECOFARMED,35.0,35.0,35.0,35.0,35.0,35.0,35.0,35.0,35.0,35.0,35.0,35.0,35.0,35.0,35.0,35.0,35.0,35.0,35.0,35.0,35.0,35.0,35.0,35.0,35.0,35.0,35.0,35.0,35.0,35.0,35.0,35.0,35.0,35.0,33.5,36.25,1693.5
FUSILLIGLUTENFREE,40.5,40.5,40.5,40.5,40.5,40.5,40.5,40.5,40.5,40.5,40.5,40.5,40.5,40.5,40.5,40.5,40.5,40.5,40.5,20.5,20.5,20.5,25.0,25.0,25.0,25.0,25.0,25.0,25.0,25.0,25.0,25.0,25.0,25.0,25.0,25.0,1684.0
ALMONDMEALFLOUR,126.0,126.0,126.0,126.0,126.0,126.0,126.0,126.0,126.0,126.0,126.0,126.0,126.0,126.0,126.0,126.0,126.0,126.0,126.0,126.0,126.0,126.0,126.0,126.0,126.0,126.0,126.0,126.0,126.0,126.0,126.0,126.0,126.0,126.0,116.16,116.16,1665.6
CHOCOLATECHIPCOOKIEMIXGLUTENFREE453G,59.9,59.9,59.9,59.9,59.9,59.9,59.9,59.9,59.9,59.9,59.9,59.9,59.9,59.9,59.9,59.9,59.9,64.5,64.5,64.5,64.5,65.0,65.0,65.0,65.0,60.0,60.0,56.142857142857146,60.0,60.0,60.0,60.0,60.0,60.0,60.0,60.0,1630.2
HONEYMOONMIX,56.25,56.25,56.25,56.25,56.25,56.25,56.25,56.25,56.25,56.25,56.25,56.25,56.25,56.25,56.25,56.25,56.25,56.25,56.25,56.25,56.25,56.0,59.0,59.0,59.0,59.0,59.0,59.0,59.0,59.0,59.0,59.0,59.0,59.0,59.0,59.0,1618.5
VEALCUTLETSCHEMICALFREEFROZEN,90.0,90.0,90.0,90.0,90.0,90.0,90.0,90.0,90.0,90.0,90.0,90.0,90.0,90.0,90.0,90.0,90.0,90.0,90.0,90.0,90.0,90.0,90.0,90.0,90.0,90.0,90.0,90.0,90.0,90.0,92.14285714285714,92.14285714285714,92.14285714285714,92.14285714285714,94.76666666666667,104.0,1615.6
GOLDENRAISINS250G,11.1,11.1,11.1,11.1,11.1,11.1,11.1,14.0,14.0,14.0,14.17,14.17,14.17,10.417916666666667,8.65,8.65,8.65,15.0,15.0,15.0,15.0,15.0,15.0,10.0,10.0,10.0,10.0,9.2,11.559999999999999,12.6,14.0,14.0,14.0,14.0,13.475,13.475,1604.2775
DRIEDPRUNEWITHPITS250G,13.700000000000001,13.7,13.7,13.7,13.7,13.7,13.7,12.5,12.5,12.5,12.540000000000001,12.54,12.54,12.540000000000001,12.54,12.54,12.54,15.0,15.0,15.0,24.0,24.0,24.0,24.0,24.0,24.0,24.0,24.0,24.0,24.0,24.0,24.0,24.0,24.0,22.400000000000002,24.0,1594.7
GREENBEANS,6.8,6.8,6.8,6.8,6.8,6.8,6.8,6.8,6.8,6.862608695652174,6.89,6.725714285714285,4.59,4.59,6.579000000000001,6.8,6.8,6.800000000000001,6.8,6.8,6.825,6.85,6.85,6.85,6.85,6.85,6.85,6.85,6.85,6.85,6.85,6.85,6.85,6.85,6.85,6.85,1588.95
STRAWBERRIES,27.13,27.13,27.13,27.13,27.13,23.525555555555556,19.02,18.797391304347826,18.900000000000002,18.900000000000002,18.900000000000002,18.900000000000002,18.900000000000002,18.900000000000002,18.900000000000002,18.900000000000002,18.900000000000002,18.900000000000002,18.900000000000002,18.900000000000002,18.900000000000002,5.4479999999999995,5.4479999999999995,5.4479999999999995,5.4479999999999995,5.4479999999999995,5.4479999999999995,5.4479999999999995,5.4479999999999995,5.4479999999999995,5.4479999999999995,5.4479999999999995,5.4479999999999995,5.4479999999999995,5.4479999999999995,5.4479999999999995,1579.5
BALADYBREADWHOLEGRAIN,10.0,10.0,10.0,10.0,10.0,10.0,10.0,10.0,10.0,10.0,10.0,10.0,10.0,10.0,10.0,10.0,10.0,10.0,10.0,10.0,10.0,10.0,10.0,10.0,10.0,9.85,10.0,9.843478260869565,10.0,10.0,10.0,10.0,10.0,10.0,10.0,10.0,1572.8
SWEETPOTATOESCHEMICALFREE,10.629999999999997,10.629999999999997,10.629999999999997,10.629999999999997,10.629999999999997,10.629999999999997,10.629999999999997,10.629999999999997,10.629999999999997,10.629999999999997,10.629999999999997,10.629999999999997,10.629999999999997,10.629999999999997,10.629999999999997,10.629999999999997,10.629999999999997,10.629999999999997,10.629999999999997,10.629999999999997,10.629999999999997,10.629999999999997,10.629999999999997,11.0,11.0,11.0,11.0,11.365853658536585,12.0,12.0,12.0,12.0,12.0,12.0,12.0,12.0,1560.41
DRIEDTURKISHFIGS250G,12.6,12.6,12.6,12.6,12.6,12.6,12.6,12.5,12.5,13.16,13.16,13.93,13.93,13.93,13.93,13.93,13.754545454545456,12.0,12.0,12.0,12.0,12.0,12.0,12.0,12.0,12.166666666666666,12.0,9.0,12.0,12.0,13.0,13.0,13.0,13.0,11.959999999999999,11.375,1535.14
