Product,Aug 2012,Sep 2012,Oct 2012,Nov 2012,Dec 2012,Jan 2013,Feb 2013,Mar 2013,Apr 2013,May 2013,Jun 2013,Jul 2013,Aug 2013,Sep 2013,Oct 2013,Nov 2013,Dec 2013,Jan 2014,Feb 2014,Mar 2014,Apr 2014,May 2014,Jun 2014,Jul 2014,Aug 2014,Sep 2014,Oct 2014,Nov 2014,Dec 2014,Jan 2015,Feb 2015,Mar 2015,Apr 2015,May 2015,Jun 2015,Jul 2015
CHICKENBREAST,45.8,45.8,45.32173913043479,46.50666666666667,142.08,47.36,47.36,47.36000000000001,47.36,47.36,47.36,47.36,47.36000000000001,378.88,47.36,47.36,47.36,47.36000000000001,47.36,47.36,47.459555555555546,48.0,52.8695652173913,56.0,56.0,56.0,56.0,56.0,56.0,56.0,56.0,56.0,56.0,56.0,57.648169402985076,63.89285714285714
QUINOAWHITEORGANIC454G,51.9,51.9,51.9,51.9,51.9,51.89999999999999,51.90000000000001,51.9,51.90000000000001,51.9,57.56761904761907,57.56761904761907,57.56761904761907,57.56761904761907,57.75,57.75,57.75,82.0,82.0,82.56756756756756,79.55555555555556,82.57894736842105,82.0,81.27272727272727,82.0,80.22063492063492,81.20833333333333,83.43857142857142,87.98965517241379,92.0,92.0,92.0,92.0,92.0,93.94444444444444,95.0
WHOLECHICKEN,29.081599999999995,34.08,33.73166666666666,29.9,74.75,29.9,29.9,29.9,29.9,29.9,29.9,29.9,29.9,29.9,29.9,29.9,29.9,29.9,29.9,29.9,29.9,29.514285714285712,29.538461538461537,36.0,36.0,36.0,36.0,37.153846153846146,42.0,42.0,42.0,42.0,42.0,42.0,39.17763157894737,45.0
COCONUTOILORGANICFORCOOKING,250.0,250.0,250.0,250.0,250.0,250.0,250.0,250.0,250.0,250.0,250.0,250.0,250.0,250.0,250.0,250.0,250.0,250.0,250.0,250.0,250.0,250.0,250.0,250.0,250.0,250.0,219.11764705882354,228.3636363636364,236.0,236.0,98.66666666666669,98.66666666666669,98.66666666666669,3305.333333333333,142.24444444444444,147.03367700000004
AVOCADOSIMPORTED,41.28,41.28,41.28,41.28,4.586666666666667,38.5,38.5,38.5,38.5,35.379444444444445,33.54,42.08875,43.31,43.31,43.31,43.31,42.639459125,43.31,44.034285714285716,45.0,45.0,28.777777777777782,29.0,29.0,29.0,27.50555555555556,27.0,28.97260273972603,29.91304347826087,30.0,30.0,30.0,30.0,30.0,31.935483870967737,32.0
DRIEDCRANBERRY200G,53.93,53.93,53.93,53.93,53.93,53.93,53.93,55.5,55.5,55.5,59.54,60.55,60.55,74.72510344827586,42.44210526315789,60.0,60.0,60.0,60.0,60.0,36.0,42.5,60.16666666666666,52.5,52.5,52.5,220.16666666666663,52.77777777777778,151.5263157894737,53.0,53.0,53.0,53.0,53.0,51.23333333333333,53.0
SALMONSTEAK,24.93,24.93,24.93,24.93,24.93,24.93,24.93,24.93,50.0,50.0,50.0,50.0,50.0,50.0,50.0,50.0,50.0,50.0,50.0,50.0,50.0,55.33333333333334,59.21739130434783,62.0,59.93333333333334,61.55714285714286,62.0,62.0,62.0,62.0,62.0,62.0,62.0,62.0,59.853846153846156,62.0
VEALESCALOPEBIFTEK1KG,102.0,102.0,101.98,101.9,104.0,104.0,104.0,104.0,104.0,104.0,104.0,104.0,104.0,104.0,104.0,104.0,104.0,104.0,104.0,104.0,104.0,104.0,104.0,104.0,104.0,104.0,104.0,104.0,104.0,104.0,104.0,104.0,104.0,104.0,104.0,104.0
HUROMSLOWJUICER,2850.0,2850.0,2850.0,2850.0,2850.0,2850.0,2850.0,2850.0,2850.0,2850.0,2850.0,2850.0,2850.0,2850.0,2850.0,2850.0,2850.0,2850.0,2850.0,2850.0,2850.0,2850.0,2850.0,2850.0,2850.0,2850.0,2850.0,2850.0,2850.0,2850.0,3125.0,3125.0,3125.0,3125.0,3125.0,3125.0
BEEFMINCE1KG,71.40000000000002,71.4,71.4,71.4,71.39999999999998,71.4,71.39999999999998,71.4,71.39999999999998,71.4,71.4,71.4,71.40000000000002,70.10181818181819,71.4,71.39999999999998,71.4,71.4,71.4,71.4,71.4,75.17142857142858,82.0,82.0,82.0,82.0,82.0,82.0,82.0,82.0,82.0,82.0,82.0,82.0,82.0,82.0
BEEFCUBESCHEMICALFREEFROZEN,71.0,71.0,71.0,71.0,71.0,71.0,71.0,71.0,71.0,71.0,71.0,71.0,71.0,71.0,71.0,71.0,71.0,71.0,71.0,71.0,71.0,71.0,71.0,49.0,49.0,49.0,49.0,49.55813953488372,50.0,58.0,58.0,58.0,58.0,58.0,59.361702127659576,61.310728142857144
BEEFMINCECHEMICALFREEFROZEN,105.0,105.0,105.0,105.0,105.0,105.0,105.0,105.0,105.0,105.0,105.0,105.0,105.0,105.0,105.0,105.0,105.0,105.0,105.0,105.0,105.0,105.0,52.27272727272727,45.0,45.0,45.0,45.0,46.875,48.0,29.0,55.0,55.0,55.0,55.0,55.0,55.0
BENCHPRESSOATSWITHAPPLEANDCINNAMONWITHWHEYPROTEIN,20.0,20.0,20.0,20.0,20.0,20.0,20.0,20.0,20.0,20.0,20.0,20.0,20.0,20.0,20.0,20.0,20.0,20.0,20.0,20.0,20.0,20.0,20.0,20.0,20.0,20.0,20.0,24.0,24.0,24.0,24.0,24.0,24.0,21.16378947368421,19.95030716723549,17.110675669902914
UNSWEETENEDALMONDMILK,30.0,30.0,30.0,30.0,30.0,30.0,30.0,30.0,30.0,30.0,30.0,30.0,30.0,30.0,30.0,30.0,30.0,30.0,30.0,30.0,30.0,30.0,30.0,30.0,30.0,30.0,33.16417910447761,33.29,35.0,35.0,17.5,17.5,17.5,35.0,33.823529411764696,34.635416666666664
CHIASEEDSORGANIC,100.33333333333331,100.33333333333331,100.33333333333331,100.33333333333331,100.33333333333331,100.33333333333331,100.33333333333331,100.33333333333331,100.33333333333331,100.33333333333331,100.33333333333331,100.33333333333331,100.33333333333331,100.33333333333331,100.33333333333331,100.33333333333331,100.33333333333331,100.33333333333331,100.33333333333331,100.33333333333331,100.33333333333331,100.33333333333331,100.33333333333331,100.33333333333331,100.33333333333331,100.33333333333331,100.33333333333331,100.33333333333331,100.33333333333331,105.0,84.36290909090908,84.36290909090908,84.36290909090908,84.36290909090908,76.82425806451613,98.0
BALADYWHOLECHICKENCHEMICALFREE,38.7,38.7,38.7,38.7,38.7,38.7,38.7,38.7,38.7,38.7,38.7,38.7,38.7,38.7,38.7,38.7,38.7,38.7,38.7,38.7,38.7,38.7,38.7,38.7,38.7,38.7,38.7,41.193333333333335,45.5,45.5,45.5,45.5,45.5,47.70833333333334,-50.0,50.0
BEEFMINCENOFATCHEMICALFREEFROZEN,58.0,58.0,58.0,58.0,58.0,58.0,58.0,58.0,58.0,58.0,58.0,58.0,58.0,58.0,58.0,58.0,58.0,58.0,58.0,58.0,58.0,58.0,58.0,58.0,58.0,58.0,58.0,58.0,58.0,58.0,58.0,58.0,58.0,58.0,60.196551724137926,61.66025364285714
PUREOATSGLUTENFREE,40.0,40.0,40.0,40.0,40.0,40.0,40.0,40.0,40.0,40.0,40.0,40.0,40.0,40.0,40.0,40.0,40.0,40.0,40.0,40.0,40.0,40.0,40.0,40.0,46.0,46.0,46.0,46.0,46.0,46.0,46.0,46.0,46.0,41.255215189873425,39.962131147540994,45.23333333333333
MUESLIWITHQUINOAAMARANTHAPPLESEEDSANDNUTSGLUTENFREE,60.0,60.0,60.0,60.0,60.0,60.0,60.0,60.0,60.0,60.0,60.0,60.0,60.0,60.0,60.0,60.0,60.0,60.0,60.0,60.0,60.0,60.0,60.0,60.0,58.0,58.03333333333333,58.8,55.44729508196721,55.44729508196721,55.44729508196721,55.44729508196721,55.44729508196721,55.44729508196721,55.44729508196721,52.608146067415724,32.84225583333333
RAWPECAN250G,49.14,49.14,49.14,49.14,49.14,49.14,49.14,49.14,49.13999999999999,49.13999999999999,57.82,66.5,65.17,65.17,66.5,72.5,72.5,72.5,72.5,72.5,72.5,75.625,78.0,64.5,64.5,64.5,64.5,66.875,74.0,74.0,74.0,74.0,74.0,74.0,69.06666666666666,64.75
MUESLIWITHMIXEDBERRIESOATFLAKESANDSEEDSORGANIC,68.0,68.0,68.0,68.0,68.0,68.0,68.0,68.0,68.0,68.0,68.0,68.0,68.0,68.0,68.0,68.0,68.0,68.0,68.0,68.0,68.0,68.0,68.0,68.0,68.0,68.0,68.0,68.0,68.0,68.0,68.0,68.0,68.0,55.29128787878788,51.78341121495327,33.94801960526316
QUINOAWHITEORGANIC,81.0,81.0,81.0,81.0,81.0,81.0,81.0,81.0,81.0,81.0,81.0,81.0,81.0,81.0,81.0,81.0,81.0,81.0,81.0,81.0,81.0,81.0,81.0,91.5,78.13250000000002,57.43269230769231,55.0,57.008571428571436,57.008571428571436,57.008571428571436,57.008571428571436,57.008571428571436,57.008571428571436,57.008571428571436,57.008571428571436,57.008571428571436
BEEFESCALOPECHEMICALFREEFROZEN,115.0,115.0,115.0,115.0,115.0,115.0,115.0,115.0,115.0,115.0,115.0,115.0,115.0,115.0,115.0,115.0,115.0,115.0,115.0,115.0,115.0,115.0,73.0,49.0,49.0,49.0,49.0,49.58823529411765,50.0,58.0,58.0,58.0,58.0,58.0,56.6962962962963,62.0
GRANOLAWITHFRUITSANDSEEDSGLUTENFREE,48.0,48.0,48.0,48.0,48.0,48.0,48.0,48.0,48.0,48.0,48.0,48.0,48.0,48.0,48.0,48.0,48.0,48.0,48.0,48.0,48.0,48.0,48.0,48.0,48.0,48.0,52.0,52.0,52.0,52.0,52.0,52.0,52.0,38.33306666666667,52.0,52.0
SKINNYOATSWITHBERRIESANDGREENTEAEXTRACTFORWEIGHTLOSS,20.0,20.0,20.0,20.0,20.0,20.0,20.0,20.0,20.0,20.0,20.0,20.0,20.0,20.0,20.0,20.0,20.0,20.0,20.0,20.0,20.0,20.0,20.0,20.0,20.0,20.0,24.0,24.0,24.0,24.0,24.0,24.0,24.0,23.20529545454545,17.771282868525894,14.803255424778762
ALMONDMILKORGANIC946ML,31.9,31.9,31.9,31.9,31.9,31.9,31.9,31.9,31.9,31.9,31.9,33.423508771929825,33.423508771929825,33.423508771929825,33.6,33.6,33.6,33.6,30.133333333333336,30.133333333333336,30.133333333333336,30.133333333333336,30.133333333333336,30.133333333333336,30.133333333333336,30.133333333333336,34.0,34.0,34.0,34.0,34.0,34.0,34.0,34.0,34.0,34.0
BEEFCUTLETS1KG,76.5,76.5,76.5,76.83,76.83,76.83,76.83,76.83,76.83,76.83,76.83,76.83,76.83,76.83,76.83,76.83,76.83,76.83,76.83,76.83,77.02499999999998,78.0,78.0,78.0,78.0,78.0,78.0,78.0,78.0,78.0,78.0,78.0,78.0,78.0,78.0,78.0
APPLECIDERVINEGARORGANIC,27.9,27.9,27.9,27.9,27.9,27.9,27.9,27.9,27.9,27.9,27.9,35.0,35.0,35.0,35.0,35.0,35.0,35.0,35.0,38.0,38.0,38.0,38.0,38.0,38.0,38.0,38.0,37.316,38.0,38.0,35.0,35.0,35.0,35.0,35.0,34.75197
KALEDEFAULT,18.75,18.75,18.75,18.75,18.75,18.75,18.75,18.75,18.75,18.75,18.75,18.75,18.75,18.75,18.75,18.75,18.75,18.75,18.75,18.75,18.75,18.7890625,19.0,19.0,19.0,19.0,19.0,20.33333333333333,20.69491525423729,21.0,21.0,21.0,21.0,21.0,21.0,21.0
BALADYEGGSCHEMICALFREE,21.0,21.0,21.0,21.0,21.0,21.0,21.0,21.0,21.0,21.0,21.0,21.0,21.0,21.0,21.0,21.0,21.0,21.0,21.0,21.0,21.0,21.0,21.0,21.0,21.0,22.0,16.6,16.599999999999998,16.599999999999998,16.6,16.6,16.6,16.6,16.6,16.6,16.6
BROWNRICEPENNEAMERICANGLUTENFREEORGANIC340G,41.9,41.9,41.9,41.9,41.9,41.9,41.9,41.9,41.9,41.9,41.9,41.9,47.0625,47.0625,47.25,47.25,47.25,49.5,49.5,49.5,49.0,49.0,49.0,49.0,49.0,49.0,49.0,46.99545454545455,49.0,49.0,45.0,45.0,45.0,45.0,45.0,45.0
GOJIBERRIES,64.0,64.0,64.0,64.0,64.0,64.0,64.0,64.0,64.0,64.0,64.0,64.0,64.0,64.0,64.0,64.0,64.0,64.0,64.0,64.0,64.0,64.0,64.0,64.0,64.0,54.1,64.0,64.0,64.0,64.0,64.0,64.0,64.0,55.266999999999996,51.62466666666667,63.104565571428566
DUCK,86.4,86.4,86.4,86.4,86.4,86.4,86.39999999999998,86.39999999999998,86.4,86.4,86.4,86.4,86.4,86.4,86.4,86.4,86.4,86.4,86.4,86.39999999999998,86.4,88.39999999999998,88.39999999999998,88.39999999999998,88.39999999999998,88.39999999999998,88.39999999999998,88.39999999999998,94.2,100.0,100.0,100.0,100.0,100.0,142.835,154.0
TOPSIDESTEAKCHEMICALFREEFROZEN,56.0,56.0,56.0,56.0,56.0,56.0,56.0,56.0,56.0,56.0,56.0,56.0,56.0,56.0,56.0,56.0,56.0,56.0,56.0,56.0,56.0,56.0,56.0,50.0,50.0,50.0,50.0,50.0,50.0,58.0,58.0,58.0,58.0,58.0,57.47368421052632,62.0
BANANASIMPORTED,13.5,13.5,13.5,13.5,13.5,13.5,13.5,13.5,13.5,14.530999999999999,13.67,14.61875,16.2,16.2,16.2,16.2,16.09967435,16.2,16.200000000000006,16.2,19.357142857142858,20.5,16.0,16.0,16.0,17.529411764705884,18.0,18.0,20.715999999999998,20.715999999999998,20.715999999999998,20.715999999999998,20.715999999999998,20.715999999999998,21.965714285714284,22.0
MUESLIWITHBRANBERRYANDSTRAWBERRIESORGANIC,34.0,34.0,34.0,34.0,34.0,34.0,34.0,34.0,34.0,34.0,34.0,34.0,34.0,34.0,34.0,34.0,34.0,34.0,34.0,34.0,34.0,38.0,38.0,38.0,37.457142857142856,38.0,34.2,34.417741935483875,34.417741935483875,34.417741935483875,34.417741935483875,34.417741935483875,34.417741935483875,34.417741935483875,32.05045871559633,19.27875381395349
OATMILKORGANIC946ML,31.9,31.9,31.9,31.9,31.9,31.9,31.9,31.9,31.9,31.9,31.9,31.9,31.9,33.6,33.6,33.6,33.6,33.6,36.75,36.75,36.75,36.75,36.75,36.75,36.75,36.75,36.75,36.75,36.75,36.75,36.75,36.75,36.75,36.75,36.75,36.75
CHIASEEDS,99.5,99.5,99.5,99.5,99.5,99.5,99.5,99.5,99.5,99.5,99.5,99.5,99.5,99.5,99.5,99.5,99.5,99.5,99.5,99.5,99.5,99.5,99.5,99.5,98.07857142857141,87.335625,218.68,15.62,12.496,12.496,12.496,12.496,12.496,12.496,12.496,12.496
BEEFSTRIPSCHEMICALFREEFROZEN,110.0,110.0,110.0,110.0,110.0,110.0,110.0,110.0,110.0,110.0,110.0,110.0,110.0,110.0,110.0,110.0,110.0,110.0,110.0,110.0,110.0,110.0,58.8,47.0,47.0,47.0,47.0,47.0,47.0,56.0,56.0,56.0,56.0,56.0,56.52,61.39688716666666
RAWCASHEWNUT250G,26.599999999999994,26.6,26.6,26.6,26.6,26.6,26.6,35.0,35.0,35.0,35.0,35.0,35.0,35.0,35.0,35.0,35.0,37.5,37.5,37.5,37.5,39.333333333333336,36.75,33.5,33.5,35.9,33.5,37.1,38.0,38.0,38.0,38.0,38.0,38.0,38.0,38.0
BROWNRICEEGYPTIAN,10.4,10.4,10.4,10.4,10.4,10.4,10.4,10.4,10.399999999999997,10.4,12.35,12.35,12.35,12.35,12.35,12.35,12.35,12.35,12.35,12.35,12.35,12.299999999999995,12.0,12.0,12.0,8.057692307692307,7.0,7.411333333333332,8.0,7.979166666666668,8.36,8.36,8.36,8.36,8.769767441860466,9.0
CHICKENCUTLETSSHISHTAWOOK1KG,39.7,39.7,39.7,39.7,39.7,39.7,39.7,39.7,39.7,39.7,39.7,39.7,39.7,39.7,39.7,39.7,39.7,39.7,39.7,39.7,39.7,41.13333333333333,48.42307692307693,53.75,53.75,53.75,53.75,53.75,53.75,53.75,53.75,53.75,53.75,53.75,53.75,53.75
BROWNRICESPAGHETTIAMERICANGLUTENFREEORGANIC284G,41.9,41.9,41.9,41.9,41.9,41.89999999999999,41.9,41.9,41.9,41.9,41.9,41.9,46.125,46.125,47.25,47.25,47.25,49.5,49.5,49.5,49.0,49.0,49.0,49.0,49.0,49.0,49.0,49.0,49.0,49.0,45.0,45.0,45.0,45.0,43.75,45.0
MAPLESYRUPORGANIC,48.0,48.0,48.0,48.0,48.0,48.0,48.0,48.0,48.0,48.0,48.0,48.0,48.0,48.0,48.0,48.0,48.0,48.0,48.0,48.0,48.0,48.0,48.0,48.0,48.0,48.0,48.0,48.0,48.0,48.0,48.0,48.0,48.0,96.0,94.8250237,92.86597933333331
WHEYPROTEIN340G,116.5,116.5,116.5,116.5,116.5,116.5,116.5,116.5,116.5,116.5,116.5,116.5,141.75,141.75,141.75,141.75,141.75,141.75,141.75,141.75,141.75,141.8,141.8,141.8,141.8,141.8,141.8,131.6,141.8,141.8,141.8,141.8,141.8,141.8,141.8,141.8
SWEETPINEAPPLES,23.0,23.0,23.0,23.0,23.0,23.0,27.6,27.6,27.6,27.6,28.62,29.301666666666666,32.71,32.71,35.30000000000001,35.30000000000001,35.30000000000001,35.3,35.3,35.3,36.75,31.45454545454545,32.0,32.0,32.0,32.0,32.0,41.0,42.0,42.0,42.0,42.0,42.0,43.5,45.0,46.0
HAMBURGERCHEMICALFREEFROZEN,49.0,49.0,49.0,49.0,49.0,49.0,49.0,49.0,49.0,49.0,49.0,49.0,49.0,49.0,49.0,49.0,49.0,49.0,49.0,49.0,49.0,49.0,49.0,42.4,42.0,42.0,42.0,43.125,44.0,50.0,52.0,52.0,52.0,52.0,52.0,52.0
VEALCUTLETSKABBAB7ALA1KG,102.0,102.0,102.0,101.9,104.0,104.0,104.0,104.0,104.0,104.0,104.0,104.0,104.0,104.0,104.0,104.0,104.0,104.0,104.0,104.0,104.0,104.0,104.0,104.0,104.0,104.0,104.0,104.0,104.0,104.0,104.0,104.0,104.0,104.0,104.0,104.0
ALLPURPOSEBAKINGFLOURGLUTENFREE,46.5,46.5,46.5,46.5,46.5,46.5,46.5,46.5,46.5,46.5,46.5,46.415,46.415,46.415,47.25,47.25,47.25,47.25,47.25,47.25,47.25,46.83333333333334,46.0,46.0,46.0,46.0,46.0,46.0,60.0,60.0,43.75,43.75,43.75,43.75,43.0,43.5
BASMATIBROWNRICEORGANIC907G,39.9,39.9,39.9,39.9,39.9,39.9,39.9,39.89999999999999,39.9,39.9,39.9,39.9,39.9,39.9,39.9,39.9,39.9,39.89999999999999,39.9,39.9,42.0,42.0,42.0,42.0,42.0,42.0,42.0,42.0,42.0,42.0,48.0,48.0,48.0,48.0,48.0,48.0
COCONUTOILSMALLGLASSJAR,120.0,120.0,120.0,120.0,120.0,120.0,120.0,120.0,120.0,120.0,120.0,120.0,120.0,120.0,120.0,120.0,120.0,120.0,120.0,120.0,120.0,120.0,120.0,120.0,120.0,120.0,120.75,116.50454545454544,124.0,118.0,118.0,118.0,118.0,118.0,98.1818181818182,100.0
BEEFESCALOPE1KG,81.59999999999998,81.60000000000002,81.6,81.6,81.6,81.60000000000002,81.60000000000002,81.6,81.59999999999998,81.6,81.6,81.59999999999998,81.59999999999998,81.60000000000002,81.60000000000002,81.60000000000002,81.6,81.60000000000002,81.6,81.59999999999998,81.60000000000002,81.59999999999998,86.0,86.0,86.0,86.0,86.0,86.0,86.0,86.0,86.0,86.0,86.0,86.0,86.0,86.0
VEALPICATTA1KG,102.0,102.0,102.0,101.9,104.0,104.0,104.0,104.0,104.0,104.0,104.0,104.0,104.0,104.0,104.0,104.0,104.0,104.0,104.0,104.0,104.0,104.0,104.0,104.0,104.0,104.0,104.0,104.0,104.0,104.0,104.0,104.0,104.0,104.0,104.0,104.0
QUINOAREDPERU,66.89999999999999,66.89999999999999,66.89999999999999,66.89999999999999,66.89999999999999,66.89999999999999,66.89999999999999,66.9,66.9,101.20000000000003,101.20000000000003,101.20000000000003,101.20000000000003,101.20000000000003,101.20000000000003,101.2,101.2,105.0,100.0,100.0,100.0,100.0,100.0,100.0,100.0,100.0,100.88888888888887,103.0,104.0,78.0,78.0,78.0,78.0,78.0,78.0,78.0
WHOLECHICKENCHEMICALFREE,45.90000000000001,45.90000000000001,45.90000000000001,45.90000000000001,45.90000000000001,45.90000000000001,45.90000000000001,45.90000000000001,45.90000000000001,45.90000000000001,45.90000000000001,45.90000000000001,45.90000000000001,45.90000000000001,45.90000000000001,45.90000000000001,45.90000000000001,45.90000000000001,45.90000000000001,45.90000000000001,45.90000000000001,45.90000000000001,45.90000000000001,45.90000000000001,45.90000000000001,45.90000000000001,45.90000000000001,50.0,50.0,50.0,50.0,50.0,50.0,50.0,50.0,50.0
YELLOWCARROTCHEMICALFREE,12.5,12.5,12.5,12.5,12.5,12.5,12.5,12.5,12.5,12.5,12.5,12.5,12.5,12.5,12.5,12.5,12.5,12.5,12.5,12.5,12.5,12.5,13.0,13.0,13.0,13.0,13.0,13.60655737704918,14.0,14.0,14.0,14.0,14.0,12.767441860465114,15.0,15.0
MUSHROOM,12.99,12.99,12.99,12.99,12.99,12.99,12.99,12.99,12.99,13.132105263157895,13.26,13.26,13.26,13.26,13.26,13.26,13.26,13.26,13.260000000000002,13.26,13.260000000000002,11.318333333333333,9.0,9.0,8.957142857142857,9.0,9.0,15.0,15.0,15.0,15.0,15.0,15.0,17.410714285714285,21.642857142857146,22.0
STEVIA,60.0,60.0,60.0,60.0,60.0,60.0,60.0,60.0,60.0,60.0,60.0,60.0,60.0,60.0,60.0,60.0,60.0,60.0,60.0,60.0,60.0,60.0,60.0,60.0,60.0,60.0,60.0,58.411764705882355,60.0,60.0,60.0,60.0,60.0,60.0,60.0,60.0
TOMATOCHEMICALFREE,7.5,7.5,7.5,7.5,7.5,7.5,7.5,7.5,7.5,7.5,7.5,7.5,7.5,7.5,7.5,7.5,7.5,7.5,7.5,7.5,6.5,6.578947368421053,7.0,7.0,7.0,5.284466019417475,5.0,11.05,6.0,5.52,6.0,6.0,6.0,5.5299999999999985,9.0,9.0
WILDRICEORGANIC227G,67.5,67.5,67.5,67.5,67.5,85.0,85.0,85.0,85.0,85.0,85.0,85.0,85.0,85.0,85.0,85.0,85.0,85.0,85.0,84.0,84.0,84.0,84.0,84.0,84.0,84.0,84.0,84.0,85.0,85.0,85.0,85.0,85.0,85.0,83.1111111111111,85.0
BROWNRICEROTINIAMERICANGLUTENFREEORGANIC284G,41.9,41.9,41.9,41.9,41.9,41.9,41.9,41.9,41.9,41.9,41.9,41.9,47.0625,47.0625,47.25,47.25,48.375,49.5,49.5,49.0,49.0,49.0,49.0,49.0,48.3,49.0,49.0,49.0,49.0,49.0,49.0,49.0,49.0,49.0,49.0,49.0
OATSWITHSPIRULINAANDBARLEYGRASSORGANIC?SUPERFOOD,32.44589473684211,32.44589473684211,32.44589473684211,32.44589473684211,32.44589473684211,32.44589473684211,32.44589473684211,32.44589473684211,32.44589473684211,32.44589473684211,32.44589473684211,32.44589473684211,32.44589473684211,32.44589473684211,32.44589473684211,32.44589473684211,32.44589473684211,32.44589473684211,32.44589473684211,32.44589473684211,32.44589473684211,32.44589473684211,32.44589473684211,32.44589473684211,32.44589473684211,32.44589473684211,32.44589473684211,32.44589473684211,32.44589473684211,32.44589473684211,32.44589473684211,32.44589473684211,32.44589473684211,32.44589473684211,24.44754285714286,12.449437272727273
CUCUMBERCHEMICALFREE,2.625,2.625,2.625,2.625,2.625,2.625,2.625,2.625,2.625,2.625,2.625,2.625,2.625,2.625,2.625,2.625,2.625,2.625,2.625,2.625,6.8055555555555545,3.7,8.972727272727274,9.0,9.0,0.1539473684210526,7.0,7.0,7.0,7.0,7.0,7.0,7.0,5.5,7.0,7.215000000000002
PUMPKINSEEDS100G,15.0,15.0,15.0,15.0,19.6,19.6,19.6,22.399999999999995,22.399999999999995,22.399999999999995,22.399999999999995,22.4,22.4,22.4,22.4,22.4,22.4,22.4,22.4,22.4,22.4,19.466666666666665,18.0,18.0,18.0,17.727272727272727,18.0,36.99230769230768,18.0,18.0,18.0,18.0,18.0,18.0,18.0,18.0
OATSWITHMACAANDCOCOAORGANIC?SUPERFOOD,30.084491228070178,30.084491228070178,30.084491228070178,30.084491228070178,30.084491228070178,30.084491228070178,30.084491228070178,30.084491228070178,30.084491228070178,30.084491228070178,30.084491228070178,30.084491228070178,30.084491228070178,30.084491228070178,30.084491228070178,30.084491228070178,30.084491228070178,30.084491228070178,30.084491228070178,30.084491228070178,30.084491228070178,30.084491228070178,30.084491228070178,30.084491228070178,30.084491228070178,30.084491228070178,30.084491228070178,30.084491228070178,30.084491228070178,30.084491228070178,30.084491228070178,30.084491228070178,30.084491228070178,30.084491228070178,25.25283720930233,14.604505581818184
VEALSHANKSMOWAZ1KG,102.0,102.0,102.0,101.9,104.0,104.0,104.0,104.0,104.0,104.0,104.0,104.0,104.0,104.0,104.0,104.0,104.0,104.0,104.0,104.0,104.0,104.0,104.0,104.0,104.0,104.0,104.0,104.0,104.0,104.0,104.0,104.0,104.0,104.0,104.0,104.0
BABYSPINACHCHEMICALFREE,5.9,5.9,5.9,5.9,5.9,5.9,5.9,5.9,5.9,6.684186046511628,7.27,6.0,6.0,6.0,6.0,6.0,6.0,6.0,6.0,6.0,6.0,6.0,11.05,11.05,11.05,11.05,11.05,11.05,11.05,11.05,11.05,11.05,11.05,11.05,8.0,8.0
UNSWEETENEDSOYMILKORGANIC946ML,31.9,31.9,31.9,31.9,31.9,31.9,31.9,31.9,31.9,31.9,31.9,31.9,31.9,33.6,33.6,33.6,33.6,33.6,33.6,33.6,33.6,33.6,33.6,33.6,33.6,30.0,30.0,30.0,30.0,30.0,30.0,30.0,30.0,30.0,30.0,30.0
RAWPISTACHIO250G,55.98,55.98,55.98,55.98,55.98,55.98,55.98,55.0,55.0,55.0,55.0,55.0,55.0,55.0,51.25,40.0,40.0,65.0,65.0,65.0,65.0,67.0,64.0,58.0,58.0,58.0,58.0,58.0,58.0,62.625,62.625,62.625,62.625,62.625,56.7,56.7
SPANISHEXTRAVIRGINOLIVEOILORGANIC473G,82.9,82.9,82.9,82.9,82.9,82.9,82.9,82.9,82.9,82.9,82.9,82.9,82.9,82.9,85.0,85.0,85.0,85.0,85.0,85.0,85.0,85.0,85.0,85.0,85.0,85.0,85.0,85.0,85.0,85.0,85.0,85.0,85.0,85.0,76.5,85.0
CHICKENBREASTSCHEMICALFREE,56.1,56.1,56.1,56.1,56.1,56.1,56.1,56.1,56.1,56.1,56.1,56.1,56.1,56.1,56.1,56.1,56.1,56.1,56.1,56.1,56.1,56.1,56.1,56.1,56.1,56.1,56.1,65.47894736842105,66.0,66.0,66.0,66.0,66.0,66.0,66.0,66.0
BERRYMIXFROZEN,53.0,53.0,53.0,53.0,53.0,53.0,53.0,53.0,53.0,53.0,53.0,53.0,53.0,53.0,53.0,53.0,53.0,53.0,53.0,53.0,53.0,53.0,65.0,65.0,49.0,49.0,49.0,51.25,56.2,56.2,56.2,56.2,56.2,56.2,56.2,59.0
SEASALTPOTUGESEFINEGRIND453G,26.5,26.5,26.5,26.5,26.5,26.5,26.5,26.5,26.5,26.5,26.5,26.5,26.5,25.875,26.25,28.0,28.0,28.0,28.0,28.0,28.0,28.0,28.0,28.0,28.0,28.0,28.0,28.0,28.0,28.0,30.0,30.0,30.0,30.0,28.66666666666667,30.0
CAMELMILKFROZEN,13.0,13.0,13.0,13.0,13.0,13.0,13.0,13.0,13.0,13.0,13.0,13.0,13.0,13.0,13.0,13.0,13.0,13.0,13.0,13.0,13.0,13.0,13.0,13.0,13.0,12.75,13.0,13.090909090909092,14.0,14.0,14.0,14.0,14.0,14.0,14.0,14.0
SHORTGRAINBROWNRICEECOFARMEDORGANIC907G,31.9,31.9,31.9,31.9,31.9,31.9,31.9,31.9,31.9,31.9,31.9,36.52142857142857,36.52142857142857,36.52142857142857,36.75,36.75,36.9375,37.0,37.0,37.0,37.0,37.333333333333336,38.0,38.0,38.0,38.0,38.0,33.725,38.0,38.0,38.0,38.0,38.0,38.0,38.0,38.0
ALMONDBUTTERHOMEMADE,60.0,60.0,60.0,60.0,60.0,60.0,60.0,60.0,60.0,60.0,60.0,60.0,60.0,60.0,60.0,60.0,60.0,60.0,60.0,60.0,60.0,60.0,60.0,60.0,60.0,60.0,60.0,60.0,60.0,60.0,60.0,60.0,60.0,60.0,60.0,60.0
BALADYEGGSORGANIC,22.0,22.0,22.0,22.0,22.0,22.0,22.0,22.0,22.0,22.0,22.0,22.0,22.0,22.0,22.0,22.0,22.0,22.0,22.0,22.0,22.0,22.0,22.0,22.0,22.0,22.0,22.0,22.0,22.0,22.0,22.0,22.0,22.0,22.0,22.71232876712329,24.0
MIXEDNUTSTRAILMIX,58.0,58.0,58.0,58.0,58.0,58.0,58.0,58.0,58.0,58.0,58.0,58.0,58.0,58.0,58.0,58.0,58.0,58.0,58.0,58.0,58.0,58.0,58.0,58.0,58.0,58.0,58.0,58.0,58.0,58.0,58.0,58.0,58.0,48.54109826589595,52.2,52.2
KIWI,2.22,2.22,2.22,2.22,2.22,1.75,1.75,1.75,1.75,1.9974747474747476,2.36,2.3599999999999994,2.36,2.36,2.36,2.3599999999999994,2.36,2.3600000000000003,2.36,2.3600000000000003,2.3599999999999994,3.17125,2.0,2.0,2.0,3.5588235294117645,4.0,4.0,4.0,4.0,0.8,0.8,0.8,4.0,4.0,4.0
LOWFATRICEMILK946ML,31.9,31.9,31.9,31.9,31.9,31.9,31.9,31.9,31.9,31.9,31.9,31.9,33.6,33.6,33.6,33.6,33.6,33.6,33.6,33.6,33.6,33.6,33.6,33.6,33.6,33.6,33.6,33.6,33.6,33.6,33.6,33.6,33.6,33.6,33.6,33.6
QUINOACHEMICALFREEEGYPTIAN,48.0,48.0,48.0,48.0,48.0,48.0,48.0,48.0,48.0,48.0,48.0,48.0,48.0,48.0,48.0,48.0,48.0,48.0,48.0,48.0,48.0,48.0,48.0,48.0,48.0,48.0,48.0,47.12903225806453,48.0,48.0,48.0,48.0,48.0,48.0,48.0,48.0
ORGANICQUINOA454G,49.68,49.68,49.68,49.68,49.68,49.68,49.68,49.68,49.68,49.68,49.68,49.68,49.68,49.68,49.68,49.68,49.68,49.68,49.68,49.68,49.68,49.68,49.68,49.68,49.68,49.68,49.68,49.68,49.68,49.68,49.68,49.68,49.68,49.68,49.68,49.68
CHICKENCUTLETSSHISHTAWOOK,54.0,54.0,54.0,54.0,54.0,54.0,54.0,54.0,54.0,54.0,54.0,54.0,54.0,54.0,54.0,54.0,54.0,54.0,54.0,54.0,54.0,54.0,54.0,54.0,54.0,54.0,54.0,54.0,54.0,54.0,54.0,54.0,54.0,54.0,56.1,66.0
FLAXOIL,68.25,68.25,68.25,68.25,68.25,68.25,68.25,68.25,68.25,68.25,68.25,68.25,68.25,68.25,68.25,68.25,68.25,68.25,68.25,68.25,68.25,68.25,69.0,69.0,69.0,69.0,69.0,69.0,69.0,69.0,69.0,69.0,69.0,69.0,59.88,69.0
BABYSPINACH,6.25,6.25,6.25,6.25,6.25,6.25,6.25,6.25,6.25,6.25,6.25,6.25,6.25,6.25,6.25,6.25,6.25,6.25,6.25,6.25,6.25,6.379310344827586,7.0,7.0,7.0,6.99156626506024,7.0,7.507692307692308,8.0,8.0,8.0,8.0,8.0,8.0,8.0,8.0
VEALLIVER1KG,102.0,102.0,101.95,101.9,101.9,101.9,101.9,101.9,101.9,101.9,101.9,101.9,101.9,101.9,101.9,101.9,101.9,101.9,101.9,101.9,101.9,101.9,101.9,101.9,101.9,101.9,101.9,101.9,101.9,101.9,101.9,101.9,101.9,101.9,101.9,101.9
VEALESCALOPECHEMICALFREEFROZENFROZEN,90.95238095238096,90.95238095238096,90.95238095238096,90.95238095238096,90.95238095238096,90.95238095238096,90.95238095238096,90.95238095238096,90.95238095238096,90.95238095238096,90.95238095238096,90.95238095238096,90.95238095238096,90.95238095238096,90.95238095238096,90.95238095238096,90.95238095238096,90.95238095238096,90.95238095238096,90.95238095238096,90.95238095238096,90.95238095238096,90.95238095238096,90.95238095238096,90.95238095238096,90.95238095238096,90.95238095238096,90.95238095238096,90.95238095238096,90.95238095238096,90.95238095238096,90.95238095238096,90.95238095238096,90.95238095238096,86.18947368421053,92.0
QUINOACHEMICALFREELOCAL,48.0,48.0,48.0,48.0,48.0,48.0,48.0,48.0,48.0,48.0,48.0,48.0,48.0,48.0,48.0,48.0,48.0,48.0,48.0,48.0,48.0,48.0,48.0,48.0,48.0,48.0,48.0,48.0,48.0,48.0,48.0,48.0,48.0,608.0,38.016774193548386,42.0
CITRUSFLOWERHONEY450G,47.5,47.5,44.16666666666666,37.5,112.5,37.5,37.5,37.5,37.5,37.5,37.5,37.5,37.5,37.5,37.5,37.5,37.5,37.5,37.5,37.5,37.5,37.5,37.5,37.5,37.5,37.5,37.5,37.5,37.5,37.5,37.5,37.5,37.5,37.5,37.5,37.5
BEEFSTEAK1KG,76.45,76.45,76.45,76.45,76.45,76.45,76.45,76.45,76.45,76.45,76.45,76.45,76.45,76.44999999999997,76.45,76.45,76.45,76.45,76.45,76.45,76.45,76.45,76.45,76.45,76.45,76.45,76.45,76.45,76.45,76.45,76.45,76.45,76.45,76.45,76.45,76.45
BEEFTOPSIDEROAST1KG,161.49,161.49,161.49,161.49,161.49,161.49,161.49,161.49,161.49,161.49,161.49,161.49,161.49,161.49,161.49,161.49,161.49,161.49,161.49,161.49,161.49,161.49,161.49,161.49,161.49,161.49,161.49,161.49,161.49,161.49,161.49,161.49,161.49,161.49,161.49,161.49
VEALRIBSBEITKALAWY1KG,81.6,81.60000000000002,81.60000000000002,81.59999999999998,81.60000000000002,81.60000000000002,81.60000000000002,81.60000000000002,81.60000000000002,81.59999999999998,81.59999999999998,81.6,81.59999999999998,81.59999999999998,81.6,81.59999999999998,81.59999999999998,81.6,81.6,81.6,81.6,81.6,81.6,81.6,81.6,81.6,81.6,81.6,81.6,81.6,81.6,81.6,81.6,81.6,81.6,81.6
COCONUTFLOUR,85.0,85.0,85.0,85.0,85.0,85.0,85.0,85.0,85.0,85.0,85.0,85.0,85.0,85.0,85.0,85.0,85.0,85.0,85.0,85.0,85.0,85.0,85.0,85.0,85.0,85.0,85.0,85.0,85.0,85.0,85.0,85.0,85.0,85.0,81.13636363636364,76.5
MELON,11.25,11.25,11.25,11.25,11.25,11.25,20.32,20.32,20.32,14.989230769230769,11.18,12.45,13.72,13.72,13.719999999999995,13.72,13.72,13.72,13.72,13.72,18.472,19.0,7.0,7.0,7.0,5.035714285714286,3.25,6.773684210526315,8.399999999999999,8.4,9.0,9.0,9.0,11.722222222222221,13.25,14.0
HOMEMADEBREADMIXGLUTENFREE453G,53.9,53.9,53.9,53.9,53.9,53.9,53.9,53.9,53.9,53.9,53.9,53.9,57.75,57.75,57.75,57.75,57.75,57.75,57.75,57.75,57.75,56.875,56.0,56.0,56.0,56.0,56.0,56.0,56.0,56.0,56.0,56.0,56.0,56.0,56.0,56.0
MIXEDNUTS,56.25,56.25,56.25,56.25,56.25,56.25,56.25,56.25,56.25,56.25,56.25,56.25,56.25,56.25,56.25,56.25,56.25,56.25,56.25,56.25,56.25,64.0,64.0,54.0,54.0,54.0,54.0,54.0,54.0,59.0,59.0,59.0,59.0,59.0,46.3,59.0
SMOKEDSALMONFROZEN,57.0,57.0,57.0,57.0,57.0,57.0,57.0,57.0,57.0,57.0,57.0,57.0,57.0,57.0,57.0,57.0,57.0,57.0,57.0,57.0,57.0,57.0,57.0,57.0,57.0,57.0,57.0,79.35,79.35,79.34999999999998,79.0,79.0,79.0,79.0,65.73333333333333,68.0
RAWHONEY,50.0,50.0,50.0,50.0,50.0,50.0,50.0,50.0,50.0,50.0,50.0,50.0,50.0,50.0,50.0,50.0,50.0,50.0,50.0,50.0,38.0,38.0,38.0,38.0,38.0,38.0,38.0,37.111538461538466,37.91304347826087,37.91304347826087,37.91304347826087,37.91304347826087,37.91304347826087,37.91304347826087,37.91304347826087,37.91304347826087
BLACKBERRIES,52.0,52.0,52.0,52.0,52.0,52.0,52.0,52.0,52.0,52.0,52.0,52.0,52.0,52.0,52.0,52.0,52.0,52.0,52.0,52.0,54.0,54.0,54.0,54.0,54.0,54.0,54.0,54.0,54.0,54.0,54.0,54.0,54.0,54.0,54.0,54.0
DRIEDAPRICOTS250G,12.5,12.5,12.5,12.5,12.5,12.5,12.5,15.0,15.0,15.0,15.081818181818182,15.3,15.3,15.3,15.3,15.3,15.3,17.0,17.0,17.0,17.0,17.0,17.0,15.0,15.0,15.0,15.0,15.0,15.36,15.36,18.103157894736842,18.103157894736842,18.103157894736842,18.103157894736842,20.74285714285714,22.0
APPLESSUKARY,17.990000000000006,17.990000000000006,17.990000000000006,17.990000000000006,17.990000000000006,17.990000000000006,17.99,24.384375,25.86,25.86,25.86,25.86,25.86,25.86,25.86,25.860000000000007,25.86,25.86,25.86,25.86,26.0,26.0,26.0,26.0,26.0,26.0,26.0,26.0,26.0,26.0,26.0,26.0,26.0,26.0,26.0,26.0
FRESHGINGERIMPORTED,8.15,8.15,8.15,8.15,8.15,9.494444444444444,12.99,12.99,12.99,13.07,13.09,11.21,10.27,10.27,10.269999999999998,10.269999999999998,10.27,10.27,10.27,8.5,8.5,16.5,18.0,18.0,18.0,17.307692307692307,17.0,17.0,17.0,17.0,17.0,17.0,17.0,17.0,13.8125,10.5
OLDCOUNTRYSTYLEMUESLI510G,48.6,48.6,48.6,48.6,49.68,49.68,49.68,49.68,49.68,49.68,49.68,52.5,52.5,52.5,52.5,52.5,52.5,50.0,50.0,50.0,50.0,50.0,50.0,50.0,50.0,50.0,50.0,50.0,50.0,50.0,50.0,50.0,50.0,50.0,50.0,50.0
MEDJOULDATES,33.0,33.0,33.0,33.0,33.0,33.0,33.0,33.0,33.0,33.0,33.0,33.0,33.0,33.0,33.0,33.0,33.0,33.0,33.0,33.0,33.0,36.0,36.0,36.0,36.0,35.82,35.82,35.82,36.0,36.0,36.0,36.0,36.0,36.0,36.0,36.0
ORGANICCOCONUTOIL,146.25882352941176,146.25882352941176,146.25882352941176,146.25882352941176,146.25882352941176,146.25882352941176,146.25882352941176,146.25882352941176,146.25882352941176,146.25882352941176,146.25882352941176,146.25882352941176,146.25882352941176,146.25882352941176,146.25882352941176,146.25882352941176,146.25882352941176,146.25882352941176,146.25882352941176,146.25882352941176,146.25882352941176,146.25882352941176,146.25882352941176,146.25882352941176,146.25882352941176,146.25882352941176,146.25882352941176,146.25882352941176,146.25882352941176,148.0,148.0,148.0,148.0,148.0,148.0,148.0
NGSHAPPYLIFEBOX,155.273,155.273,155.273,155.273,101.25,101.25,101.25,101.25,101.25,101.25,101.25,101.25,101.25,101.25,101.25,101.25,101.25,101.25,101.25,101.25,101.25,101.25,101.25,101.25,101.25,101.25,101.25,101.25,101.25,101.25,101.25,101.25,101.25,101.25,101.25,101.25
HAMBURGER1KG,62.8,62.8,62.8,63.8,71.40000000000002,71.40000000000002,71.39999999999998,71.39999999999998,71.40000000000002,71.39999999999998,71.4,71.4,71.40000000000002,71.40000000000002,71.39999999999998,71.39999999999998,71.39999999999998,71.39999999999998,71.4,71.4,71.40000000000002,71.4,71.4,71.4,71.4,71.4,71.4,71.4,71.4,71.4,71.4,71.4,71.4,71.4,71.4,71.4
MANUKAHONEY,200.0,200.0,200.0,200.0,200.0,200.0,200.0,200.0,200.0,200.0,200.0,200.0,200.0,200.0,200.0,200.0,200.0,200.0,200.0,200.0,200.0,200.0,200.0,200.0,200.0,200.0,200.0,200.0,200.0,200.0,200.0,200.0,200.0,200.0,200.0,200.0
NGSMINIHAPPYLIFEBOX,69.06,69.06,69.06,69.06,69.06,69.06,69.06,69.06,69.06,69.06,69.06,69.06,69.06,69.06,69.06,69.06,69.06,69.06,69.06,69.06,69.06,69.06,69.06,69.06,69.06,69.06,69.06,69.06,69.06,69.06,69.06,69.06,69.06,69.06,69.06,69.06
RASPBERRIESFROZEN,53.0,53.0,53.0,53.0,53.0,53.0,53.0,53.0,53.0,53.0,53.0,53.0,53.0,53.0,53.0,53.0,53.0,53.0,53.0,53.0,53.0,50.0,50.0,49.0,64.945,65.0,65.0,65.0,65.0,65.0,68.75,68.75,68.75,68.75,68.75,68.75
REDAPPLESAMERICAN,32.0,32.0,32.0,32.0,32.0,32.0,32.0,32.0,32.0,32.0,32.0,32.0,32.0,32.0,32.0,32.0,32.0,32.0,32.0,32.0,32.0,32.0,32.0,32.0,32.0,28.875,27.0,27.0,27.0,27.0,27.410526315789472,27.410526315789472,27.410526315789472,27.410526315789472,26.1,28.0
COOKINGOATGLUTENFREE,80.0,80.0,80.0,80.0,80.0,80.0,80.0,80.0,80.0,80.0,80.0,80.0,80.0,80.0,80.0,80.0,80.0,80.0,80.0,80.0,80.0,80.0,80.0,74.0,80.0,80.0,80.0,80.0,80.0,80.0,80.0,80.0,80.0,80.0,80.0,80.0
GREENAPPLESFRENCHIMPORTED,22.6,22.6,22.6,22.6,22.6,22.6,22.6,22.6,22.6,22.6,22.6,22.6,22.6,22.6,22.6,22.6,22.6,22.6,22.6,22.6,22.6,22.6,22.0,22.0,22.0,25.125,27.0,27.0,27.865,28.73,32.0,32.0,32.0,32.0,33.4,33.487437
ORANGES,9.43,9.43,9.43,9.43,9.43,9.43,9.43,9.43,9.43,9.926363636363636,10.72,11.485,11.74,11.74,11.74,11.739999999999998,11.74,11.74,13.322000000000001,14.0,14.0,5.875,6.0,6.0,6.0,6.45,7.5,7.5,7.5,7.5,7.0,7.0,7.0,7.0,7.0,7.0
SPIRULINAPOWDERORGANIC,124.0,124.0,124.0,124.0,124.0,124.0,124.0,124.0,124.0,124.0,124.0,124.0,124.0,124.0,124.0,124.0,124.0,124.0,124.0,124.0,124.0,124.0,124.0,124.0,124.0,124.0,124.0,124.0,124.0,124.0,124.0,124.0,124.0,124.0,111.99914285714287,124.0
RASPBERRIES,50.0,50.0,50.0,50.0,50.0,50.0,50.0,50.0,50.0,50.0,50.0,50.0,50.0,50.0,50.0,50.0,50.0,50.0,50.0,50.0,50.0,54.0,54.0,54.0,54.0,54.0,54.0,54.0,54.0,54.0,54.0,54.0,54.0,54.0,54.0,54.0
POTATOESCHEMICALFREE,11.5,11.5,11.5,11.5,11.5,11.5,11.5,11.5,11.5,11.5,11.5,11.5,11.5,11.5,11.5,11.5,11.5,11.5,11.5,11.5,11.5,11.6,12.0,12.0,12.0,12.0,9.6,9.6,9.6,9.6,9.6,9.6,9.6,2.931034482758621,5.0,5.0
LOLLAROSSA,6.85,6.85,6.85,6.85,6.85,6.8500000000000005,6.849999999999998,6.85,6.85,7.787368421052633,8.850769230769231,10.27,10.27,10.27,10.27,10.27,10.27,10.27,10.27,6.25,6.25,6.43,7.0,7.0,7.0,6.961111111111111,7.0,7.608695652173912,8.0,8.0,8.0,8.0,8.0,8.0,8.0,8.0
BALADYRAWHONEY,23.0,23.0,23.0,23.0,23.0,23.0,23.0,23.0,23.0,23.0,23.0,23.0,23.0,23.0,23.0,23.0,23.0,23.0,23.0,23.0,23.0,23.0,24.0,23.25,24.0,24.0,24.0,24.0,24.0,24.0,24.0,24.0,24.0,24.0,24.0,24.0
TURKEYFEMALE,108.0,108.0,108.0,108.0,108.0,108.0,108.0,108.0,108.0,108.0,108.0,108.0,108.0,108.0,108.0,108.0,108.0,108.0,108.0,108.0,108.0,108.0,108.0,108.0,108.0,108.0,108.0,108.0,108.0,108.0,108.0,108.0,108.0,108.0,108.0,108.0
AMERICANREDAPPLES,25.04333333333333,25.04333333333333,25.04333333333333,25.04333333333333,25.04333333333333,25.04333333333333,29.13,29.13,29.13,24.03,24.03,28.040000000000006,28.04,28.04,28.04,28.04,28.04,28.04,28.52,29.0,29.0,29.0,29.0,29.0,29.0,29.0,29.0,29.0,29.0,29.0,29.0,29.0,29.0,29.0,29.0,29.0
FLAXSEEDSEGYPTIAN250G,19.8,19.8,19.8,19.8,19.8,19.8,19.8,19.8,19.8,19.8,19.8,19.8,19.8,19.8,19.8,19.8,19.8,19.8,19.8,19.8,19.8,19.866666666666667,20.0,20.0,20.0,25.9375,10.5,10.5,10.5,10.5,10.5,10.5,10.5,10.5,10.5,10.5
PROBIOTICS,500.0,500.0,500.0,500.0,500.0,500.0,500.0,500.0,500.0,500.0,500.0,500.0,500.0,500.0,500.0,500.0,500.0,500.0,500.0,500.0,500.0,500.0,500.0,500.0,500.0,500.0,500.0,500.0,500.0,500.0,500.0,500.0,500.0,500.0,500.0,500.0
ORGANICBROWNRICEELBOWPASTA340G,41.9,41.9,41.9,41.9,41.9,41.9,41.9,41.9,41.89999999999999,41.9,41.9,46.6875,46.6875,46.6875,47.25,47.25,47.25,49.5,49.5,49.5,49.5,49.5,49.0,49.0,49.0,49.0,45.0,45.0,45.0,45.0,45.0,45.0,45.0,45.0,45.0,45.0
LIMECHEMICALFREE,10.75,10.75,10.75,10.75,10.75,10.75,10.75,10.75,10.75,10.75,10.75,10.75,10.75,10.75,10.75,10.75,10.75,10.75,10.75,10.75,10.75,8.9375,9.0,11.0,8.861538461538462,9.857142857142858,12.0,12.0,12.0,12.0,10.6,10.6,10.6,10.6,9.0,9.0
SOYLECITIHINGRANULES453G,112.9,112.9,112.9,112.9,112.9,112.9,112.9,112.9,112.9,112.9,112.9,112.9,115.0,115.0,115.0,115.5,115.5,115.5,115.5,115.5,115.5,115.5,115.5,115.5,115.5,115.5,115.5,115.5,115.5,115.5,115.5,115.5,115.5,115.5,115.5,115.5
BEDOUINLAMBLEGCHEMICALFREE,237.5,237.5,237.5,237.5,237.5,237.5,237.5,237.5,237.5,237.5,237.5,237.5,237.5,237.5,237.5,237.5,237.5,237.5,237.5,237.5,237.5,237.5,237.5,237.5,237.5,237.5,237.5,237.5,237.5,237.5,237.5,237.5,237.5,237.5,237.5,237.5
COOKIESWITHWHEATGERM,19.0,19.0,19.0,19.0,19.0,19.0,19.0,19.0,19.0,19.0,19.0,19.0,19.0,19.0,19.0,19.0,19.0,19.0,19.0,19.0,19.0,19.0,19.0,19.0,18.524999999999995,19.0,19.0,17.52857142857143,18.1,18.0,15.40625,15.40625,15.40625,15.40625,17.1,19.0
GREENASPARAGUS,27.0,27.0,27.0,27.0,27.0,27.0,27.0,27.0,27.0,27.0,27.0,27.0,27.0,27.0,27.0,27.0,27.0,31.25,31.25,31.25,31.25,14.0,16.0,16.0,16.0,16.0,16.0,16.0,16.0,16.0,16.0,16.0,16.0,16.0,16.0,16.0
CHICORYWHITEENDIVE500G,41.2,41.2,41.2,41.2,41.2,41.2,41.2,41.2,41.2,41.2,41.2,41.2,41.2,41.2,41.2,41.2,41.2,41.2,41.2,41.2,41.2,41.2,41.2,41.2,41.2,41.2,41.2,41.2,41.2,41.2,41.2,41.2,41.2,41.2,41.2,41.2
EXTRAVIRGINSESAMEOILORGANIC473ML,87.9,87.9,87.9,87.9,87.9,87.9,87.89999999999998,87.9,87.9,87.9,87.9,87.9,90.0,90.0,90.0,90.0,90.0,90.0,90.0,90.0,90.0,85.0,85.0,85.0,85.0,85.0,85.0,85.0,85.0,85.0,85.0,85.0,85.0,85.0,85.0,85.0
BROWNSUGAR750G,17.9,17.9,17.9,17.9,17.9,17.9,17.9,17.900000000000006,17.9,18.49428571428572,22.06,22.06,22.06,22.06,22.06,22.06,22.06,22.06,22.06,22.06,20.53,20.53,22.0,22.0,22.0,17.5,13.0,13.0,13.0,13.0,13.0,13.0,13.0,13.0,13.0,13.0
BANANASCHEMICALFREE,15.176470588235292,15.176470588235292,15.176470588235292,15.176470588235292,15.176470588235292,15.176470588235292,15.176470588235292,15.176470588235292,15.176470588235292,15.176470588235292,15.176470588235292,15.176470588235292,15.176470588235292,15.176470588235292,15.176470588235292,15.176470588235292,15.176470588235292,15.176470588235292,15.176470588235292,15.176470588235292,15.176470588235292,15.176470588235292,15.176470588235292,15.176470588235292,15.176470588235292,15.176470588235292,15.176470588235292,15.176470588235292,16.0,16.0,16.0,16.0,16.0,16.0,16.0,16.0
BEEFLIVERCHEMICALFREEFROZEN,55.0,55.0,55.0,55.0,55.0,55.0,55.0,55.0,55.0,55.0,55.0,55.0,55.0,55.0,55.0,55.0,55.0,55.0,55.0,55.0,55.0,55.0,55.0,55.0,55.0,55.0,55.0,55.0,60.0,60.0,60.81818181818182,60.81818181818182,60.81818181818182,60.81818181818182,62.707692307692305,68.0
KOFTA1KG,71.40000000000002,71.4,71.4,71.4,71.40000000000002,71.40000000000002,71.40000000000002,71.40000000000002,71.4,71.40000000000002,71.40000000000002,71.40000000000002,71.40000000000002,71.4,71.4,71.40000000000002,71.4,71.40000000000002,71.40000000000002,71.40000000000002,71.4,71.4,71.4,71.4,71.4,71.4,71.4,71.4,71.4,71.4,71.4,71.4,71.4,71.4,71.4,71.4
SPIRULINAPOWDER100G,182.0,182.0,182.0,182.0,182.0,182.0,182.0,182.0,182.0,182.0,182.0,182.0,182.0,182.0,160.0,160.0,160.0,160.0,160.0,160.0,160.0,160.0,160.0,160.0,160.0,160.0,160.0,160.0,160.0,160.0,160.0,160.0,160.0,160.0,160.0,160.0
PANCAKEMIXGLUTENFREE623G,49.75,49.75,49.75,49.75,49.75,49.75,49.75,49.75,49.75,49.75,49.75,49.75,49.75,55.0,55.0,55.0,55.0,55.0,55.0,55.0,55.0,55.0,55.0,55.0,55.0,52.5,50.0,50.0,50.0,50.0,50.0,50.0,50.0,50.0,50.0,50.0
TURKEY,180.0,180.0,180.0,180.0,180.0,180.0,180.0,180.0,180.0,180.0,180.0,180.0,180.0,180.0,180.0,180.0,180.0,180.0,180.0,180.0,374.39999999999986,374.39999999999986,374.39999999999986,374.39999999999986,374.39999999999986,374.39999999999986,374.39999999999986,374.39999999999986,374.39999999999986,374.39999999999986,374.39999999999986,374.39999999999986,374.39999999999986,374.39999999999986,374.39999999999986,374.39999999999986
WHEATGERMMIRACLE,51.8,51.8,51.8,51.8,51.8,51.8,51.8,51.8,51.8,51.8,51.8,51.8,51.8,51.8,51.8,51.8,51.8,51.8,51.8,51.8,51.0,51.0,51.0,51.0,51.0,51.0,51.0,48.13125,51.0,51.0,51.0,51.0,51.0,51.0,46.92,43.93831779999999
CHERRYTOMATOESCHEMICALFREE,7.5,7.5,7.5,7.5,7.5,7.5,7.5,7.5,7.5,7.5,7.5,7.5,7.5,7.5,7.5,7.5,7.5,7.5,7.5,7.5,12.5,12.526315789473687,13.0,13.0,12.964864864864865,10.285714285714286,13.0,9.0,9.0,14.0,14.0,14.0,14.0,14.0,14.0,14.0
REDGRAPESIMPORTED,32.333333333333336,32.333333333333336,32.333333333333336,32.333333333333336,32.333333333333336,32.333333333333336,32.333333333333336,32.333333333333336,32.333333333333336,32.333333333333336,32.333333333333336,32.333333333333336,32.333333333333336,32.333333333333336,32.333333333333336,32.333333333333336,32.333333333333336,32.333333333333336,32.333333333333336,32.333333333333336,32.333333333333336,32.333333333333336,32.0,7.0,7.0,7.0,7.0,17.285714285714285,25.0,25.0,25.0,25.0,25.0,25.0,25.0,25.0
BAKINGSODA453G,26.5,26.5,26.5,26.5,26.5,26.5,26.5,26.5,26.5,26.5,26.5,26.5,26.5,26.25,26.25,26.25,26.25,26.25,26.25,26.25,26.25,26.25,27.0,27.0,27.0,27.0,27.0,27.0,27.0,30.0,30.0,30.0,30.0,30.0,30.0,30.0
MUESLIWITHSEEDSANDNUTSMADEFROMSCOTTISHOATSGLUTENFREE,60.0,60.0,60.0,60.0,60.0,60.0,60.0,60.0,60.0,60.0,60.0,60.0,60.0,60.0,60.0,60.0,60.0,60.0,60.0,60.0,60.0,60.0,60.0,60.0,60.0,60.0,60.0,52.5,52.8,52.8,52.8,52.8,52.8,52.8,52.8,52.8
BEEFLIVER1KG,81.6,81.6,81.59999999999998,81.59999999999998,81.59999999999998,81.59999999999998,81.6,81.6,81.6,81.59999999999998,81.6,81.59999999999998,81.6,81.6,81.6,81.60000000000002,81.59999999999998,81.59999999999998,81.59999999999998,81.59999999999998,81.6,81.6,84.0,84.0,84.0,84.0,84.0,84.0,84.0,84.0,84.0,84.0,84.0,84.0,84.0,84.0
PSYLLIUMSEEDS300G,30.0,30.0,30.0,30.0,32.0,32.0,32.0,32.0,32.0,32.0,32.0,32.0,31.2,31.2,32.0,32.0,32.0,32.0,32.0,32.0,32.0,32.0,30.0,30.0,30.0,30.0,27.66666666666667,27.66666666666667,30.0,30.0,30.0,30.0,30.0,30.0,30.0,30.0
REDPLUMSIMPORTED,31.4,31.4,31.4,31.4,31.4,31.4,31.4,31.4,31.4,31.4,31.4,31.4,31.4,31.4,31.4,31.4,31.4,31.4,31.4,31.4,31.4,31.4,32.0,32.0,32.0,18.666666666666668,16.0,16.0,16.0,16.0,25.0,25.0,25.0,25.8,30.0,30.0
BROCCOLICHEMICALFREE,5.5,5.5,5.5,5.5,5.5,5.5,5.5,5.5,5.5,5.5,5.5,5.5,5.5,5.5,5.5,5.5,5.5,5.5,5.5,5.5,5.5,5.5,5.5,5.5,5.5,5.5,5.5,5.5,10.584905660377359,11.0,11.0,11.0,11.0,15.074074074074074,1.0,7.98903609090909
KALECHEMICALFREE,11.05,11.05,11.05,11.05,11.05,11.05,11.05,11.05,11.05,11.05,11.05,11.05,11.05,11.05,11.05,11.05,11.05,11.05,11.05,11.05,11.05,11.05,11.05,11.05,11.05,11.05,11.05,11.05,11.05,11.05,21.0,21.0,21.0,21.0,21.777777777777782,22.0
TOASTGLUTENFREE,22.5,22.5,22.5,22.5,22.5,22.5,22.5,22.5,22.5,22.5,22.5,22.5,22.5,22.5,22.5,22.5,22.5,22.5,22.5,22.5,22.5,25.0,25.0,25.0,25.0,25.0,25.0,25.0,25.0,25.0,25.0,25.0,25.0,25.0,25.0,25.0
BEDOUINLAMBBEITKALAWICHEMICALFREE,60.0,60.0,60.0,60.0,60.0,60.0,60.0,60.0,60.0,60.0,60.0,60.0,60.0,60.0,60.0,60.0,60.0,60.0,60.0,60.0,60.0,60.0,60.0,60.0,60.0,60.0,60.0,60.0,60.0,60.0,60.0,60.0,60.0,60.0,61.23684210526316,65.0
AMERICANGREENAPPLES,29.564285714285717,29.564285714285717,29.564285714285717,29.564285714285717,29.564285714285717,29.564285714285717,32.19,32.19,32.190000000000005,29.51571428571429,28.03,28.03,26.03,26.03,25.0,25.0,25.0,25.0,25.0,25.0,25.0,25.0,25.0,25.0,25.0,25.0,25.0,25.0,25.0,25.0,25.0,25.0,25.0,25.0,25.0,25.0
PIGEON,34.8,34.8,34.8,34.8,34.8,34.800000000000004,34.800000000000004,34.8,34.8,34.8,34.8,34.8,34.800000000000004,34.800000000000004,34.800000000000004,34.800000000000004,34.800000000000004,34.800000000000004,34.8,34.8,34.8,34.800000000000004,34.800000000000004,34.800000000000004,34.800000000000004,34.800000000000004,34.800000000000004,34.800000000000004,34.800000000000004,34.800000000000004,34.800000000000004,34.800000000000004,34.800000000000004,34.800000000000004,34.800000000000004,34.800000000000004
DRIEDGOJIBERRIES250G,72.75,72.75,72.75,72.75,72.75,72.75,72.75,60.0,60.0,36.0,36.0,36.0,36.0,36.0,36.0,36.0,36.0,36.0,36.0,36.0,36.0,36.0,36.0,36.0,36.0,36.0,36.0,36.0,36.0,36.0,36.0,36.0,36.0,36.0,36.0,36.0
TOMATOES,2.9000000000000004,2.9000000000000004,2.9000000000000004,2.9000000000000004,2.9000000000000004,2.9,2.9,2.9,2.9,2.6323333333333334,3.17,3.17,3.1699999999999986,9.75,3.1700000000000004,3.1699999999999995,3.132606428571429,3.1700000000000004,3.1699999999999995,3.17,3.972,7.5,7.5,7.5,7.5,7.5,7.5,7.5,7.5,7.5,7.5,7.5,7.5,7.5,7.5,7.5
TOFU,50.0,50.0,50.0,50.0,50.0,50.0,50.0,50.0,50.0,50.0,50.0,50.0,50.0,50.0,50.0,50.0,50.0,50.0,50.0,50.0,50.0,50.0,49.25,49.25,49.25,49.25,49.25,49.25,50.0,50.0,50.0,50.0,50.0,50.0,50.0,50.0
CUCUMBER,2.5,2.5,2.5,2.5,2.5,2.5,2.5,2.5,2.5,2.8012820512820507,3.0,3.2321428571428568,4.75,5.15,4.75,4.75,4.731021612903225,4.75,4.75,4.75,4.483333333333333,4.25,4.25,4.25,4.25,4.25,4.25,4.25,4.25,4.25,4.25,4.25,4.25,4.25,4.25,4.25
BROWNRICEFLOURGLUTENFREE,40.0,40.0,40.0,40.0,40.0,40.0,40.0,40.0,40.0,40.0,40.0,40.0,40.0,40.0,40.0,40.0,40.0,40.0,40.0,40.0,40.0,40.0,40.0,40.0,40.0,40.0,40.0,40.0,40.0,40.0,40.0,40.0,40.0,40.0,40.0,36.307692307692314
MUESLIWITHGOJIBERRIESANDCRANBERRIESGLUTENFREE,64.0,64.0,64.0,64.0,64.0,64.0,64.0,64.0,64.0,64.0,64.0,64.0,64.0,64.0,64.0,64.0,64.0,64.0,64.0,64.0,64.0,64.0,64.0,64.0,64.0,61.69230769230769,59.8,59.8,59.8,59.8,59.8,59.8,59.8,59.8,59.8,59.8
REDGRAPESSEEDLESSCHEMICALFREE,19.0,19.0,19.0,19.0,19.0,19.0,19.0,19.0,19.0,19.0,19.0,19.0,19.0,19.0,19.0,19.0,19.0,19.0,19.0,19.0,19.0,19.0,19.0,19.0,19.0,19.0,19.0,19.0,19.0,19.0,19.0,19.0,19.0,19.0,19.0,19.0
BROCCOLI,8.0,8.0,8.0,8.0,8.0,8.0,8.0,8.0,8.0,9.0676,9.57,6.25,6.25,6.25,6.25,6.25,6.25,6.25,6.25,6.25,6.25,15.8125,16.0,16.0,16.0,7.0,7.0,7.0,7.0,7.0,7.0,7.0,7.0,7.0,7.0,7.0
BLACKBERRIESFROZEN,38.0,38.0,38.0,38.0,38.0,38.0,38.0,38.0,38.0,38.0,38.0,38.0,38.0,38.0,38.0,38.0,38.0,38.0,38.0,38.0,38.0,38.0,38.0,38.0,38.0,38.0,38.0,38.0,59.0,59.0,59.0,59.0,59.0,59.0,59.0,59.0
BREADSTICKSGLUTENFREE,37.5,37.5,37.5,37.5,37.5,37.5,37.5,37.5,37.5,37.5,37.5,37.5,37.5,37.5,37.5,37.5,37.5,37.5,37.5,37.5,37.5,44.0,44.0,44.0,44.0,44.0,44.0,38.75,44.0,44.0,44.0,44.0,44.0,44.0,44.0,44.0
REDPLUMS,10.0,10.0,10.0,10.0,10.0,10.0,10.0,17.169999999999998,17.169999999999998,17.81,18.45,18.45,18.45,18.45,18.45,18.214285714285715,16.8,16.8,16.8,16.8,16.8,16.8,16.8,16.8,16.8,16.8,16.8,16.8,16.8,16.8,16.8,16.8,16.8,16.8,16.8,16.8
POTATOES,4.5,4.5,4.5,4.5,4.5,4.5,4.5,4.5,4.5,4.974444444444446,5.11,5.24421052631579,5.619999999999999,5.62,8.15,8.15,8.15,8.15,8.149999999999999,8.15,6.321428571428571,5.111111111111111,4.0,4.0,4.0,4.0,4.0,4.0,4.0,4.0,4.0,4.0,4.0,4.0,4.0,4.0
OSSOBUCCO,78.0,78.0,78.0,78.0,78.0,78.0,78.0,78.0,78.0,78.0,78.0,78.0,78.0,78.0,78.0,78.0,78.0,78.0,78.0,78.0,78.0,78.0,78.0,78.0,78.0,78.0,78.0,78.0,78.0,78.0,78.0,78.0,78.0,78.0,78.0,78.0
PEANUTBUTTERHOMEMADE,35.0,35.0,35.0,35.0,35.0,35.0,35.0,35.0,35.0,35.0,35.0,35.0,35.0,35.0,35.0,35.0,35.0,35.0,35.0,35.0,35.0,35.0,35.0,35.0,35.0,35.0,35.0,35.0,35.0,35.0,35.0,35.0,35.0,35.0,35.0,35.0
QUINOAFLOURGLUTENFREE,168.0,168.0,168.0,168.0,168.0,168.0,168.0,168.0,168.0,168.0,168.0,168.0,168.0,168.0,168.0,168.0,168.0,168.0,168.0,168.0,168.0,168.0,168.0,168.0,168.0,168.0,168.0,168.0,168.0,168.0,168.0,168.0,168.0,168.0,168.0,142.8
NATURALNOFATGRANOLA340G,46.5,46.5,46.5,46.5,46.5,46.5,46.5,46.5,46.5,46.5,46.5,46.5,47.25,47.25,47.25,47.25,47.25,47.25,47.25,47.25,47.25,47.25,47.25,47.25,47.25,47.25,47.25,47.25,47.25,47.25,47.25,47.25,47.25,47.25,47.25,47.25
HONEYOATGRANOLA340G,46.75,46.75,46.75,46.75,46.75,46.75,46.75,46.75,46.75,46.75,46.75,46.75,47.25,47.25,47.25,47.25,47.25,49.5,49.5,49.5,49.5,49.5,49.5,49.5,49.5,49.5,49.5,49.5,49.5,49.5,49.5,49.5,49.5,49.5,49.5,49.5
ITALIANBASIL,4.5,4.5,4.5,4.5,4.5,4.5,4.5,5.25,5.25,5.25,5.25,5.25,5.25,5.25,5.25,5.25,5.1199482000000005,5.25,5.25,4.0,6.25,6.375,7.0,7.0,7.0,7.0,7.0,7.0,7.0,7.0,7.0,7.0,7.0,7.0,7.0,7.0
VEALLIVERCHEMICALFREEFROZEN,74.0,74.0,74.0,74.0,74.0,74.0,74.0,74.0,74.0,74.0,74.0,74.0,74.0,74.0,74.0,74.0,74.0,74.0,74.0,74.0,74.0,74.0,74.0,74.0,74.0,74.0,74.0,74.0,74.0,74.0,74.0,74.0,74.0,74.0,79.33333333333333,90.0
CHICKENTHIGH,27.22727272727273,27.22727272727273,27.22727272727273,27.22727272727273,27.22727272727273,27.22727272727273,27.22727272727273,27.22727272727273,27.22727272727273,27.22727272727273,27.22727272727273,27.22727272727273,27.22727272727273,27.22727272727273,27.22727272727273,27.22727272727273,27.22727272727273,27.22727272727273,27.22727272727273,27.22727272727273,27.22727272727273,27.22727272727273,27.22727272727273,27.22727272727273,27.22727272727273,27.22727272727273,27.22727272727273,27.22727272727273,27.22727272727273,27.22727272727273,27.22727272727273,27.22727272727273,27.22727272727273,27.22727272727273,29.72307692307692,21.985294117647058
RAWPERUVIANCACAOORGANIC,68.0,68.0,68.0,68.0,68.0,68.0,68.0,68.0,68.0,68.0,68.0,68.0,68.0,68.0,68.0,68.0,68.0,68.0,68.0,68.0,68.0,68.0,68.0,68.0,68.0,68.0,68.0,68.0,68.0,68.0,68.0,68.0,68.0,68.0,68.0,68.0
SHORTGRAINBROWNRICEORGANICECOFARMED,35.0,35.0,35.0,35.0,35.0,35.0,35.0,35.0,35.0,35.0,35.0,35.0,35.0,35.0,35.0,35.0,35.0,35.0,35.0,35.0,35.0,35.0,35.0,35.0,35.0,35.0,35.0,35.0,35.0,35.0,35.0,35.0,35.0,35.0,33.5,36.25
FUSILLIGLUTENFREE,40.5,40.5,40.5,40.5,40.5,40.5,40.5,40.5,40.5,40.5,40.5,40.5,40.5,40.5,40.5,40.5,40.5,40.5,40.5,20.5,20.5,20.5,25.0,25.0,25.0,25.0,25.0,25.0,25.0,25.0,25.0,25.0,25.0,25.0,25.0,25.0
ALMONDMEALFLOUR,126.0,126.0,126.0,126.0,126.0,126.0,126.0,126.0,126.0,126.0,126.0,126.0,126.0,126.0,126.0,126.0,126.0,126.0,126.0,126.0,126.0,126.0,126.0,126.0,126.0,126.0,126.0,126.0,126.0,126.0,126.0,126.0,126.0,126.0,116.16,116.16
CHOCOLATECHIPCOOKIEMIXGLUTENFREE453G,59.9,59.9,59.9,59.9,59.9,59.9,59.9,59.9,59.9,59.9,59.9,59.9,59.9,59.9,59.9,59.9,59.9,64.5,64.5,64.5,64.5,65.0,65.0,65.0,65.0,60.0,60.0,56.14285714285714,60.0,60.0,60.0,60.0,60.0,60.0,60.0,60.0
HONEYMOONMIX,56.25,56.25,56.25,56.25,56.25,56.25,56.25,56.25,56.25,56.25,56.25,56.25,56.25,56.25,56.25,56.25,56.25,56.25,56.25,56.25,56.25,56.0,59.0,59.0,59.0,59.0,59.0,59.0,59.0,59.0,59.0,59.0,59.0,59.0,59.0,59.0
VEALCUTLETSCHEMICALFREEFROZEN,90.0,90.0,90.0,90.0,90.0,90.0,90.0,90.0,90.0,90.0,90.0,90.0,90.0,90.0,90.0,90.0,90.0,90.0,90.0,90.0,90.0,90.0,90.0,90.0,90.0,90.0,90.0,90.0,90.0,90.0,92.14285714285714,92.14285714285714,92.14285714285714,92.14285714285714,94.76666666666668,104.0
DRIEDPRUNEWITHPITS250G,13.7,13.7,13.7,13.7,13.7,13.7,13.7,12.5,12.5,12.5,12.54,12.54,12.54,12.54,12.54,12.54,12.54,15.0,15.0,15.0,24.0,24.0,24.0,24.0,24.0,24.0,24.0,24.0,24.0,24.0,24.0,24.0,24.0,24.0,22.4,24.0
GREENBEANS,6.8,6.8,6.8,6.8,6.8,6.8,6.8,6.8,6.8,6.862608695652174,6.89,6.725714285714285,4.59,4.59,6.5790000000000015,6.8,6.8,6.800000000000002,6.8,6.8,6.825,6.85,6.85,6.85,6.85,6.85,6.85,6.85,6.85,6.85,6.85,6.85,6.85,6.85,6.85,6.85
STRAWBERRIES,27.13,27.13,27.13,27.13,27.13,23.52555555555556,19.02,18.797391304347826,18.9,18.9,18.9,18.9,18.9,18.9,18.9,18.9,18.9,18.9,18.9,18.9,18.9,5.448,5.448,5.448,5.448,5.448,5.448,5.448,5.448,5.448,5.448,5.448,5.448,5.448,5.448,5.448
BALADYBREADWHOLEGRAIN,10.0,10.0,10.0,10.0,10.0,10.0,10.0,10.0,10.0,10.0,10.0,10.0,10.0,10.0,10.0,10.0,10.0,10.0,10.0,10.0,10.0,10.0,10.0,10.0,10.0,9.85,10.0,9.843478260869565,10.0,10.0,10.0,10.0,10.0,10.0,10.0,10.0
SWEETPOTATOESCHEMICALFREE,10.629999999999997,10.629999999999997,10.629999999999997,10.629999999999997,10.629999999999997,10.629999999999997,10.629999999999997,10.629999999999997,10.629999999999997,10.629999999999997,10.629999999999997,10.629999999999997,10.629999999999997,10.629999999999997,10.629999999999997,10.629999999999997,10.629999999999997,10.629999999999997,10.629999999999997,10.629999999999997,10.629999999999997,10.629999999999997,10.629999999999997,11.0,11.0,11.0,11.0,11.365853658536587,12.0,12.0,12.0,12.0,12.0,12.0,12.0,12.0
DRIEDTURKISHFIGS250G,12.6,12.6,12.6,12.6,12.6,12.6,12.6,12.5,12.5,13.16,13.16,13.93,13.93,13.93,13.93,13.93,13.754545454545456,12.0,12.0,12.0,12.0,12.0,12.0,12.0,12.0,12.166666666666664,12.0,9.0,12.0,12.0,13.0,13.0,13.0,13.0,11.96,11.375
PEARSAMERICANIMPORTED,18.166666666666668,18.166666666666668,18.166666666666668,18.166666666666668,18.166666666666668,18.166666666666668,18.166666666666668,18.166666666666668,18.166666666666668,18.166666666666668,18.166666666666668,18.166666666666668,18.166666666666668,18.166666666666668,18.166666666666668,18.166666666666668,18.166666666666668,18.166666666666668,18.166666666666668,18.166666666666668,18.166666666666668,18.166666666666668,18.0,34.0,34.0,34.0,15.0,18.0,18.0,18.0,18.0,18.0,18.0,18.0,20.857142857142858,20.857142857142858
STEELCUTOATS,66.0,66.0,66.0,66.0,66.0,66.0,66.0,66.0,66.0,66.0,66.0,66.0,66.0,66.0,66.0,66.0,66.0,66.0,66.0,66.0,66.0,66.0,66.0,66.0,66.0,66.0,66.0,66.0,66.0,66.0,66.0,66.0,66.0,66.0,66.0,66.0
PSYLLIUMHUSK,31.5,31.5,31.5,31.5,31.5,31.5,31.5,31.5,31.5,31.5,31.5,31.5,31.5,31.5,31.5,31.5,31.5,31.5,31.5,31.5,31.5,54.0,54.0,54.0,54.0,54.0,60.75,60.75,60.75,64.8,64.8,64.8,64.8,64.8,64.8,64.8
OATSWITHAPPLEANDCINNAMONORGANIC,36.0,36.0,36.0,36.0,36.0,36.0,36.0,36.0,36.0,36.0,36.0,36.0,36.0,36.0,36.0,36.0,36.0,36.0,36.0,36.0,36.0,40.0,40.0,40.0,40.0,40.0,39.0,33.84,36.0,36.0,36.0,36.0,36.0,36.0,36.0,36.0
WHITEENDIVE,20.9,20.9,20.9,20.9,20.9,20.9,20.9,20.9,20.9,23.615,26.33,26.33,26.33,26.33,26.33,26.33,26.33,26.33,26.33,26.33,26.33,26.33,26.33,26.33,26.33,26.33,26.33,26.33,26.33,26.33,26.33,26.33,26.33,26.33,26.33,26.33
SHEEPMILKCHEESE,60.0,60.0,60.0,60.0,60.0,60.0,60.0,60.0,60.0,60.0,60.0,60.0,60.0,60.0,60.0,60.0,60.0,60.0,60.0,60.0,60.0,60.0,60.0,60.0,60.0,60.0,60.0,60.0,60.0,60.0,60.0,60.0,60.0,60.0,60.0,60.0
7GRAINMILK946ML,31.9,31.9,31.9,31.9,31.9,31.9,31.9,31.9,31.9,31.9,31.9,31.9,31.9,33.599999999999994,33.6,33.6,33.6,33.6,33.6,33.6,33.6,33.6,33.6,33.6,33.6,33.6,33.6,33.6,33.6,33.6,33.6,33.6,33.6,33.6,33.6,33.6
REDGRAPESSEEDLESSORGANIC,26.88703703703704,26.88703703703704,26.88703703703704,26.88703703703704,26.88703703703704,26.88703703703704,26.88703703703704,26.88703703703704,26.88703703703704,26.88703703703704,26.88703703703704,26.88703703703704,26.88703703703704,26.88703703703704,26.88703703703704,26.88703703703704,26.88703703703704,26.88703703703704,26.88703703703704,26.88703703703704,26.88703703703704,26.88703703703704,26.88703703703704,26.88703703703704,26.88703703703704,26.88703703703704,26.88703703703704,26.88703703703704,26.88703703703704,26.88703703703704,26.88703703703704,26.88703703703704,26.88703703703704,26.88703703703704,26.88703703703704,27.896296296296303
PINKGRAPEFRUIT,6.5,6.5,6.5,6.5,6.5,6.5,6.5,5.43,5.4300000000000015,5.775,5.89,13.65,13.65,13.65,13.65,13.65,13.65,13.65,13.65,13.65,13.210526315789476,13.0,13.0,13.0,13.0,13.0,13.0,13.0,13.0,13.0,13.0,13.0,13.0,13.0,13.0,13.0
BEEFSHANKSMOWAZ1KG,75.95999999999998,75.96,75.95999999999998,75.96,75.95999999999998,75.95999999999998,75.95999999999998,75.96,75.96,75.96,75.96,75.96,75.95999999999998,75.95999999999998,75.95999999999998,75.95999999999998,75.95999999999998,75.95999999999998,75.95999999999998,75.95999999999998,75.95999999999998,75.95999999999998,75.95999999999998,75.95999999999998,75.95999999999998,75.95999999999998,75.95999999999998,75.95999999999998,75.95999999999998,75.95999999999998,75.95999999999998,75.95999999999998,75.95999999999998,75.95999999999998,75.95999999999998,75.95999999999998
GREENGRAPES,23.7,23.7,23.7,23.7,23.7,23.7,23.7,23.7,23.7,23.697,23.69,23.69,23.69,23.69,23.69,23.69,23.69,23.69,23.69,23.69,23.69,23.69,23.69,23.69,23.69,23.69,23.69,23.69,23.69,23.69,23.69,23.69,23.69,23.69,23.69,23.69
SeasonalIndex,0.6259205627662562,1.2087646399420935,1.1565536768017084,1.3624041309803199,0.9089971744907591,1.0086104453475704,1.1755722410593497,1.3755458295944496,0.9251721150067961,0.8035262384047129,0.7246726748738773,0.9079662942833723,0.6259205627662562,1.2087646399420935,1.1565536768017084,1.3624041309803199,0.9089971744907591,1.0086104453475704,1.1755722410593497,1.3755458295944496,0.9251721150067961,0.8035262384047129,0.7246726748738773,0.9079662942833723,0.6259205627662562,1.2087646399420935,1.1565536768017084,1.3624041309803199,0.9089971744907591,1.0086104453475704,1.1755722410593497,1.3755458295944496,0.9251721150067961,0.8035262384047129,0.7246726748738773,0.9079662942833723
