Product,1,2,3,4,5,6,7,8,9,10,11,12,13,14,15,16,17,18,19,20,21,22,23,24,25,26,27,28,29,30,31,32,33,34,35,36,37,38,39,40,Itemcount,Revenue
CHICKEN BREAST,0.0,0.0,0.0,30.0,15.0,41.0,46.0,33.0,12.0,26.0,39.0,55.0,32.0,47.0,45.0,20.0,33.0,45.0,35.0,38.0,28.0,33.0,32.0,36.0,45.0,36.0,69.0,51.0,75.0,85.0,97.0,104.0,95.0,25.0,0.0,0.0,7.0,196.0,68.0,28.0,1702.0,88794.53857421875
QUINOA ( WHITE ) - ORGANIC,0.0,0.0,0.0,0.0,0.0,0.0,0.0,0.0,3.0,17.0,26.0,22.0,18.0,16.0,0.0,0.0,0.0,63.0,38.0,78.0,14.0,12.0,1.0,37.0,36.0,57.0,15.0,33.0,31.0,126.0,72.0,70.0,58.0,9.0,0.0,0.0,0.0,0.0,0.0,0.0,852.0,62300.9609375
WHOLE CHICKEN,0.0,0.0,0.0,45.15999984741211,25.0,20.0,12.0,44.0,7.0,45.0,72.0,35.0,52.0,79.0,35.0,48.0,19.0,93.0,35.0,57.0,83.0,64.0,61.0,40.0,48.0,42.0,65.0,35.0,50.0,56.0,60.0,52.0,45.0,10.0,0.0,0.0,0.0,146.0,76.0,23.0,1679.1600036621094,55296.36376953125
COCONUT OIL (ORGANIC) - FOR COOKING,0.0,0.0,0.0,0.0,0.0,0.0,0.0,0.0,0.0,0.0,0.0,0.0,0.0,0.0,0.0,0.0,0.0,0.0,0.0,0.0,0.0,0.0,0.0,0.0,0.0,0.0,0.0,0.0,8.0,15.0,17.0,22.0,24.0,2.0,0.0,0.0,10.0,70.0,18.0,12.0,198.0,36796.9052734375
BEEF FILLET,0.0,0.0,0.0,44.79999923706055,4.0,8.0,2.0,7.0,4.0,12.0,9.0,11.0,3.0,6.0,9.0,3.0,1.0,16.510000228881836,7.0,6.0,3.0,3.0,2.0,2.0,2.0,13.0,0.0,0.0,0.0,0.0,0.0,3.0,0.0,0.0,0.0,0.0,0.0,0.0,0.0,0.0,181.31000518798828,35693.8251953125
BEEF FILLET (WHOLE),0.0,0.0,0.0,0.0,0.0,0.0,0.0,0.0,0.0,0.0,0.0,0.0,0.0,0.0,0.0,0.0,0.0,0.0,0.0,0.0,0.0,0.0,0.0,0.0,0.0,0.0,0.0,0.0,0.0,0.0,0.0,0.0,0.0,0.0,0.0,0.0,0.0,134.90499877929688,14.199999809265135,0.0,149.10499572753906,23672.17578125
DRIED CRANBERRIES,0.0,0.0,0.0,2.0,2.0,0.0,7.0,6.0,1.0,6.0,8.0,4.0,5.0,4.0,10.0,4.0,1.0,7.25,19.0,7.0,6.0,4.0,5.0,7.0,15.0,4.0,6.0,3.0,6.0,16.0,30.0,9.0,19.0,0.0,0.0,0.0,1.0,28.0,16.0,3.0,271.25,21851.34716796875
INSIDE CAIRO DELIVERY FEE,0.0,0.0,0.0,0.0,0.0,0.0,0.0,71.0,30.0,99.0,114.0,124.0,111.0,125.0,127.0,65.0,41.0,114.0,82.0,80.0,71.0,73.0,64.0,72.0,90.0,136.0,157.0,48.0,0.0,0.0,0.0,0.0,0.0,0.0,0.0,0.0,0.0,0.0,0.0,0.0,1894.0,18937.76171875
VEAL ESCALOPE (BIFTEK),0.0,0.0,0.0,14.0,0.0,5.0,5.0,10.0,6.0,4.0,9.0,8.0,6.0,7.0,12.0,5.0,5.0,19.0,8.0,3.0,8.0,12.0,4.0,4.0,8.0,8.0,0.0,0.0,0.0,0.0,0.0,0.0,0.0,0.0,0.0,0.0,0.0,0.0,0.0,0.0,170.0,17610.89990234375
CAIRO ABOVE 150 L.E ORDERS,0.0,0.0,0.0,0.0,0.0,0.0,0.0,0.0,0.0,0.0,0.0,0.0,0.0,0.0,0.0,0.0,0.0,0.0,0.0,0.0,0.0,0.0,0.0,0.0,0.0,0.0,0.0,54.0,132.0,160.0,160.0,186.0,161.0,41.0,0.0,0.0,16.0,447.0,206.0,81.0,1644.0,16668.244140625
BEEF FILLET (CHEMICAL FREE) - FROZEN,0.0,0.0,0.0,0.0,0.0,0.0,0.0,0.0,0.0,0.0,0.0,0.0,0.0,0.0,0.0,0.0,0.0,0.0,0.0,0.0,0.0,0.0,0.0,0.0,0.0,2.0,25.0,16.0,19.0,18.0,11.0,36.0,1.0,5.0,0.0,0.0,2.0,26.0,17.0,26.0,204.0,15945.36181640625
BEEF MINCE,0.0,0.0,0.0,10.0,8.0,5.0,4.0,10.0,3.0,16.0,11.0,15.0,11.0,15.0,16.0,7.0,1.0,16.0,5.0,6.0,9.0,7.0,9.0,5.0,9.0,7.0,0.0,0.0,0.0,0.0,0.0,4.0,0.0,0.0,0.0,0.0,0.0,0.0,0.0,0.0,209.0,14995.120361328125
HUROM SLOW JUICER,0.0,0.0,0.0,0.0,0.0,0.0,0.0,0.0,0.0,0.0,0.0,0.0,0.0,0.0,0.0,0.0,0.0,0.0,0.0,0.0,0.0,0.0,0.0,0.0,0.0,0.0,0.0,0.0,0.0,0.0,0.0,0.0,2.0,1.0,0.0,0.0,0.0,2.0,0.0,0.0,5.0,14800.0
AVOCADOS (IMPORTED),0.0,0.0,0.0,0.0,0.0,0.0,0.0,0.0,0.0,0.0,0.0,0.0,0.0,0.0,0.0,0.0,0.0,0.0,0.0,0.0,0.0,0.0,0.0,0.0,0.0,9.0,22.0,25.0,48.0,54.0,56.0,73.0,46.0,8.0,0.0,0.0,0.0,88.0,31.0,8.0,468.0,13628.2998046875
AVOCADO,0.0,0.0,0.0,5.0,8.0,5.0,8.0,11.0,10.0,23.0,21.0,30.0,17.0,36.0,32.0,8.0,12.0,23.0,13.0,19.0,8.0,9.0,7.0,9.0,14.0,12.0,0.0,0.0,0.0,0.0,0.0,0.0,0.0,0.0,0.0,0.0,0.0,0.0,0.0,0.0,340.0,13618.205444335938
BEEF CUBES (CHEMICAL FREE) - FROZEN,0.0,0.0,0.0,0.0,0.0,0.0,0.0,0.0,0.0,0.0,0.0,0.0,0.0,0.0,0.0,0.0,0.0,0.0,0.0,0.0,0.0,0.0,0.0,0.0,0.0,0.0,15.0,20.0,15.0,10.0,21.0,43.0,23.0,6.0,0.0,0.0,3.0,43.0,47.0,3.0,249.0,13572.0
BALADY EGGS (CHEMICAL FREE),0.0,0.0,0.0,0.0,0.0,0.0,0.0,0.0,0.0,0.0,0.0,0.0,0.0,0.0,0.0,0.0,0.0,0.0,0.0,0.0,0.0,0.0,2.0,17.0,34.0,42.0,39.0,36.0,23.0,10.0,20.0,86.0,94.0,16.0,0.0,0.0,2.0,107.0,73.0,30.0,631.0,13541.799987792969
BEEF MINCE (CHEMICAL FREE) - FROZEN,0.0,0.0,0.0,0.0,0.0,0.0,0.0,0.0,0.0,0.0,0.0,0.0,0.0,0.0,0.0,0.0,0.0,0.0,0.0,0.0,0.0,0.0,0.0,0.0,0.0,2.0,11.0,28.0,45.0,39.0,37.0,64.0,10.0,11.0,0.0,0.0,0.0,4.0,24.0,0.0,275.0,13094.0
BENCH PRESS OATS WITH APPLE AND CINNAMON ( WITH WHEY PROTEIN ),0.0,0.0,0.0,0.0,0.0,0.0,0.0,0.0,0.0,0.0,0.0,0.0,0.0,0.0,0.0,0.0,0.0,0.0,0.0,0.0,0.0,0.0,0.0,0.0,0.0,16.0,14.0,6.0,4.0,7.0,3.0,0.0,0.0,0.0,0.0,0.0,8.0,190.0,293.0,103.0,644.0,12820.9599609375
UNSWEETENED ALMOND MILK,0.0,0.0,0.0,0.0,0.0,0.0,0.0,0.0,0.0,0.0,0.0,0.0,0.0,0.0,0.0,0.0,0.0,0.0,0.0,0.0,0.0,0.0,0.0,0.0,0.0,0.0,0.0,0.0,0.0,27.0,67.0,30.0,10.0,1.0,0.0,0.0,3.0,105.0,102.0,18.0,363.0,12266.9501953125
CAIRO,0.0,0.0,0.0,8.0,0.0,0.0,0.0,0.0,0.0,0.0,0.0,0.0,0.0,0.0,0.0,0.0,0.0,0.0,0.0,0.0,0.0,0.0,0.0,0.0,0.0,0.0,0.0,48.0,78.0,81.0,112.0,96.0,100.0,14.0,0.0,0.0,7.0,186.0,71.0,33.0,834.0,12095.0
CHIA SEEDS (ORGANIC),0.0,0.0,0.0,0.0,0.0,0.0,0.0,0.0,0.0,0.0,0.0,0.0,0.0,0.0,0.0,0.0,0.0,0.0,0.0,0.0,0.0,0.0,0.0,0.0,0.0,0.0,0.0,0.0,0.0,0.0,0.0,0.0,3.0,5.0,0.0,0.0,0.0,66.0,62.0,6.0,142.0,11745.0556640625
PURE OATS ( GLUTEN FREE ),0.0,0.0,0.0,0.0,0.0,0.0,0.0,0.0,0.0,0.0,0.0,0.0,0.0,0.0,0.0,0.0,0.0,0.0,0.0,0.0,0.0,0.0,0.0,0.0,0.0,25.0,14.0,8.0,0.0,0.0,0.0,0.0,0.0,0.0,0.0,0.0,9.0,158.0,61.0,8.0,283.0,11611.1142578125
MUESLI WITH QUINOA AMARANTH APPLE SEEDS AND NUTS ( GLUTEN FREE ),0.0,0.0,0.0,0.0,0.0,0.0,0.0,0.0,0.0,0.0,0.0,0.0,0.0,0.0,0.0,0.0,0.0,0.0,0.0,0.0,0.0,0.0,0.0,0.0,0.0,7.0,5.0,3.0,3.0,12.0,5.0,0.0,0.0,0.0,0.0,0.0,0.0,61.0,89.0,41.0,226.0,11440.18505859375
CHICKEN CUTLETS (SHISHTAWOOK),0.0,0.0,0.0,17.0,0.0,1.0,28.0,5.0,0.0,4.0,7.0,10.0,6.0,5.0,8.0,3.0,0.0,6.0,2.0,2.0,1.0,1.0,4.0,2.0,3.0,3.0,13.0,7.0,5.0,3.0,8.0,7.0,7.0,7.0,0.0,0.0,0.0,31.0,24.0,11.0,241.0,11417.800048828125
BEEF MINCE - NO FAT (CHEMICAL FREE) - FROZEN,0.0,0.0,0.0,0.0,0.0,0.0,0.0,0.0,0.0,0.0,0.0,0.0,0.0,0.0,0.0,0.0,0.0,0.0,0.0,0.0,0.0,0.0,0.0,0.0,0.0,0.0,0.0,0.0,0.0,0.0,0.0,0.0,0.0,0.0,0.0,0.0,0.0,98.0,58.0,33.0,189.0,11207.130859375
BALADY WHOLE CHICKEN(CHEMICAL FREE),0.0,0.0,0.0,0.0,0.0,0.0,0.0,0.0,0.0,0.0,0.0,0.0,0.0,0.0,0.0,0.0,0.0,0.0,0.0,0.0,0.0,0.0,0.0,0.0,0.0,0.0,0.0,0.0,0.0,0.0,10.0,30.0,23.0,11.0,0.0,0.0,5.0,157.0,-1.0,3.0,238.0,11072.300048828125
OSOOL BEGAWI CHICKEN ( FROZEN ),0.0,0.0,0.0,0.0,0.0,0.0,0.0,0.0,0.0,0.0,0.0,0.0,0.0,0.0,0.0,0.0,0.0,0.0,0.0,0.0,0.0,0.0,0.0,0.0,0.0,16.0,51.0,108.0,77.0,38.0,8.0,0.0,0.0,0.0,0.0,0.0,0.0,0.0,0.0,0.0,298.0,11026.0
BEEF CUTLETS,0.0,0.0,0.0,18.0,2.0,2.0,2.0,4.0,8.0,12.0,8.0,7.0,2.0,7.0,8.0,4.0,1.0,5.0,3.0,2.0,8.0,8.0,5.0,17.0,6.0,2.0,0.0,0.0,0.0,0.0,0.0,0.0,0.0,0.0,0.0,0.0,0.0,0.0,0.0,0.0,141.0,10828.619873046877
SALMON STEAK,2.0,0.0,0.0,0.0,0.0,0.0,0.0,0.0,0.0,0.0,0.0,0.0,0.0,0.0,0.0,0.0,0.0,0.8899999856948853,2.0,0.0,1.0,2.0,0.0,0.0,5.0,0.0,0.0,0.0,0.0,0.0,0.0,19.0,25.0,6.0,0.0,0.0,8.0,49.0,26.0,22.0,167.8899998664856,10818.039794921877
QUINOA (WHITE) - ORGANIC,0.0,0.0,0.0,0.0,0.0,0.0,0.0,0.0,0.0,0.0,0.0,0.0,0.0,0.0,0.0,0.0,0.0,0.0,0.0,0.0,0.0,0.0,0.0,0.0,0.0,0.0,10.0,1.0,80.0,26.0,25.0,0.0,7.0,0.0,0.0,0.0,0.0,0.0,0.0,0.0,149.0,10419.41015625
MUESLI WITH MIXED BERRIES OAT FLAKES AND SEEDS (ORGANIC),0.0,0.0,0.0,0.0,0.0,0.0,0.0,0.0,0.0,0.0,0.0,0.0,0.0,0.0,0.0,0.0,0.0,0.0,0.0,0.0,0.0,0.0,0.0,0.0,0.0,0.0,0.0,0.0,0.0,0.0,0.0,0.0,0.0,0.0,0.0,0.0,2.0,66.0,107.0,35.0,210.0,10412.0751953125
GRANOLA WITH FRUITS AND SEEDS ( GLUTEN FREE ),0.0,0.0,0.0,0.0,0.0,0.0,0.0,0.0,0.0,0.0,0.0,0.0,0.0,0.0,0.0,0.0,0.0,0.0,0.0,0.0,0.0,0.0,0.0,0.0,0.0,14.0,6.0,6.0,11.0,1.0,0.0,0.0,0.0,0.0,0.0,0.0,2.0,210.0,6.0,0.0,256.0,10289.9443359375
BEEF ESCALOPE (CHEMICAL FREE) - FROZEN,0.0,0.0,0.0,0.0,0.0,0.0,0.0,0.0,0.0,0.0,0.0,0.0,0.0,0.0,0.0,0.0,0.0,0.0,0.0,0.0,0.0,0.0,0.0,0.0,0.0,1.0,11.0,8.0,13.0,2.0,19.0,34.0,7.0,17.0,0.0,0.0,0.0,42.0,27.0,3.0,184.0,10150.7998046875
RAW ALMONDS SHELLED,0.0,0.0,0.0,8.0,5.0,5.0,11.0,20.0,3.0,18.0,13.0,15.0,12.0,11.0,14.0,15.0,3.0,13.0,11.0,14.0,11.0,4.0,4.0,9.0,4.0,8.0,11.0,6.0,12.0,22.0,15.0,18.0,25.0,5.0,0.0,0.0,0.0,0.0,0.0,0.0,345.0,9882.104736328123
RAW PECAN,0.0,3.0,0.0,1.0,2.0,7.0,2.0,8.0,4.0,4.0,9.0,7.0,11.0,6.0,6.0,6.0,0.0,5.0,1.0,11.0,5.0,2.0,1.0,2.0,2.0,4.0,1.0,1.0,5.0,16.0,8.0,8.0,10.0,1.0,0.0,0.0,0.0,0.0,0.0,0.0,159.0,9638.450424194336
ALMOND MILK ( ORGANIC ),0.0,0.0,0.0,0.0,0.0,0.0,0.0,0.0,3.0,40.0,20.0,40.0,41.0,46.0,9.0,0.0,0.0,57.0,30.0,0.0,0.0,2.0,0.0,0.0,13.0,9.0,0.0,0.0,0.0,3.0,0.0,0.0,0.0,0.0,0.0,0.0,0.0,0.0,0.0,0.0,313.0,9630.33984375
DRIED BLUEBERRIES,0.0,0.0,0.0,3.0,1.0,2.0,10.0,7.0,2.0,8.0,15.0,5.0,10.0,5.0,6.0,6.0,2.0,19.0,7.0,11.0,8.0,3.0,4.0,9.0,6.0,0.0,6.0,0.0,2.0,4.0,6.0,4.0,2.0,0.0,0.0,0.0,0.0,0.0,0.0,0.0,173.0,9445.620483398438
SKINNY OATS WITH BERRIES AND GREEN TEA EXTRACT ( FOR WEIGHT LOSS ),0.0,0.0,0.0,0.0,0.0,0.0,0.0,0.0,0.0,0.0,0.0,0.0,0.0,0.0,0.0,0.0,0.0,0.0,0.0,0.0,0.0,0.0,0.0,0.0,0.0,6.0,24.0,21.0,11.0,3.0,0.0,0.0,0.0,0.0,0.0,0.0,8.0,88.0,251.0,102.0,514.0,9403.42578125
APPLE CIDER VINEGAR ( ORGANIC ),0.0,0.0,0.0,0.0,0.0,0.0,0.0,0.0,1.0,6.0,1.0,7.0,4.0,3.0,6.0,0.0,0.0,0.0,6.0,6.0,1.0,9.0,3.0,0.0,0.0,12.0,7.0,8.0,5.0,9.0,31.0,25.0,23.0,3.0,0.0,0.0,1.0,54.0,16.0,12.0,259.0,9215.989501953123
KALE,0.0,0.0,0.0,0.0,0.0,0.0,0.0,0.0,0.0,0.0,0.0,0.0,0.0,0.0,0.0,0.0,0.0,0.0,0.0,0.0,0.0,0.0,0.0,0.0,14.0,64.0,52.0,50.0,89.0,42.0,53.0,45.0,59.0,8.0,0.0,0.0,0.0,0.0,0.0,0.0,476.0,9203.0
GOJI BERRIES,0.0,0.0,0.0,0.0,0.0,0.0,0.0,0.0,0.0,0.0,0.0,0.0,0.0,0.0,0.0,0.0,0.0,0.0,0.0,0.0,0.0,0.0,0.0,0.0,1.0,14.0,7.0,10.0,7.0,6.0,0.0,0.0,0.0,0.0,0.0,0.0,3.0,36.0,66.0,6.0,156.0,8787.171875
BROWN RICE PENNE ( AMERICAN ) - GLUTEN FREE - ORGANIC,0.0,0.0,0.0,0.0,0.0,0.0,0.0,0.0,0.0,10.0,6.0,7.0,6.0,7.0,6.0,1.0,0.0,12.0,8.0,4.0,5.0,5.0,4.0,2.0,4.0,11.0,6.0,0.0,0.0,19.0,29.0,11.0,12.0,4.0,0.0,0.0,0.0,0.0,0.0,0.0,179.0,8396.150390625
OAT MILK ( ORGANIC ),0.0,0.0,0.0,0.0,0.0,0.0,0.0,0.0,0.0,25.0,13.0,18.0,23.0,21.0,22.0,1.0,4.0,22.0,26.0,12.0,6.0,1.0,0.0,0.0,7.0,30.0,3.0,0.0,1.0,12.0,0.0,0.0,8.0,0.0,0.0,0.0,0.0,0.0,0.0,0.0,255.0,8335.25
TOP SIDE STEAK (CHEMICAL FREE) - FROZEN,0.0,0.0,0.0,0.0,0.0,0.0,0.0,0.0,0.0,0.0,0.0,0.0,0.0,0.0,0.0,0.0,0.0,0.0,0.0,0.0,0.0,0.0,0.0,0.0,0.0,0.0,6.0,5.0,10.0,7.0,12.0,12.0,19.0,2.0,0.0,0.0,0.0,47.0,19.0,7.0,146.0,7954.0
RAW SUNFLOWER SEED SHELLED,0.0,0.0,0.0,1.0,1.0,3.0,1.0,7.0,0.0,2.0,5.0,5.0,2.0,1.0,0.0,0.0,0.0,7.0,3.0,3.0,1.0,7.0,0.0,1.0,11.0,5.0,0.0,0.0,0.0,7.0,14.0,17.0,5.0,0.0,0.0,0.0,2.0,24.0,1.0,3.0,139.0,7869.814025878906
QUINOA (CHEMICAL FREE) - EGYPTIAN,0.0,0.0,0.0,0.0,0.0,0.0,0.0,0.0,0.0,0.0,0.0,0.0,0.0,0.0,0.0,0.0,0.0,0.0,0.0,0.0,0.0,0.0,0.0,0.0,0.0,0.0,0.0,0.0,0.0,0.0,8.0,62.0,13.0,5.0,0.0,0.0,4.0,41.0,31.0,7.0,171.0,7784.52001953125
MUESLI WITH BRANBERRY AND STRAWBERRIES ( ORGANIC ),0.0,0.0,0.0,0.0,0.0,0.0,0.0,0.0,0.0,0.0,0.0,0.0,0.0,0.0,0.0,0.0,0.0,0.0,0.0,0.0,0.0,0.0,0.0,0.0,1.0,10.0,3.0,1.0,7.0,6.0,3.0,0.0,0.0,0.0,0.0,0.0,0.0,62.0,109.0,42.0,244.0,7573.186279296875
CHIA SEEDS,0.0,0.0,0.0,0.0,0.0,0.0,0.0,0.0,0.0,0.0,0.0,0.0,0.0,0.0,0.0,0.0,0.0,0.0,0.0,0.0,0.0,0.0,0.0,0.0,0.0,0.0,9.0,8.0,7.0,28.0,18.0,15.0,6.0,0.0,0.0,0.0,0.0,0.0,0.0,0.0,91.0,7483.46728515625
RAW CASHEW NUT,0.0,0.0,0.0,4.0,3.0,4.0,4.0,17.0,4.0,9.0,15.0,6.0,8.0,12.0,11.0,11.0,2.0,10.0,5.0,13.0,4.0,5.0,4.0,4.0,2.0,3.0,4.0,2.0,8.0,15.0,12.0,10.0,9.0,2.0,0.0,0.0,0.0,0.0,0.0,0.0,222.0,7358.0001220703125
BROWN RICE ( EGYPTIAN ),0.0,0.0,0.0,0.0,0.0,0.0,0.0,0.0,0.0,20.0,14.0,16.0,7.0,20.0,19.0,8.0,4.0,10.0,3.0,8.0,3.0,9.0,17.0,13.0,12.0,7.0,28.0,36.0,50.0,52.0,63.0,75.0,75.0,24.0,0.0,0.0,0.0,100.0,43.0,15.0,751.0,7119.4500732421875
BEEF STRIPS (CHEMICAL FREE) - FROZEN,0.0,0.0,0.0,0.0,0.0,0.0,0.0,0.0,0.0,0.0,0.0,0.0,0.0,0.0,0.0,0.0,0.0,0.0,0.0,0.0,0.0,0.0,0.0,0.0,0.0,2.0,5.0,9.0,7.0,12.0,7.0,22.0,13.0,6.0,0.0,0.0,0.0,31.0,20.0,0.0,134.0,7006.39990234375
MAPLE SYRUP (ORGANIC),0.0,0.0,0.0,0.0,0.0,0.0,0.0,0.0,0.0,0.0,0.0,0.0,0.0,0.0,0.0,0.0,0.0,0.0,0.0,0.0,0.0,0.0,0.0,0.0,0.0,0.0,0.0,0.0,0.0,0.0,0.0,0.0,0.0,0.0,0.0,0.0,3.0,46.0,20.0,2.0,71.0,6783.0986328125
BEEF ESCALOPE,0.0,0.0,0.0,8.0,1.0,7.0,4.0,4.0,2.0,6.0,3.0,4.0,1.0,5.0,4.0,0.0,1.0,3.0,3.0,3.0,4.0,6.0,4.0,1.0,3.0,1.0,0.0,0.0,1.0,0.0,0.0,3.0,0.0,0.0,0.0,0.0,0.0,0.0,0.0,0.0,82.0,6708.7999267578125
VEAL PICATTA,0.0,0.0,0.0,6.0,0.0,2.0,2.0,4.0,2.0,1.0,8.0,4.0,1.0,5.0,2.0,7.0,0.0,1.0,1.0,2.0,2.0,1.0,2.0,2.0,3.0,6.0,0.0,0.0,0.0,0.0,0.0,0.0,0.0,0.0,0.0,0.0,0.0,0.0,0.0,0.0,64.0,6627.5999755859375
VEAL CUTLETS (KABBAB 7ALA),0.0,0.0,0.0,4.0,1.0,0.0,3.0,10.0,4.0,4.0,4.0,3.0,0.0,1.0,1.0,4.0,3.0,1.0,0.0,6.0,2.0,2.0,2.0,0.0,2.0,7.0,0.0,0.0,0.0,0.0,0.0,0.0,0.0,0.0,0.0,0.0,0.0,0.0,0.0,0.0,64.0,6619.0
WHEY PROTEIN,0.0,0.0,0.0,0.0,0.0,0.0,0.0,0.0,1.0,3.0,1.0,1.0,3.0,5.0,1.0,2.0,0.0,1.0,5.0,3.0,1.0,1.0,4.0,1.0,1.0,0.0,0.0,0.0,0.0,4.0,2.0,6.0,4.0,0.0,0.0,0.0,0.0,0.0,0.0,0.0,50.0,6597.85009765625
RAW WALNUT - SHELLED,0.0,0.0,0.0,7.0,3.0,4.0,3.0,19.0,2.0,12.0,15.0,5.0,9.0,2.0,7.0,3.0,3.0,3.0,6.0,3.0,9.0,1.0,2.0,4.0,2.0,4.0,4.0,3.0,5.0,12.0,3.0,4.0,16.0,1.0,0.0,0.0,0.0,0.0,0.0,0.0,176.0,6244.2501220703125
HAMBURGER (CHEMICAL FREE) - FROZEN,0.0,0.0,0.0,0.0,0.0,0.0,0.0,0.0,0.0,0.0,0.0,0.0,0.0,0.0,0.0,0.0,0.0,0.0,0.0,0.0,0.0,0.0,0.0,0.0,0.0,0.0,12.0,15.0,13.0,20.0,21.0,32.0,14.0,9.0,0.0,0.0,0.0,1.0,0.0,0.0,137.0,5990.0
BROWN RICE SPAGHETTI ( AMERICAN ) - GLUTEN FREE - ORGANIC,0.0,0.0,0.0,0.0,0.0,0.0,0.0,0.0,1.0,2.0,6.0,6.0,4.0,6.0,5.0,1.0,0.0,2.0,6.0,4.0,2.0,7.0,3.0,2.0,4.0,12.0,11.0,0.0,0.0,5.0,8.0,18.0,9.0,3.0,0.0,0.0,0.0,0.0,0.0,0.0,127.0,5982.14990234375
SHORT GRAIN BROWN RICE ( ORGANIC ) - ECO FARMED,0.0,0.0,0.0,0.0,0.0,0.0,0.0,0.0,3.0,6.0,3.0,5.0,11.0,5.0,5.0,0.0,0.0,7.0,5.0,5.0,4.0,0.0,0.0,1.0,12.0,9.0,13.0,0.0,0.0,7.0,11.0,4.0,8.0,0.0,0.0,0.0,0.0,20.0,21.0,4.0,169.0,5960.5
COCONUT OIL ( SMALL GLASS JAR ),0.0,0.0,0.0,0.0,0.0,0.0,0.0,0.0,0.0,0.0,0.0,0.0,0.0,0.0,0.0,0.0,0.0,0.0,0.0,0.0,0.0,0.0,0.0,0.0,0.0,0.0,0.0,0.0,0.0,3.0,8.0,22.0,3.0,0.0,0.0,0.0,0.0,4.0,11.0,0.0,51.0,5813.10009765625
VEAL SHANKS (MOWAZ),0.0,0.0,0.0,10.0,0.0,2.0,1.0,3.0,1.0,4.0,5.0,0.0,3.0,4.0,4.0,8.0,1.0,0.0,0.0,1.0,3.0,0.0,1.0,1.0,0.0,3.0,0.0,0.0,0.0,0.0,0.0,0.0,0.0,0.0,0.0,0.0,0.0,0.0,0.0,0.0,55.0,5667.300048828125
CARROT  (ORGANIC),0.0,0.0,0.0,0.0,0.0,0.0,0.0,0.0,0.0,0.0,0.0,0.0,0.0,0.0,0.0,0.0,0.0,0.0,2.0,0.0,0.0,0.0,0.0,0.0,0.0,14.0,19.0,30.0,32.0,60.0,68.0,61.0,35.0,17.0,0.0,0.0,1.0,86.0,14.0,0.0,439.0,5661.0
ALL PURPOSE BAKING FLOUR (GLUTEN FREE),0.0,0.0,0.0,0.0,0.0,0.0,0.0,0.0,1.0,2.0,5.0,9.0,2.0,7.0,1.0,0.0,0.0,12.0,3.0,5.0,2.0,2.0,0.0,1.0,7.0,6.0,8.0,9.0,5.0,0.0,0.0,7.0,7.0,4.0,0.0,0.0,0.0,1.0,12.0,3.0,121.0,5637.829986572266
BASMATI BROWN RICE ( ORGANIC ),0.0,0.0,0.0,0.0,0.0,0.0,0.0,0.0,1.0,3.0,6.0,2.0,4.0,7.0,3.0,0.0,1.0,8.0,6.0,5.0,8.0,2.0,0.0,1.0,0.0,12.0,8.0,6.0,10.0,10.0,12.0,7.0,12.0,3.0,0.0,0.0,0.0,0.0,0.0,0.0,137.0,5634.2998046875
WHOLE CHICKEN (CHEMICAL FREE),0.0,0.0,0.0,0.0,0.0,0.0,0.0,0.0,0.0,0.0,0.0,0.0,0.0,0.0,0.0,0.0,0.0,0.0,0.0,0.0,0.0,0.0,0.0,0.0,0.0,0.0,0.0,0.0,0.0,0.0,41.0,7.0,62.0,3.0,0.0,0.0,0.0,2.0,0.0,0.0,115.0,5581.89990234375
STEVIA,0.0,0.0,0.0,0.0,0.0,0.0,0.0,0.0,0.0,4.0,0.0,2.0,0.0,0.0,0.0,0.0,0.0,0.0,0.0,0.0,0.0,0.0,0.0,0.0,0.0,0.0,0.0,0.0,0.0,5.0,11.0,17.0,15.0,1.0,0.0,0.0,0.0,21.0,13.0,3.0,92.0,5414.3999938964835
BANANA,0.0,0.0,0.0,20.0,10.0,14.0,18.0,20.0,5.0,14.0,18.0,25.0,17.0,30.0,32.0,16.0,14.0,21.0,15.0,26.0,20.0,13.0,9.0,15.0,7.0,12.0,0.0,0.0,0.0,0.0,0.0,0.0,0.0,0.0,0.0,0.0,0.0,0.0,0.0,0.0,391.0,5369.983276367188
MUSHROOM,0.0,0.0,0.0,0.0,0.0,0.0,0.0,0.0,1.0,16.0,19.0,35.0,16.0,19.0,16.0,13.0,10.0,15.0,12.0,10.0,9.0,16.0,11.0,14.0,11.0,13.0,23.0,14.0,21.0,37.0,17.0,0.0,0.0,0.0,0.0,0.0,2.0,28.0,7.0,9.0,414.0,5224.93017578125
PUMPKIN SEEDS,0.0,3.0,0.0,4.0,1.0,2.0,8.0,14.0,2.0,9.0,17.0,0.0,0.0,0.0,4.0,1.0,0.0,1.0,0.0,0.0,0.0,0.0,0.0,0.0,5.0,3.0,19.0,10.0,22.0,22.0,30.0,26.0,40.0,1.0,0.0,0.0,0.0,12.0,0.0,0.0,256.0,5075.879804611206
CUCUMBER (CHEMICAL FREE),0.0,0.0,0.0,1.0,0.0,0.0,3.0,0.0,0.0,0.0,0.0,0.0,0.0,0.0,0.0,0.0,0.0,0.0,0.0,0.0,0.0,0.0,0.0,17.0,28.0,39.0,33.0,23.0,47.0,77.0,83.0,64.0,55.0,24.0,0.0,0.0,12.0,84.0,46.0,16.0,652.0,5024.299903869629
TOMATO (CHEMICAL FREE),0.0,0.0,0.0,1.0,0.0,0.0,1.0,0.0,0.0,0.0,0.0,0.0,0.0,0.0,0.0,0.0,0.0,0.0,0.0,0.0,0.0,0.0,0.0,15.0,19.0,38.0,29.0,28.0,47.0,103.0,101.0,106.0,69.0,25.0,0.0,0.0,4.0,196.0,33.0,16.0,831.0,4971.4300479888925
DUCK (CHEMICAL FREE),0.0,0.0,0.0,0.0,0.0,0.0,0.0,0.0,0.0,0.0,0.0,0.0,0.0,0.0,0.0,0.0,0.0,0.0,0.0,0.0,0.0,0.0,0.0,0.0,0.0,0.0,0.0,0.0,0.0,0.0,0.0,3.0,8.0,2.0,0.0,0.0,0.0,13.0,14.0,6.0,46.0,4951.81005859375
OATS WITH SPIRULINA AND BARLEY GRASS (ORGANIC) ? SUPER FOOD,0.0,0.0,0.0,0.0,0.0,0.0,0.0,0.0,0.0,0.0,0.0,0.0,0.0,0.0,0.0,0.0,0.0,0.0,0.0,0.0,0.0,0.0,0.0,0.0,0.0,0.0,0.0,0.0,0.0,0.0,0.0,0.0,0.0,0.0,0.0,0.0,0.0,57.0,105.0,33.0,195.0,4827.2392578125
BROWN RICE ROTINI ( AMERICAN ) - GLUTEN FREE - ORGANIC,0.0,0.0,0.0,0.0,0.0,0.0,0.0,0.0,0.0,7.0,3.0,7.0,6.0,3.0,1.0,1.0,0.0,12.0,2.0,4.0,2.0,7.0,4.0,0.0,5.0,4.0,7.0,6.0,7.0,4.0,4.0,6.0,0.0,0.0,0.0,0.0,0.0,0.0,0.0,0.0,102.0,4764.7998046875
ZUCCHINI (CHEMICAL FREE),0.0,0.0,0.0,0.0,0.0,0.0,0.0,0.0,0.0,0.0,0.0,0.0,0.0,0.0,0.0,0.0,0.0,0.0,0.0,0.0,0.0,0.0,0.0,2.0,20.0,28.0,26.0,32.0,28.0,49.0,58.0,51.0,35.0,27.0,0.0,0.0,5.0,107.0,46.0,19.0,533.0,4666.880012512207
SIXTH OF OCTOBER,0.0,0.0,0.0,0.0,0.0,0.0,0.0,0.0,0.0,5.0,9.0,6.0,4.0,0.0,3.0,3.0,0.0,7.0,5.0,15.0,2.0,6.0,1.0,2.0,3.0,1.0,8.0,10.0,6.0,3.0,2.0,6.0,5.0,0.0,0.0,0.0,0.0,19.0,15.0,11.0,157.0,4655.0
SALMON STEAK ( FROZEN ),0.0,0.0,0.0,0.0,0.0,0.0,0.0,0.0,0.0,0.0,0.0,0.0,0.0,0.0,0.0,0.0,0.0,0.0,0.0,0.0,0.0,0.0,0.0,0.0,0.0,3.0,23.0,10.0,12.0,28.0,1.0,0.0,0.0,0.0,0.0,0.0,0.0,0.0,0.0,0.0,77.0,4652.7998046875
SWEET PINEAPPLES,0.0,0.0,0.0,0.0,0.0,0.0,0.0,0.0,0.0,0.0,0.0,0.0,0.0,0.0,0.0,0.0,0.0,0.0,0.0,0.0,0.0,0.0,0.0,0.0,0.0,11.0,9.0,7.0,9.0,25.0,11.0,10.0,10.0,3.0,0.0,0.0,4.0,24.0,3.0,0.0,126.0,4601.0
OATS WITH MACA AND COCOA (ORGANIC) ? SUPER FOOD,0.0,0.0,0.0,0.0,0.0,0.0,0.0,0.0,0.0,0.0,0.0,0.0,0.0,0.0,0.0,0.0,0.0,0.0,0.0,0.0,0.0,0.0,0.0,0.0,0.0,0.0,0.0,0.0,0.0,0.0,0.0,0.0,0.0,0.0,0.0,0.0,0.0,57.0,86.0,52.0,195.0,4587.8076171875
UNSWEETENED SOY MILK ( ORGANIC ),0.0,0.0,0.0,0.0,0.0,0.0,0.0,0.0,1.0,10.0,7.0,16.0,13.0,13.0,0.0,2.0,1.0,5.0,1.0,1.0,2.0,2.0,0.0,5.0,4.0,0.0,5.0,6.0,3.0,10.0,10.0,16.0,7.0,0.0,0.0,0.0,0.0,0.0,0.0,0.0,140.0,4494.10009765625
BERRY MIX ( FROZEN ),0.0,0.0,0.0,0.0,0.0,0.0,0.0,0.0,0.0,0.0,0.0,0.0,0.0,0.0,0.0,0.0,0.0,0.0,0.0,0.0,0.0,0.0,0.0,4.0,1.0,2.0,6.0,1.0,11.0,16.0,15.0,20.0,0.0,0.0,0.0,0.0,0.0,0.0,5.0,5.0,86.0,4485.0
VEAL LIVER,0.0,0.0,0.0,3.0,1.0,1.0,4.0,3.0,1.0,3.0,3.0,1.0,0.0,0.0,3.0,0.0,4.0,4.0,4.0,0.0,1.0,2.0,0.0,3.0,0.0,2.0,0.0,0.0,0.0,0.0,0.0,0.0,0.0,0.0,0.0,0.0,0.0,0.0,0.0,0.0,43.0,4410.0299377441415
CAMEL MILK (FROZEN),0.0,0.0,0.0,0.0,0.0,0.0,0.0,0.0,0.0,0.0,0.0,0.0,0.0,0.0,0.0,0.0,0.0,0.0,0.0,0.0,0.0,0.0,0.0,0.0,0.0,0.0,17.0,17.0,25.0,30.0,8.0,11.0,9.0,2.0,0.0,0.0,3.0,101.0,70.0,30.0,323.0,4407.5
VEAL RIBS (BEIT KALAWY),0.0,0.0,0.0,11.0,2.0,0.0,3.0,1.0,0.0,6.0,0.0,3.0,3.0,0.0,1.0,8.0,1.0,1.0,4.0,0.0,1.0,2.0,0.0,0.0,5.0,2.0,0.0,0.0,0.0,0.0,0.0,0.0,0.0,0.0,0.0,0.0,0.0,0.0,0.0,0.0,54.0,4406.39990234375
ALMOND BUTTER (HOME-MADE),0.0,0.0,0.0,0.0,0.0,0.0,0.0,0.0,0.0,0.0,0.0,0.0,0.0,0.0,0.0,0.0,0.0,0.0,0.0,0.0,0.0,0.0,0.0,0.0,0.0,0.0,1.0,6.0,9.0,30.0,18.0,9.0,0.0,0.0,0.0,0.0,0.0,0.0,0.0,0.0,73.0,4380.0
RED PLUMS,0.0,0.0,0.0,2.0,0.0,0.0,0.0,0.0,0.0,2.0,3.0,10.0,10.0,8.0,26.0,5.0,11.0,12.0,6.0,7.0,0.0,3.0,2.0,3.0,0.0,6.0,5.0,8.0,8.0,6.0,12.0,6.0,8.0,5.0,0.0,0.0,3.0,16.0,7.0,7.0,207.0,4333.780029296875
MIXED NUTS (TRAIL MIX),0.0,0.0,0.0,0.0,0.0,0.0,0.0,0.0,0.0,0.0,0.0,0.0,0.0,0.0,0.0,0.0,0.0,0.0,0.0,0.0,0.0,0.0,0.0,0.0,0.0,0.0,0.0,0.0,0.0,0.0,0.0,0.0,0.0,0.0,0.0,0.0,1.0,86.5,1.0,0.0,88.5,4309.0048828125
KIWI,0.0,0.0,0.0,0.0,9.0,17.0,5.0,44.0,12.0,35.0,39.0,117.0,87.0,99.0,90.0,35.0,49.0,74.0,45.0,36.0,29.0,63.0,51.0,19.0,37.0,75.0,47.0,27.0,54.0,68.0,50.0,83.0,48.0,35.0,0.0,0.0,12.0,74.0,57.0,12.0,1634.0,4268.130065917969
POTATOES (CHEMICAL FREE),0.0,0.0,0.0,0.0,0.0,0.0,0.0,0.0,0.0,0.0,0.0,0.0,0.0,0.0,0.0,0.0,0.0,0.0,0.0,0.0,0.0,0.0,0.0,1.0,7.0,10.0,27.0,14.0,27.0,38.0,37.0,75.0,69.0,15.0,0.0,0.0,3.0,46.0,43.0,20.0,432.0,4256.410015106201
ORGANIC QUINOA,0.0,0.0,0.0,4.0,7.0,19.0,18.0,37.0,0.0,0.0,0.0,0.0,0.0,0.0,0.0,0.0,0.0,0.0,0.0,0.0,0.0,0.0,0.0,0.0,0.0,0.0,0.0,0.0,0.0,0.0,0.0,0.0,0.0,0.0,0.0,0.0,0.0,0.0,0.0,0.0,85.0,4222.7998046875
LOW FAT RICE MILK,0.0,0.0,0.0,0.0,0.0,0.0,0.0,0.0,1.0,4.0,2.0,10.0,18.0,34.0,27.0,2.0,0.0,12.0,4.0,14.0,2.0,0.0,0.0,0.0,0.0,0.0,0.0,0.0,0.0,0.0,0.0,0.0,0.0,0.0,0.0,0.0,0.0,0.0,0.0,0.0,130.0,4201.39990234375
RAW PISTACHIO,0.0,0.0,0.0,0.0,1.0,2.0,1.0,2.0,0.0,1.0,1.0,1.0,2.0,4.0,4.0,7.0,1.0,1.0,4.0,6.0,5.0,3.0,3.0,5.0,5.0,3.0,2.0,1.0,1.0,4.0,1.0,0.0,1.0,0.0,0.0,0.0,0.0,0.0,0.0,0.0,72.0,4025.839965820313
HAMBURGER,0.0,0.0,0.0,13.0,0.0,5.0,2.0,2.0,1.0,8.0,0.0,3.0,1.0,3.0,0.0,2.0,0.0,1.0,0.0,3.0,3.0,3.0,2.0,2.0,1.0,2.0,0.0,0.0,0.0,0.0,0.0,0.0,0.0,0.0,0.0,0.0,0.0,0.0,0.0,0.0,57.0,3871.400024414063
CITRUS FLOWER HONEY,0.0,0.0,0.0,5.0,0.0,1.0,6.0,8.0,8.0,8.0,6.0,14.0,5.0,8.0,7.0,1.0,4.0,3.0,1.0,9.0,5.0,1.0,0.0,0.0,0.0,0.0,0.0,0.0,0.0,0.0,0.0,0.0,0.0,0.0,0.0,0.0,0.0,0.0,0.0,0.0,100.0,3850.0
VEAL ESCALOPE (CHEMICAL FREE) FROZEN,0.0,0.0,0.0,0.0,0.0,0.0,0.0,0.0,0.0,0.0,0.0,0.0,0.0,0.0,0.0,0.0,0.0,0.0,0.0,0.0,0.0,0.0,0.0,0.0,0.0,0.0,0.0,0.0,0.0,0.0,0.0,0.0,0.0,1.0,0.0,0.0,0.0,21.0,19.0,2.0,43.0,3821.60009765625
FLAX OIL,0.0,0.0,0.0,0.0,0.0,0.0,0.0,0.0,0.0,0.0,0.0,0.0,0.0,0.0,0.0,0.0,0.0,0.0,0.0,0.0,0.0,0.0,0.0,0.0,2.0,4.0,4.0,1.0,0.0,3.0,4.0,3.0,6.0,1.0,0.0,0.0,0.0,22.0,5.0,1.0,56.0,3813.900024414063
BABY SPINACH,0.0,0.0,0.0,0.0,0.0,0.0,0.0,0.0,0.0,0.0,0.0,0.0,0.0,0.0,0.0,0.0,0.0,0.0,0.0,0.0,0.0,0.0,0.0,0.0,16.0,58.0,57.0,88.0,35.0,83.0,68.0,65.0,58.0,8.0,0.0,0.0,0.0,0.0,0.0,0.0,536.0,3802.300048828125
COLORED BELL PEPPER (CHEMICAL FREE),0.0,0.0,0.0,0.0,0.0,0.0,0.0,0.0,0.0,0.0,0.0,0.0,0.0,0.0,0.0,0.0,0.0,0.0,0.0,0.0,0.0,0.0,0.0,2.0,11.0,12.0,14.0,5.0,16.0,23.0,20.0,36.0,20.0,5.0,0.0,0.0,0.0,26.0,15.0,10.0,215.0,3691.0999755859375
SEA SALT ( POTUGESE ) - FINE GRIND,0.0,0.0,0.0,0.0,0.0,0.0,0.0,0.0,0.0,4.0,7.0,3.0,6.0,6.0,5.0,3.0,1.0,7.0,5.0,0.0,0.0,0.0,0.0,2.0,6.0,3.0,1.0,4.0,5.0,13.0,21.0,15.0,14.0,3.0,0.0,0.0,0.0,0.0,0.0,0.0,134.0,3675.875
WILD RICE ( ORGANIC ),0.0,0.0,0.0,0.0,0.0,0.0,0.0,0.0,1.0,0.0,0.0,0.0,0.0,0.0,0.0,0.0,0.0,3.0,3.0,2.0,0.0,3.0,1.0,0.0,0.0,10.0,3.0,11.0,0.0,0.0,3.0,3.0,0.0,0.0,0.0,0.0,0.0,0.0,0.0,0.0,43.0,3607.5
BEEF STEAK,0.0,0.0,0.0,0.0,0.0,0.0,0.0,0.0,0.0,1.0,6.0,4.0,3.0,6.0,3.0,6.0,2.0,9.0,0.0,1.0,0.0,1.0,0.0,1.0,0.0,4.0,0.0,0.0,0.0,0.0,0.0,0.0,0.0,0.0,0.0,0.0,0.0,0.0,0.0,0.0,47.0,3593.14990234375
GREEN ASPARAGUS,0.0,0.0,0.0,12.0,6.0,4.0,8.0,9.0,0.0,0.0,0.0,13.0,7.0,0.0,0.0,0.0,0.0,7.0,18.0,17.0,1.0,0.0,0.0,0.0,11.0,14.0,0.0,6.0,0.0,6.0,0.0,3.0,0.0,0.0,0.0,0.0,0.0,0.0,0.0,0.0,142.0,3575.75
BEEF TOP SIDE ROAST,0.0,0.0,0.0,0.0,0.0,0.0,0.0,0.0,0.0,2.0,1.0,3.0,0.0,3.0,3.0,0.0,0.0,0.0,1.0,0.0,1.0,2.0,1.0,1.0,3.0,1.0,0.0,0.0,0.0,0.0,0.0,0.0,0.0,0.0,0.0,0.0,0.0,0.0,0.0,0.0,22.0,3552.780029296875
COCONUT FLOUR,0.0,0.0,0.0,0.0,0.0,0.0,0.0,0.0,0.0,0.0,0.0,0.0,0.0,0.0,0.0,0.0,0.0,0.0,0.0,0.0,0.0,0.0,0.0,0.0,0.0,0.0,0.0,0.0,0.0,4.0,8.0,2.0,4.0,0.0,0.0,0.0,0.0,10.0,11.0,3.0,42.0,3502.0
GOLDEN FLAXSEED MEAL,0.0,0.0,0.0,2.0,2.0,1.0,7.0,9.0,1.0,7.0,2.0,1.0,2.0,7.0,0.0,2.0,0.0,10.0,9.0,3.0,2.0,4.0,4.0,2.0,0.0,0.0,0.0,0.0,0.0,0.0,0.0,0.0,0.0,0.0,0.0,0.0,0.0,0.0,0.0,0.0,77.0,3491.9901123046875
MELON,0.0,0.0,0.0,0.0,0.0,0.0,0.0,0.0,2.0,4.0,9.0,18.0,12.0,26.0,17.0,2.0,3.0,11.0,6.0,7.0,5.0,8.0,5.0,9.0,10.0,8.0,10.0,3.0,12.0,21.0,17.0,19.0,9.0,3.0,0.0,0.0,1.0,18.0,4.0,4.0,283.0,3424.010009765625
HOMEMADE BREAD MIX ( GLUTEN FREE ),0.0,0.0,0.0,0.0,0.0,0.0,0.0,0.0,1.0,2.0,0.0,4.0,7.0,2.0,7.0,3.0,0.0,1.0,6.0,1.0,2.0,5.0,3.0,0.0,2.0,6.0,0.0,2.0,2.0,0.0,2.0,1.0,2.0,0.0,0.0,0.0,0.0,0.0,0.0,0.0,61.0,3401.64990234375
RAW HONEY,0.0,0.0,0.0,0.0,0.0,0.0,0.0,0.0,0.0,0.0,0.0,0.0,0.0,0.0,0.0,0.0,0.0,0.0,0.0,0.0,0.0,0.0,4.0,2.0,0.0,0.0,0.0,0.0,0.0,3.0,27.0,26.0,23.0,0.0,0.0,0.0,0.0,0.0,0.0,0.0,85.0,3276.89990234375
BLACKBERRIES,0.0,0.0,0.0,0.0,0.0,0.0,0.0,0.0,0.0,0.0,0.0,0.0,0.0,0.0,0.0,0.0,0.0,0.0,0.0,10.0,6.0,0.0,0.0,5.0,0.0,0.0,30.0,10.0,0.0,0.0,0.0,0.0,0.0,0.0,0.0,0.0,0.0,0.0,0.0,0.0,61.0,3252.0
BANANAS (IMPORTED),0.0,0.0,0.0,0.0,0.0,0.0,0.0,0.0,0.0,0.0,0.0,0.0,0.0,0.0,0.0,0.0,0.0,0.0,0.0,0.0,0.0,0.0,0.0,0.0,0.0,9.0,17.0,8.0,22.0,34.0,25.0,12.0,0.0,0.0,0.0,0.0,0.0,30.0,14.0,7.0,178.0,3243.0
SMOKED SALMON (FROZEN),0.0,0.0,0.0,0.0,0.0,0.0,0.0,0.0,0.0,0.0,0.0,0.0,0.0,0.0,0.0,0.0,0.0,0.0,0.0,0.0,0.0,0.0,0.0,0.0,0.0,0.0,3.0,5.0,1.0,8.0,4.0,10.0,4.0,1.0,0.0,0.0,0.0,8.0,3.0,3.0,50.0,3241.6499633789062
AMERICAN RED APPLE,0.0,0.0,0.0,5.0,1.0,6.0,3.0,5.0,3.0,3.0,6.0,2.0,3.0,1.0,10.0,6.0,1.0,5.0,4.0,2.0,7.0,7.0,4.0,13.0,13.0,8.0,0.0,0.0,0.0,0.0,0.0,0.0,0.0,0.0,0.0,0.0,0.0,0.0,0.0,0.0,118.0,3223.8699951171875
ORGANIC RED QUINOA,0.0,0.0,0.0,0.0,0.0,0.0,0.0,0.0,0.0,6.0,3.0,1.0,1.0,0.0,0.0,0.0,0.0,0.0,6.0,5.0,1.0,12.0,0.0,0.0,0.0,0.0,0.0,0.0,0.0,0.0,0.0,0.0,0.0,0.0,0.0,0.0,0.0,0.0,0.0,0.0,35.0,3210.300048828125
APPLES (SUKARY),0.0,0.0,0.0,0.0,0.0,0.0,0.0,0.0,0.0,7.0,8.0,16.0,22.0,19.0,13.0,1.0,3.0,15.0,4.0,5.0,3.0,4.0,4.0,3.0,1.0,1.0,0.0,0.0,0.0,0.0,0.0,0.0,0.0,0.0,0.0,0.0,0.0,0.0,0.0,0.0,129.0,3194.56005859375
RAW MILLED LINSEEDS (FLAX SEED MEAL ) - ORGANIC,0.0,0.0,0.0,0.0,0.0,0.0,0.0,0.0,0.0,0.0,0.0,0.0,0.0,0.0,0.0,0.0,0.0,0.0,0.0,0.0,0.0,0.0,0.0,0.0,1.0,7.0,7.0,1.0,4.0,7.0,12.0,3.0,0.0,0.0,0.0,0.0,1.0,36.0,2.0,3.0,84.0,3193.3299560546875
OLD COUNTRY STYLE MUESLI,0.0,0.0,0.0,2.0,1.0,0.0,5.0,6.0,1.0,4.0,6.0,6.0,1.0,3.0,4.0,0.0,0.0,5.0,1.0,1.0,1.0,0.0,8.0,1.0,0.0,0.0,0.0,2.0,3.0,2.0,1.0,0.0,0.0,0.0,0.0,0.0,0.0,0.0,0.0,0.0,64.0,3192.4000244140625
BLUEBERRIES,0.0,0.0,0.0,0.0,0.0,0.0,0.0,0.0,0.0,0.0,0.0,0.0,0.0,0.0,0.0,0.0,0.0,0.0,0.0,12.0,8.0,0.0,0.0,3.0,0.0,0.0,28.0,11.0,0.0,0.0,0.0,0.0,0.0,0.0,0.0,0.0,0.0,0.0,0.0,0.0,62.0,3178.0
GLUTEN FREE ROLLED OATS,0.0,0.0,0.0,0.0,0.0,0.0,0.0,0.0,2.0,9.0,4.0,5.0,0.0,0.0,0.0,0.0,0.0,4.0,3.0,5.0,2.0,8.0,1.0,0.0,0.0,0.0,0.0,0.0,0.0,0.0,0.0,0.0,0.0,0.0,0.0,0.0,0.0,0.0,0.0,0.0,43.0,3158.5
MIXED NUTS,0.0,0.0,0.0,0.0,0.0,0.0,0.0,0.0,0.0,0.0,0.0,0.0,0.0,0.0,0.0,0.0,0.0,0.0,0.0,0.0,0.0,1.0,2.0,0.0,1.0,0.0,2.0,0.0,0.0,0.0,5.0,5.0,3.0,0.0,0.0,0.0,0.0,22.0,15.0,1.0,57.0,3106.5
RED GRAPES - SEEDLESS(CHEMICAL FREE),0.0,0.0,0.0,0.0,0.0,0.0,0.0,0.0,0.0,0.0,0.0,0.0,0.0,0.0,0.0,0.0,0.0,0.0,0.0,0.0,0.0,0.0,0.0,0.0,0.0,0.0,0.0,9.0,34.0,34.0,24.0,0.0,0.0,0.0,0.0,0.0,0.0,0.0,27.0,16.0,144.0,3090.1500244140625
MEDJOUL DATES,0.0,0.0,0.0,0.0,0.0,0.0,0.0,0.0,0.0,0.0,0.0,0.0,0.0,0.0,0.0,0.0,0.0,0.0,0.0,0.0,0.0,1.0,1.0,0.0,1.0,1.0,2.0,3.0,2.0,0.0,0.0,10.0,10.0,3.0,0.0,0.0,0.0,47.0,5.0,0.0,86.0,3085.199951171875
ORGANIC COCONUT OIL,0.0,0.0,0.0,0.0,0.0,0.0,0.0,0.0,0.0,0.0,0.0,0.0,0.0,0.0,0.0,0.0,0.0,0.0,0.0,0.0,0.0,0.0,0.0,0.0,0.0,0.0,0.0,0.0,0.0,0.0,0.0,0.0,17.0,4.0,0.0,0.0,0.0,0.0,0.0,0.0,21.0,3078.39990234375
NGS HAPPY LIFE BOX,0.0,0.0,0.0,0.0,0.0,0.0,0.0,10.0,3.0,2.0,3.0,1.0,3.0,3.0,0.0,0.0,0.0,0.0,0.0,0.0,0.0,0.0,0.0,0.0,0.0,0.0,0.0,0.0,0.0,0.0,0.0,0.0,0.0,0.0,0.0,0.0,0.0,0.0,0.0,0.0,25.0,3071.47998046875
DUCK,0.0,0.0,0.0,0.0,0.0,0.0,0.0,0.0,1.0,2.0,0.0,6.0,0.0,2.0,4.0,10.0,0.0,0.0,0.0,4.0,1.0,0.0,1.0,3.0,1.0,0.0,0.0,0.0,0.0,0.0,0.0,0.0,0.0,0.0,0.0,0.0,0.0,0.0,0.0,0.0,35.0,3024.0
DRIED GOJI BERRIES,0.0,0.0,0.0,2.0,2.0,2.0,3.0,2.0,0.0,4.0,6.0,5.0,2.0,0.0,0.0,0.0,0.0,0.0,0.0,0.0,0.0,0.0,0.0,1.0,4.0,1.0,0.0,0.0,0.0,1.0,2.0,2.0,8.0,1.0,0.0,0.0,0.0,2.0,0.0,0.0,50.0,3006.75
MANUKA HONEY,0.0,0.0,0.0,0.0,0.0,0.0,0.0,0.0,0.0,0.0,0.0,0.0,0.0,0.0,0.0,0.0,0.0,0.0,0.0,0.0,0.0,0.0,0.0,0.0,0.0,0.0,0.0,0.0,0.0,0.0,0.0,0.0,0.0,0.0,0.0,0.0,2.0,13.0,0.0,0.0,15.0,3000.0
NGS MINI HAPPY LIFE BOX,0.0,0.0,0.0,0.0,0.0,0.0,0.0,0.0,0.0,5.0,10.0,11.0,5.0,7.0,5.0,0.0,0.0,0.0,0.0,0.0,0.0,0.0,0.0,0.0,0.0,0.0,0.0,0.0,0.0,0.0,0.0,0.0,0.0,0.0,0.0,0.0,0.0,0.0,0.0,0.0,43.0,2969.580078125
RASPBERRIES ( FROZEN ),0.0,0.0,0.0,0.0,0.0,0.0,0.0,0.0,0.0,0.0,0.0,0.0,0.0,0.0,0.0,0.0,0.0,0.0,0.0,0.0,0.0,0.0,0.0,1.0,1.0,0.0,4.0,3.0,2.0,6.0,4.0,6.0,8.0,2.0,0.0,0.0,0.0,0.0,5.0,5.0,47.0,2960.389892578125
RED APPLES (AMERICAN),0.0,0.0,0.0,0.0,0.0,0.0,0.0,0.0,0.0,0.0,0.0,0.0,0.0,0.0,0.0,0.0,0.0,0.0,0.0,0.0,0.0,0.0,0.0,0.0,0.0,14.0,8.0,3.0,5.0,8.0,13.0,6.0,2.0,1.0,0.0,0.0,0.0,38.0,4.0,1.0,103.0,2959.0
LOLLA ROSSA,0.0,0.0,0.0,3.0,5.0,6.0,9.0,4.0,2.0,19.0,11.0,32.0,22.0,19.0,13.0,17.0,5.0,14.0,7.0,10.0,4.0,4.0,9.0,3.0,3.0,25.0,20.0,23.0,11.0,18.0,17.0,23.0,15.0,4.0,0.0,0.0,0.0,0.0,0.0,0.0,377.0,2942.370086669922
COOKING OAT ( GLUTEN FREE ),0.0,0.0,0.0,0.0,0.0,0.0,0.0,0.0,0.0,0.0,0.0,0.0,0.0,0.0,0.0,0.0,0.0,0.0,0.0,0.0,0.0,0.0,0.0,0.0,0.0,0.0,4.0,25.0,0.0,2.0,2.0,3.0,2.0,0.0,0.0,0.0,0.0,0.0,0.0,0.0,38.0,2890.0
BROWN SUGAR,0.0,0.0,0.0,0.0,0.0,0.0,0.0,0.0,1.0,9.0,5.0,3.0,1.0,7.0,3.0,1.0,4.0,5.0,6.0,4.0,5.0,5.0,5.0,1.0,0.0,4.0,5.0,1.0,3.0,2.0,19.0,17.0,12.0,3.0,0.0,0.0,0.0,20.0,15.0,5.0,171.0,2860.020118713379
ORANGES,0.0,0.0,0.0,0.0,0.0,0.0,0.0,0.0,2.0,7.0,3.0,13.0,12.0,11.0,18.0,4.0,6.0,12.0,8.0,11.0,7.0,5.0,10.0,25.0,20.0,24.0,7.0,1.0,6.0,10.0,11.0,10.0,15.0,5.0,0.0,0.0,0.0,7.0,0.0,0.0,270.0,2811.47998046875
GREEN APPLES (FRENCH) - IMPORTED,0.0,0.0,0.0,0.0,0.0,0.0,0.0,0.0,0.0,0.0,0.0,0.0,0.0,0.0,0.0,0.0,0.0,0.0,0.0,0.0,0.0,0.0,0.0,0.0,0.0,3.0,9.0,6.0,10.0,16.0,13.0,6.0,6.0,2.0,0.0,0.0,0.0,26.0,5.0,1.0,103.0,2789.4248046875
SPIRULINA POWDER (ORGANIC),0.0,0.0,0.0,0.0,0.0,0.0,0.0,0.0,0.0,0.0,0.0,0.0,0.0,0.0,0.0,0.0,0.0,0.0,0.0,0.0,0.0,0.0,0.0,0.0,0.0,0.0,0.0,0.0,0.0,0.0,0.0,0.0,0.0,0.0,0.0,0.0,1.0,14.0,7.0,1.0,23.0,2767.993896484375
RASPBERRIES,0.0,0.0,0.0,0.0,0.0,0.0,0.0,0.0,0.0,0.0,0.0,0.0,0.0,0.0,0.0,0.0,0.0,0.0,0.0,12.0,8.0,0.0,0.0,4.0,2.0,0.0,15.0,12.0,0.0,0.0,0.0,0.0,0.0,0.0,0.0,0.0,0.0,0.0,0.0,0.0,53.0,2758.0
BABY SPINACH (CHEMICAL FREE),0.0,0.0,0.0,0.0,0.0,0.0,0.0,0.0,0.0,0.0,0.0,0.0,0.0,0.0,0.0,0.0,0.0,0.0,0.0,0.0,0.0,0.0,0.0,0.0,0.0,0.0,0.0,0.0,0.0,0.0,9.0,27.0,17.0,6.0,0.0,0.0,4.0,150.0,45.0,45.0,303.0,2713.7500247955318
BALADY RAW HONEY,0.0,0.0,0.0,0.0,0.0,0.0,0.0,0.0,0.0,0.0,0.0,0.0,0.0,0.0,0.0,0.0,0.0,0.0,0.0,0.0,0.0,0.0,0.0,0.0,0.0,16.0,17.0,16.0,44.0,16.0,0.0,0.0,3.0,2.0,0.0,0.0,0.0,0.0,0.0,0.0,114.0,2708.0
TURKEY (FEMALE),0.0,0.0,0.0,0.0,0.0,0.0,0.0,0.0,0.0,2.0,0.0,2.0,2.0,0.0,0.0,4.0,0.0,3.0,7.0,2.0,0.0,2.0,0.0,0.0,1.0,0.0,0.0,0.0,0.0,0.0,0.0,0.0,0.0,0.0,0.0,0.0,0.0,0.0,0.0,0.0,25.0,2700.0
BLUEBERRIES ( FROZEN ),0.0,0.0,0.0,0.0,0.0,0.0,0.0,0.0,0.0,0.0,0.0,0.0,0.0,0.0,0.0,0.0,0.0,0.0,0.0,0.0,0.0,0.0,0.0,0.0,0.0,0.0,2.0,0.0,7.0,5.0,0.0,2.0,4.0,4.0,0.0,0.0,0.0,0.0,4.0,5.0,33.0,2696.5
CHERRY TOMATOES (CHEMICAL FREE),0.0,0.0,0.0,0.0,0.0,0.0,0.0,0.0,0.0,0.0,0.0,0.0,0.0,0.0,0.0,0.0,0.0,0.0,0.0,0.0,0.0,0.0,0.0,2.0,20.0,27.0,52.0,10.0,37.0,17.0,15.0,0.0,8.0,0.0,0.0,0.0,2.0,26.0,20.0,14.0,250.0,2648.699951171875
KOFTA,0.0,0.0,0.0,6.0,1.0,0.0,0.0,5.0,1.0,1.0,1.0,1.0,2.0,0.0,1.0,0.0,1.0,4.0,2.0,1.0,7.0,0.0,0.0,1.0,0.0,2.0,0.0,0.0,0.0,0.0,0.0,0.0,0.0,0.0,0.0,0.0,0.0,0.0,0.0,0.0,37.0,2641.799987792969
CHICORY WHITE ENDIVE,0.0,0.0,0.0,7.0,5.0,8.0,17.0,26.0,0.0,0.0,0.0,0.0,0.0,0.0,0.0,0.0,0.0,0.0,0.0,0.0,0.0,0.0,0.0,0.0,0.0,0.0,0.0,0.0,0.0,0.0,0.0,0.0,0.0,0.0,0.0,0.0,0.0,0.0,0.0,0.0,63.0,2595.60009765625
AMERICAN GREEN APPLE,0.0,0.0,0.0,2.0,3.0,7.0,7.0,13.0,0.0,7.0,2.0,5.0,15.0,14.0,14.0,3.0,1.0,6.0,0.0,0.0,0.0,0.0,0.0,0.0,0.0,2.0,0.0,0.0,0.0,0.0,0.0,0.0,0.0,0.0,0.0,0.0,0.0,0.0,0.0,0.0,101.0,2537.8599548339844
FLAX SEEDS ( EGYPTIAN ),0.0,0.0,0.0,0.0,0.0,0.0,0.0,0.0,0.0,6.0,2.0,6.0,4.0,6.0,5.0,4.0,0.0,4.0,2.0,4.0,0.0,7.0,2.0,8.0,3.0,3.0,6.0,8.0,15.0,8.0,5.0,21.0,12.0,2.0,0.0,0.0,0.0,0.0,0.0,0.0,143.0,2514.5
PROBIOTICS,0.0,0.0,0.0,0.0,0.0,0.0,0.0,0.0,0.0,0.0,0.0,0.0,1.0,0.0,1.0,0.0,0.0,0.0,3.0,0.0,0.0,0.0,0.0,0.0,0.0,0.0,0.0,0.0,0.0,0.0,0.0,0.0,0.0,0.0,0.0,0.0,0.0,0.0,0.0,0.0,5.0,2500.0
WHOLE BEEF FILLET + MICE (WHOLE SALE),0.0,27.94499969482422,0.0,0.0,0.0,0.0,0.0,0.0,0.0,0.0,0.0,0.0,0.0,0.0,0.0,0.0,0.0,0.0,0.0,0.0,0.0,0.0,0.0,0.0,0.0,0.0,0.0,0.0,0.0,0.0,0.0,0.0,0.0,0.0,0.0,0.0,0.0,0.0,0.0,0.0,27.94499969482422,2487.10498046875
PREMIUM NORWEGIAN SALMON STEAK,0.0,0.0,0.0,11.0,13.0,20.0,21.0,0.0,5.0,14.0,8.0,7.0,0.0,0.0,0.0,0.0,0.0,0.0,0.0,0.0,0.0,0.0,0.0,0.0,0.0,0.0,0.0,0.0,0.0,0.0,0.0,0.0,0.0,0.0,0.0,0.0,0.0,0.0,0.0,0.0,99.0,2468.0699462890625
RED QUINOA,0.0,0.0,0.0,0.0,0.0,0.0,0.0,0.0,0.0,0.0,0.0,0.0,0.0,0.0,0.0,0.0,0.0,0.0,0.0,0.0,0.0,0.0,0.0,0.0,0.0,0.0,0.0,0.0,0.0,7.0,9.0,6.0,2.0,0.0,0.0,0.0,0.0,0.0,0.0,0.0,24.0,2434.0
LIME(CHEMICAL FREE),0.0,0.0,0.0,0.0,0.0,0.0,0.0,0.0,0.0,0.0,0.0,0.0,0.0,0.0,0.0,0.0,0.0,0.0,0.0,0.0,0.0,0.0,0.0,0.0,12.0,28.0,28.0,10.0,23.0,27.0,30.0,26.0,9.0,2.0,0.0,0.0,0.0,25.0,8.0,0.0,228.0,2420.200012207031
CAIRO DELIVERY FEE,0.0,0.0,0.0,63.0,42.0,61.0,68.0,8.0,0.0,0.0,0.0,0.0,0.0,0.0,0.0,0.0,0.0,0.0,0.0,0.0,0.0,0.0,0.0,0.0,0.0,0.0,0.0,0.0,0.0,0.0,0.0,0.0,0.0,0.0,0.0,0.0,0.0,0.0,0.0,0.0,242.0,2420.0
SOY LECITIHIN GRANULES,0.0,0.0,0.0,0.0,0.0,0.0,0.0,0.0,0.0,0.0,2.0,0.0,1.0,1.0,2.0,3.0,0.0,0.0,4.0,0.0,0.0,1.0,2.0,0.0,0.0,1.0,0.0,0.0,4.0,0.0,0.0,0.0,0.0,0.0,0.0,0.0,0.0,0.0,0.0,0.0,21.0,2400.10009765625
TOMATOES,0.0,0.0,0.0,18.0,17.0,21.0,21.0,39.0,10.0,35.0,69.0,74.0,49.0,60.0,55.0,19.0,23.0,63.0,28.0,21.0,21.0,28.0,42.0,25.0,15.0,10.0,0.0,0.0,0.0,0.0,0.0,0.0,0.0,0.0,0.0,0.0,0.0,0.0,0.0,0.0,763.0,2378.9947509765625
BEDOUIN LAMB LEG ( CHEMICAL FREE ),0.0,0.0,0.0,0.0,0.0,0.0,0.0,0.0,0.0,0.0,0.0,0.0,0.0,0.0,0.0,0.0,0.0,0.0,0.0,0.0,0.0,0.0,0.0,0.0,0.0,0.0,0.0,0.0,0.0,1.0,1.0,2.0,2.0,1.0,0.0,0.0,0.0,3.0,0.0,0.0,10.0,2375.0
BEEF LIVER,0.0,0.0,0.0,3.0,0.0,2.0,0.0,1.0,1.0,1.0,0.0,0.0,4.0,1.0,2.0,1.0,0.0,2.0,2.0,3.0,1.0,1.0,0.0,1.0,0.0,2.0,0.0,1.0,0.0,0.0,0.0,0.0,0.0,0.0,0.0,0.0,0.0,0.0,0.0,0.0,29.0,2368.7999572753906
PSYLLIUM SEEDS,1.0,0.0,0.0,2.0,3.0,1.0,1.0,4.0,0.0,4.0,1.0,2.0,5.0,9.0,3.0,3.0,0.0,4.0,2.0,3.0,1.0,1.0,0.0,3.0,2.0,2.0,1.0,4.0,2.0,2.0,0.0,3.0,2.0,0.0,0.0,0.0,0.0,3.0,2.0,0.0,76.0,2361.800048828125
COOKIES WITH WHEAT GERM,0.0,0.0,0.0,0.0,0.0,0.0,0.0,0.0,0.0,0.0,0.0,0.0,0.0,0.0,0.0,0.0,0.0,0.0,0.0,0.0,0.0,0.0,0.0,0.0,0.0,5.0,3.0,2.0,4.0,14.0,18.0,35.0,15.0,3.0,0.0,0.0,0.0,32.0,2.0,1.0,134.0,2357.299987792969
ORGANIC BROWN RICE ELBOW PASTA,0.0,0.0,0.0,0.0,0.0,0.0,0.0,0.0,1.0,5.0,1.0,7.0,2.0,6.0,4.0,0.0,0.0,4.0,1.0,2.0,5.0,0.0,2.0,3.0,2.0,5.0,1.0,0.0,0.0,1.0,0.0,0.0,0.0,0.0,0.0,0.0,0.0,0.0,0.0,0.0,52.0,2346.14990234375
COLORED BELL PEPPER,0.0,0.0,0.0,0.0,0.0,0.0,0.0,0.0,0.0,9.0,7.0,24.0,20.0,28.0,20.0,7.0,11.0,21.0,9.0,12.0,10.0,13.0,13.0,8.0,3.0,1.0,0.0,0.0,0.0,0.0,0.0,0.0,0.0,0.0,0.0,0.0,0.0,0.0,0.0,0.0,216.0,2336.320068359375
BUCKWHEAT ( HULLED ) - ORGANIC,0.0,0.0,0.0,0.0,0.0,0.0,0.0,0.0,0.0,0.0,3.0,2.0,4.0,0.0,2.0,0.0,0.0,5.0,2.0,2.0,3.0,1.0,2.0,1.0,0.0,0.0,2.0,7.0,11.0,0.0,6.0,0.0,12.0,0.0,0.0,0.0,0.0,0.0,0.0,0.0,65.0,2287.0
SPANISH EXTRA VIRGIN OLIVE OIL ( ORGANIC ),0.0,0.0,0.0,0.0,0.0,0.0,0.0,0.0,0.0,2.0,0.0,2.0,1.0,0.0,2.0,0.0,0.0,1.0,0.0,1.0,0.0,1.0,1.0,1.0,2.0,1.0,0.0,0.0,2.0,4.0,5.0,0.0,1.0,0.0,0.0,0.0,0.0,0.0,0.0,0.0,27.0,2278.199951171875
BEEF SHANKS (MOWAZ),0.0,0.0,0.0,11.0,1.0,2.0,1.0,2.0,0.0,1.0,1.0,4.0,0.0,2.0,2.0,2.0,1.0,0.0,0.0,0.0,0.0,0.0,0.0,0.0,0.0,0.0,0.0,0.0,0.0,0.0,0.0,0.0,0.0,0.0,0.0,0.0,0.0,0.0,0.0,0.0,30.0,2278.140014648437
SPANISH EXTRA VIRGIN OLIVE OIL ( ORGANIC ) 473G,0.0,0.0,0.0,0.0,0.0,0.0,0.0,0.0,0.0,0.0,0.0,0.0,0.0,0.0,0.0,0.0,0.0,0.0,0.0,0.0,0.0,0.0,0.0,0.0,0.0,0.0,0.0,0.0,0.0,0.0,0.0,0.0,0.0,0.0,0.0,0.0,0.0,15.0,12.0,1.0,28.0,2278.0
BANANAS (CHEMICAL FREE),0.0,0.0,0.0,0.0,0.0,0.0,0.0,0.0,0.0,0.0,0.0,0.0,0.0,0.0,0.0,0.0,0.0,0.0,0.0,0.0,0.0,0.0,0.0,0.0,0.0,0.0,0.0,0.0,0.0,0.0,0.0,34.0,20.0,8.0,0.0,0.0,0.0,80.0,2.0,0.0,144.0,2276.0
SPIRULINA POWDER,0.0,0.0,0.0,0.0,0.0,0.0,0.0,0.0,0.0,0.0,0.0,1.0,2.0,0.0,1.0,1.0,0.0,1.0,4.0,1.0,2.0,0.0,0.0,0.0,0.0,0.0,0.0,0.0,0.0,0.0,0.0,0.0,0.0,0.0,0.0,0.0,0.0,0.0,0.0,0.0,13.0,2212.0
CUCUMBER,0.0,0.0,0.0,18.0,11.0,16.0,13.0,27.0,8.0,31.0,52.0,66.0,58.0,78.0,50.0,14.0,16.0,43.0,25.0,22.0,31.0,18.0,21.0,19.0,12.0,15.0,0.0,0.0,0.0,0.0,0.0,0.0,0.0,0.0,0.0,0.0,0.0,0.0,0.0,0.0,664.0,2203.761694431305
TURKEY,0.0,0.0,0.0,0.0,0.0,0.0,0.0,0.0,0.0,1.0,0.0,0.0,0.0,0.0,0.0,0.0,0.0,1.0,0.0,1.0,2.0,1.0,1.0,1.0,0.0,0.0,0.0,0.0,0.0,0.0,0.0,0.0,0.0,0.0,0.0,0.0,0.0,0.0,0.0,2.0,10.0,2188.7999877929688
KALE (CHEMICAL FREE),0.0,0.0,0.0,0.0,0.0,0.0,0.0,0.0,0.0,0.0,0.0,0.0,0.0,0.0,0.0,0.0,0.0,0.0,0.0,0.0,0.0,0.0,0.0,0.0,0.0,0.0,0.0,0.0,0.0,0.0,0.0,25.0,15.0,2.0,0.0,0.0,1.0,41.0,29.0,17.0,130.0,2180.9500122070312
RED GRAPES (IMPORTED),0.0,0.0,0.0,0.0,0.0,0.0,0.0,0.0,0.0,0.0,0.0,0.0,0.0,0.0,0.0,0.0,0.0,0.0,0.0,0.0,0.0,0.0,0.0,0.0,0.0,3.0,7.0,0.0,0.0,4.0,5.0,7.0,12.0,6.0,0.0,0.0,4.0,42.0,2.0,0.0,92.0,2155.0
NUTRITIONAL YEAST (GLUTEN FREE),0.0,0.0,0.0,0.0,0.0,0.0,0.0,0.0,0.0,0.0,0.0,0.0,0.0,0.0,0.0,0.0,0.0,0.0,0.0,0.0,0.0,0.0,0.0,0.0,0.0,0.0,0.0,0.0,0.0,0.0,0.0,0.0,0.0,0.0,0.0,0.0,0.0,17.0,2.0,2.0,21.0,2142.0
MUESLI WITH SEEDS AND NUTS - MADE FROM SCOTTISH OATS ( GLUTEN FREE ),0.0,0.0,0.0,0.0,0.0,0.0,0.0,0.0,0.0,0.0,0.0,0.0,0.0,0.0,0.0,0.0,0.0,0.0,0.0,0.0,0.0,0.0,0.0,0.0,0.0,8.0,4.0,2.0,4.0,2.0,4.0,4.0,9.0,0.0,0.0,0.0,0.0,0.0,0.0,0.0,37.0,2125.199951171875
TOFU,0.0,0.0,0.0,0.0,5.0,0.0,5.0,8.0,0.0,0.0,0.0,0.0,0.0,0.0,0.0,0.0,0.0,0.0,0.0,0.0,0.0,0.0,0.0,5.0,2.0,2.0,0.0,0.0,0.0,0.0,0.0,8.0,9.0,4.0,0.0,0.0,0.0,2.0,7.0,0.0,57.0,2124.0
DRIED FRUIT MIX ( CHEMICAL FREE ),0.0,0.0,0.0,0.0,0.0,0.0,0.0,0.0,0.0,0.0,0.0,0.0,0.0,0.0,0.0,0.0,0.0,0.0,0.0,0.0,0.0,0.0,0.0,2.0,2.0,2.0,4.0,1.0,6.0,9.0,18.0,10.0,6.0,3.0,0.0,0.0,0.0,20.0,7.0,0.0,90.0,2098.7000122070312
TOAST ( GLUTEN FREE ),0.0,0.0,0.0,0.0,0.0,0.0,0.0,0.0,0.0,0.0,0.0,0.0,0.0,0.0,0.0,0.0,0.0,0.0,0.0,0.0,0.0,0.0,1.0,7.0,2.0,0.0,4.0,7.0,5.0,8.0,8.0,0.0,16.0,0.0,0.0,0.0,0.0,20.0,6.0,0.0,84.0,2075.0
DRIED APRICOTS,0.0,0.0,0.0,3.0,2.0,3.0,8.0,3.0,0.0,9.0,13.0,3.0,11.0,11.0,11.0,4.0,0.0,0.0,4.0,11.0,6.0,4.0,2.0,4.0,0.0,0.0,5.0,1.0,3.0,4.0,7.0,5.0,3.0,2.0,0.0,0.0,0.0,0.0,0.0,0.0,142.0,2067.699951171875
PANCAKE MIX ( GLUTEN FREE ),0.0,0.0,0.0,0.0,0.0,0.0,0.0,0.0,0.0,1.0,1.0,4.0,1.0,4.0,5.0,2.0,2.0,0.0,0.0,0.0,0.0,4.0,0.0,1.0,0.0,0.0,1.0,1.0,3.0,2.0,3.0,3.0,1.0,1.0,0.0,0.0,0.0,0.0,0.0,0.0,40.0,2050.0
RAW WALNUT (SHELLED) 250G,0.0,0.0,0.0,0.0,0.0,0.0,0.0,0.0,0.0,0.0,0.0,0.0,0.0,0.0,0.0,0.0,0.0,0.0,0.0,0.0,0.0,0.0,0.0,0.0,0.0,0.0,0.0,0.0,0.0,0.0,0.0,0.0,0.0,0.0,0.0,0.0,2.0,25.0,8.0,5.0,40.0,2045.550048828125
EXTRA VIRGIN SESAME OIL ( ORGANIC ),0.0,0.0,0.0,0.0,0.0,0.0,0.0,0.0,0.0,1.0,3.0,1.0,4.0,1.0,1.0,1.0,0.0,0.0,1.0,2.0,2.0,1.0,2.0,2.0,1.0,0.0,0.0,0.0,0.0,0.0,0.0,0.0,0.0,0.0,0.0,0.0,0.0,0.0,0.0,0.0,23.0,2044.800048828125
BEEF LIVER ( CHEMICAL FREE ) - FROZEN,0.0,0.0,0.0,0.0,0.0,0.0,0.0,0.0,0.0,0.0,0.0,0.0,0.0,0.0,0.0,0.0,0.0,0.0,0.0,0.0,0.0,0.0,0.0,0.0,0.0,0.0,0.0,0.0,0.0,2.0,4.0,3.0,0.0,1.0,0.0,0.0,0.0,11.0,13.0,0.0,34.0,2039.199951171875
BROCCOLI (CHEMICAL FREE),0.0,0.0,0.0,0.0,0.0,0.0,0.0,0.0,0.0,0.0,0.0,0.0,0.0,0.0,0.0,0.0,0.0,0.0,0.0,0.0,0.0,0.0,0.0,0.0,0.0,0.0,0.0,0.0,0.0,0.0,23.0,43.0,53.0,14.0,0.0,0.0,4.0,64.0,24.0,16.0,241.0,2035.7587890625
PINK GRAPE FRUIT,0.0,0.0,0.0,0.0,0.0,0.0,0.0,0.0,3.0,12.0,15.0,18.0,26.0,12.0,10.0,0.0,0.0,0.0,0.0,1.0,2.0,9.0,14.0,7.0,19.0,16.0,0.0,0.0,0.0,0.0,0.0,4.0,6.0,2.0,0.0,0.0,0.0,52.0,20.0,0.0,248.0,2028.1699447631838
PIGEON,0.0,0.0,0.0,0.0,0.0,0.0,0.0,0.0,5.0,0.0,6.0,0.0,4.0,1.0,8.0,2.0,0.0,0.0,0.0,0.0,0.0,6.0,8.0,10.0,5.0,3.0,0.0,0.0,0.0,0.0,0.0,0.0,0.0,0.0,0.0,0.0,0.0,0.0,0.0,0.0,58.0,2018.4000244140625
WHEAT GERM MIRACLE,0.0,0.0,0.0,0.0,0.0,0.0,0.0,0.0,0.0,0.0,0.0,2.0,3.0,1.0,0.0,0.0,0.0,0.0,0.0,0.0,1.0,2.0,2.0,1.0,0.0,1.0,4.0,1.0,1.0,2.0,2.0,8.0,2.0,0.0,0.0,0.0,0.0,1.0,5.0,2.0,41.0,2015.9416198730469
BEDOUIN LAMB BEIT KALAWI ( CHEMICAL FREE ),0.0,0.0,0.0,0.0,0.0,0.0,0.0,0.0,0.0,0.0,0.0,0.0,0.0,0.0,0.0,0.0,0.0,0.0,0.0,0.0,0.0,0.0,0.0,0.0,0.0,0.0,0.0,0.0,0.0,1.0,5.0,7.0,0.0,0.0,0.0,0.0,0.0,1.0,19.0,0.0,33.0,2003.5
QUINOA ( WHITE ) - ORGANIC 454G,0.0,0.0,0.0,0.0,0.0,0.0,0.0,0.0,0.0,0.0,0.0,0.0,0.0,0.0,0.0,0.0,0.0,0.0,0.0,0.0,0.0,0.0,0.0,0.0,0.0,0.0,0.0,0.0,0.0,0.0,0.0,0.0,0.0,0.0,0.0,0.0,0.0,6.0,9.0,6.0,21.0,1993.5
ITALIAN BASIL,0.0,0.0,0.0,8.0,3.0,18.0,8.0,7.0,1.0,18.0,4.0,0.0,0.0,0.0,0.0,2.0,9.0,13.0,9.0,14.0,5.0,9.0,8.0,4.0,10.0,12.0,29.0,15.0,34.0,24.0,23.0,22.0,14.0,1.0,0.0,0.0,0.0,0.0,0.0,0.0,324.0,1992.5797271728518
DRIED BLUEBERRIES 250G,0.0,0.0,0.0,0.0,0.0,0.0,0.0,0.0,0.0,0.0,0.0,0.0,0.0,0.0,0.0,0.0,0.0,0.0,0.0,0.0,0.0,0.0,0.0,0.0,0.0,0.0,0.0,0.0,0.0,0.0,0.0,0.0,0.0,0.0,0.0,0.0,0.0,23.0,5.0,3.0,31.0,1961.5999755859373
SPINACH,0.0,0.0,0.0,2.0,0.0,0.0,1.0,6.0,4.0,25.0,33.0,39.0,27.0,43.0,13.0,0.0,0.0,0.0,0.0,2.0,33.0,31.0,28.0,16.0,12.0,7.0,0.0,0.0,0.0,0.0,0.0,0.0,0.0,0.0,0.0,0.0,0.0,0.0,0.0,0.0,322.0,1955.0500030517576
EL KATAMEYA / FIFTH SETTLEMENT,0.0,0.0,0.0,0.0,0.0,0.0,0.0,0.0,0.0,4.0,7.0,13.0,10.0,11.0,7.0,6.0,2.0,4.0,8.0,9.0,9.0,13.0,12.0,9.0,6.0,0.0,0.0,0.0,0.0,0.0,0.0,0.0,0.0,0.0,0.0,0.0,0.0,0.0,0.0,0.0,130.0,1950.0
MUESLI WITH GOJI BERRIES AND CRANBERRIES ( GLUTEN FREE ),0.0,0.0,0.0,0.0,0.0,0.0,0.0,0.0,0.0,0.0,0.0,0.0,0.0,0.0,0.0,0.0,0.0,0.0,0.0,0.0,0.0,0.0,0.0,0.0,0.0,7.0,4.0,1.0,1.0,13.0,5.0,0.0,0.0,0.0,0.0,0.0,0.0,0.0,0.0,0.0,31.0,1933.0
BROCCOLI,0.0,0.0,0.0,0.0,2.0,0.0,0.0,0.0,0.0,8.0,13.0,26.0,18.0,25.0,6.0,0.0,0.0,0.0,0.0,0.0,0.0,0.0,0.0,0.0,24.0,30.0,48.0,15.0,4.0,0.0,0.0,0.0,5.0,1.0,0.0,0.0,0.0,0.0,0.0,0.0,225.0,1930.639986038208
CHOCOLATE CHIP COOKIE MIX ( GLUTEN FREE ),0.0,0.0,0.0,0.0,0.0,0.0,0.0,0.0,0.0,0.0,0.0,1.0,0.0,0.0,3.0,0.0,2.0,1.0,0.0,0.0,1.0,1.0,1.0,1.0,1.0,0.0,0.0,0.0,4.0,1.0,1.0,7.0,1.0,1.0,0.0,0.0,0.0,0.0,5.0,0.0,32.0,1912.199951171875
BLACKBERRIES ( FROZEN ),0.0,0.0,0.0,0.0,0.0,0.0,0.0,0.0,0.0,0.0,0.0,0.0,0.0,0.0,0.0,0.0,0.0,0.0,0.0,0.0,0.0,0.0,1.0,1.0,4.0,0.0,6.0,10.0,3.0,3.0,4.0,12.0,0.0,0.0,0.0,0.0,0.0,0.0,4.0,0.0,48.0,1908.0
BREADSTICKS ( GLUTEN FREE ),0.0,0.0,0.0,0.0,0.0,0.0,0.0,0.0,0.0,0.0,0.0,0.0,0.0,0.0,0.0,0.0,0.0,0.0,0.0,0.0,0.0,0.0,3.0,3.0,2.0,0.0,0.0,1.0,7.0,2.0,6.0,4.0,6.0,0.0,0.0,0.0,1.0,6.0,3.0,1.0,45.0,1907.0
GOLDEN FLAXSEEDS,0.0,5.0,0.0,2.0,2.0,0.0,3.0,6.0,1.0,1.0,2.0,2.0,1.0,4.0,2.0,1.0,0.0,0.0,0.0,0.0,2.0,0.0,0.0,0.0,0.0,0.0,0.0,0.0,0.0,1.0,3.0,4.0,2.0,0.0,0.0,0.0,0.0,0.0,0.0,0.0,44.0,1905.4900360107424
PINEAPPLE,0.0,0.0,0.0,0.0,0.0,0.0,0.0,0.0,0.0,1.0,0.0,0.0,0.0,2.0,7.0,6.0,2.0,7.0,6.0,0.0,3.0,5.0,4.0,1.0,4.0,9.0,0.0,0.0,0.0,0.0,0.0,0.0,0.0,0.0,0.0,0.0,0.0,0.0,0.0,0.0,57.0,1897.18994140625
POTATOES,0.0,0.0,0.0,0.0,0.0,0.0,0.0,0.0,4.0,18.0,26.0,29.0,22.0,18.0,18.0,19.0,15.0,17.0,11.0,11.0,19.0,13.0,18.0,16.0,21.0,17.0,0.0,0.0,0.0,2.0,0.0,0.0,0.0,4.0,0.0,0.0,0.0,0.0,0.0,0.0,318.0,1877.949951171875
OSSO BUCCO,0.0,0.0,0.0,0.0,0.0,0.0,0.0,0.0,1.0,4.0,1.0,1.0,4.0,3.0,2.0,1.0,0.0,2.0,0.0,1.0,0.0,1.0,0.0,2.0,0.0,1.0,0.0,0.0,0.0,0.0,0.0,0.0,0.0,0.0,0.0,0.0,0.0,0.0,0.0,0.0,24.0,1872.0
FRESH GINGER,0.0,0.0,0.0,5.0,1.0,11.0,11.0,6.0,1.0,18.0,7.0,6.0,7.0,10.0,10.0,3.0,4.0,9.0,8.0,8.0,7.0,15.0,1.0,0.0,15.0,3.0,0.0,0.0,0.0,0.0,0.0,0.0,0.0,0.0,0.0,0.0,0.0,0.0,0.0,0.0,166.0,1854.2799987792969
STRAWBERRIES,0.0,0.0,0.0,0.0,0.0,0.0,2.0,0.0,4.0,21.0,18.0,23.0,0.0,0.0,0.0,0.0,0.0,0.0,0.0,0.0,0.0,0.0,0.0,0.0,14.0,5.0,0.0,0.0,0.0,0.0,0.0,0.0,2.0,8.0,0.0,0.0,0.0,1.0,0.0,0.0,98.0,1839.5000095367432
COLORED FRENCH LETTUCE,0.0,0.0,0.0,11.0,10.0,10.0,18.0,19.0,4.0,17.0,20.0,19.0,8.0,17.0,21.0,2.0,7.0,7.0,7.0,7.0,3.0,5.0,5.0,6.0,4.0,5.0,0.0,0.0,0.0,0.0,0.0,0.0,0.0,0.0,0.0,0.0,0.0,0.0,0.0,0.0,232.0,1838.7300415039065
PEANUT BUTTER (HOME-MADE),0.0,0.0,0.0,0.0,0.0,0.0,0.0,0.0,0.0,0.0,0.0,0.0,0.0,0.0,0.0,0.0,0.0,0.0,0.0,0.0,0.0,0.0,0.0,0.0,0.0,0.0,1.0,3.0,7.0,23.0,14.0,3.0,1.0,0.0,0.0,0.0,0.0,0.0,0.0,0.0,52.0,1820.0
NATURAL NO FAT GRANOLA,0.0,0.0,0.0,0.0,0.0,0.0,0.0,0.0,0.0,6.0,5.0,4.0,1.0,1.0,2.0,4.0,0.0,1.0,6.0,4.0,3.0,0.0,0.0,1.0,0.0,0.0,0.0,0.0,0.0,0.0,0.0,0.0,0.0,0.0,0.0,0.0,0.0,0.0,0.0,0.0,38.0,1778.25
HONEY OAT GRANOLA,0.0,0.0,0.0,0.0,0.0,0.0,0.0,0.0,0.0,4.0,4.0,3.0,1.0,3.0,3.0,2.0,0.0,1.0,2.0,2.0,1.0,3.0,8.0,0.0,0.0,0.0,0.0,0.0,0.0,0.0,0.0,0.0,0.0,0.0,0.0,0.0,0.0,0.0,0.0,0.0,37.0,1763.0
CHICKEN THIGH,0.0,0.0,0.0,0.0,0.0,0.0,0.0,0.0,0.0,0.0,0.0,0.0,0.0,0.0,0.0,0.0,0.0,0.0,0.0,0.0,0.0,0.0,0.0,0.0,0.0,0.0,0.0,0.0,0.0,0.0,0.0,0.0,0.0,0.0,0.0,0.0,0.0,22.0,26.0,17.0,65.0,1745.550048828125
RAW PERUVIAN CACAO ( ORGANIC ),0.0,0.0,0.0,0.0,0.0,0.0,0.0,0.0,0.0,0.0,0.0,0.0,0.0,0.0,0.0,0.0,0.0,0.0,0.0,0.0,0.0,0.0,0.0,0.0,1.0,11.0,7.0,2.0,2.0,0.0,0.0,0.0,0.0,0.0,0.0,0.0,0.0,2.0,0.0,0.0,25.0,1700.0
GREEN BEANS,0.0,0.0,0.0,2.0,6.0,1.0,6.0,5.0,5.0,7.0,10.0,37.0,15.0,23.0,18.0,14.0,10.0,31.0,10.0,15.0,8.0,9.0,23.0,7.0,4.0,1.0,0.0,0.0,0.0,0.0,0.0,0.0,0.0,0.0,0.0,0.0,0.0,0.0,0.0,0.0,267.0,1686.549949645996
FUSILLI ( GLUTEN FREE ),0.0,0.0,0.0,0.0,0.0,0.0,0.0,0.0,0.0,0.0,0.0,0.0,0.0,0.0,0.0,0.0,0.0,0.0,0.0,0.0,0.0,1.0,1.0,5.0,10.0,1.0,4.0,1.0,6.0,7.0,4.0,1.0,6.0,1.0,0.0,0.0,0.0,4.0,17.0,0.0,69.0,1684.0
